Código del organismo;Nombre del organismo;Año informado;Trimestre informado;Item;Nº Mujeres;% Mujeres;Nº Hombres;% Hombres
PP006;Partido Movimiento Independiente Regionalista Agrario y Social (MIRAS);2016;Oct - Dic;N° Cargos Directivos en el Partido;0;0;0;0
PP006;Partido Movimiento Independiente Regionalista Agrario y Social (MIRAS);2016;Oct - Dic;N° Militantes con cargo por Elección Popular;4;33,0;8;66,0
PP006;Partido Movimiento Independiente Regionalista Agrario y Social (MIRAS);2016;Oct - Dic;N° Militantes como autoridades de Gobierno;0;0;0;0
PP007;Partido Comunista de Chile (PCCH);2019;Abr - Jun;Numero Cargos Directivos en el Partido;29;29;71;71
PP007;Partido Comunista de Chile (PCCH);2019;Abr - Jun;Numero Militantes con cargo por Eleccion Popular;23;26,1;65;73,9
PP007;Partido Comunista de Chile (PCCH);2019;Abr - Jun;Numero Militantes como autoridades de Gobierno;0;0;0;0
PP009;Partido Demócrata Cristiano (PDC);2019;Abr - Jun;N° Cargos Directivos en el Partido;446;43%;598;57%
PP009;Partido Demócrata Cristiano (PDC);2019;Abr - Jun;N° Militantes con cargo por Elección Popular;126;24,20%;394;75,80%
PP009;Partido Demócrata Cristiano (PDC);2019;Abr - Jun;N° Militantes como autoridades de Gobierno;0;0,00%;0;0,00%
PP010;Partido Ecologista Verde (PEV);2017;Ene - Mar;NÂ° Cargos Directivos en el Partido;20;41,1;31;58,90
PP010;Partido Ecologista Verde (PEV);2017;Ene - Mar;N° Militantes con cargo por Elección Popular;0;0,00;4;100,00
PP010;Partido Ecologista Verde (PEV);2017;Ene - Mar;N° Militantes como autoridades de Gobierno;0;0,00;0;0,00
PP010;Partido Ecologista Verde (PEV);2019;Ene-Mar;N° Cargos Directivos en el Partido;17;49;18;51
PP010;Partido Ecologista Verde (PEV);2019;Ene-Mar;N° Militantes con cargo por Elección Popular;0;0;6;100
PP010;Partido Ecologista Verde (PEV);2019;Ene-Mar;N° Militantes como autoridades de Gobierno;0;0;0;0
PP010;Partido Ecologista Verde (PEV);2018;Ene-Mar;N° Cargos Directivos en el Partido;18;42,85;24;57,15
PP010;Partido Ecologista Verde (PEV);2018;Ene-Mar;N° Militantes con cargo por Elección Popular;0;0,00;5;100,00
PP010;Partido Ecologista Verde (PEV);2018;Ene-Mar;N° Militantes como autoridades de Gobierno;0;0,00;0;0,00
PP010;Partido Ecologista Verde (PEV);2016;Octubre;NÂ° Cargos Directivos en el Partido;20;41,11%;31;58,89%
PP010;Partido Ecologista Verde (PEV);2016;Octubre;N° Militantes con cargo por Elección Popular;0;0,00%;4;100,00%
PP010;Partido Ecologista Verde (PEV);2016;Octubre;N° Militantes como autoridades de Gobierno;0;0,00%;0;0,00%
PP010;Partido Ecologista Verde (PEV);2018;Abr - Jun;N° Cargos Directivos en el Partido;18;42,85;24;57,15
PP010;Partido Ecologista Verde (PEV);2018;Abr - Jun;N° Militantes con cargo por Elección Popular;0;0,00;5;100,00
PP010;Partido Ecologista Verde (PEV);2018;Abr - Jun;N° Militantes como autoridades de Gobierno;0;0,00;0;0,00
PP010;Partido Ecologista Verde (PEV);2017;Abr - Jun;NÂ° Cargos Directivos en el Partido;12;41,37;17;58,63
PP010;Partido Ecologista Verde (PEV);2017;Abr - Jun;N° Militantes con cargo por Elección Popular;0;0,00;5;100,00
PP010;Partido Ecologista Verde (PEV);2017;Abr - Jun;N° Militantes como autoridades de Gobierno;0;0,00;0;0,00
PP010;Partido Ecologista Verde (PEV);2019;Abr - Jun;N° Cargos Directivos en el Partido;15;47;18;53
PP010;Partido Ecologista Verde (PEV);2019;Abr - Jun;N° Militantes con cargo por Elección Popular;0;0;6;100
PP010;Partido Ecologista Verde (PEV);2019;Abr - Jun;N° Militantes como autoridades de Gobierno;0;0;0;0
PP010;Partido Ecologista Verde (PEV);2017;Jul-Sep;N° Cargos Directivos en el Partido;18;42,85;24;57,15
PP010;Partido Ecologista Verde (PEV);2017;Jul-Sep;N° Militantes con cargo por Elección Popular;0;0,00;5;100,00
PP010;Partido Ecologista Verde (PEV);2017;Jul-Sep;N° Militantes como autoridades de Gobierno;0;0,00;0;0,00
PP010;Partido Ecologista Verde (PEV);2018;Jul - Sep;N° Cargos Directivos en el Partido;3;33,33;6;66,67
PP010;Partido Ecologista Verde (PEV);2018;Jul - Sep;N° Militantes con cargo por Elección Popular;0;0;6;100
PP010;Partido Ecologista Verde (PEV);2018;Jul - Sep;N° Militantes como autoridades de Gobierno;0;0;0;0
PP010;Partido Ecologista Verde (PEV);2018;Oct - Dic;N° Cargos Directivos en el Partido;16;50,00;16;50,00
PP010;Partido Ecologista Verde (PEV);2018;Oct - Dic;N° Militantes con cargo por Elección Popular;0;0,00;6;100,00
PP010;Partido Ecologista Verde (PEV);2018;Oct - Dic;N° Militantes como autoridades de Gobierno;0;0,00;0;0,00
PP010;Partido Ecologista Verde (PEV);2017;Oct - Dic;N° Cargos Directivos en el Partido;18;42,85;24;57,15
PP010;Partido Ecologista Verde (PEV);2017;Oct - Dic;N° Militantes con cargo por Elección Popular;0;0,00;5;100,00
PP010;Partido Ecologista Verde (PEV);2017;Oct - Dic;N° Militantes como autoridades de Gobierno;0;0,00;0;0,00
PP011;Partido Evolución Política (Evópoli);2018;ene-mar;Total Militantes;9828;47,32;11063;52,68
PP011;Partido Evolución Política (Evópoli);2018;ene-mar;18 a 19 años;882;9,11;795;7,28
PP011;Partido Evolución Política (Evópoli);2018;ene-mar;20 a 24 años;1285;12,15;1396;11,78
PP011;Partido Evolución Política (Evópoli);2018;ene-mar;25 a 29 años;1223;12,21;1523;13,63
PP011;Partido Evolución Política (Evópoli);2018;ene-mar;30 a 34 años;845;8,73;1246;11,42
PP011;Partido Evolución Política (Evópoli);2018;ene-mar;35 a 39 años;1029;10,63;1255;11,5
PP011;Partido Evolución Política (Evópoli);2018;ene-mar;40 a 44 años;1195;12,35;1166;10,68
PP011;Partido Evolución Política (Evópoli);2018;ene-mar;45 a 49 años;1072;11,08;688;6,27
PP011;Partido Evolución Política (Evópoli);2018;ene-mar;50 a 54 años;832;8,6;665;6,09
PP011;Partido Evolución Política (Evópoli);2018;ene-mar;55 a 59 años;436;4,51;613;5,62
PP011;Partido Evolución Política (Evópoli);2018;ene-mar;60 a 64 años;356;3,68;620;5,68
PP011;Partido Evolución Política (Evópoli);2018;ene-mar;65 a 69 años;238;2,46;528;4,84
PP011;Partido Evolución Política (Evópoli);2018;ene-mar;70 a 74 años;250;2,58;320;2,93
PP011;Partido Evolución Política (Evópoli);2018;ene-mar;75 a 79 años;103;1,06;143;1,31
PP011;Partido Evolución Política (Evópoli);2018;ene-mar;80 a más años;82;0,85;105;0,96
PP011;Partido Evolución Política (Evópoli);2017;Ene - Mar;Total Militantes;9249;46,3;10145;53,7
PP011;Partido Evolución Política (Evópoli);2017;Ene - Mar;18 a 19 años;698;9,11;611;7,28
PP011;Partido Evolución Política (Evópoli);2017;Ene - Mar;20 a 24 años;1046;12,15;1056;11,78
PP011;Partido Evolución Política (Evópoli);2017;Ene - Mar;25 a 29 años;988;12,21;1259;13,63
PP011;Partido Evolución Política (Evópoli);2017;Ene - Mar;30 a 34 años;845;8,73;1246;11,42
PP011;Partido Evolución Política (Evópoli);2017;Ene - Mar;35 a 39 años;1029;10,63;1255;11,5
PP011;Partido Evolución Política (Evópoli);2017;Ene - Mar;40 a 44 años;1195;12,35;1166;10,68
PP011;Partido Evolución Política (Evópoli);2017;Ene - Mar;45 a 49 años;1072;11,08;684;6,27
PP011;Partido Evolución Política (Evópoli);2017;Ene - Mar;50 a 54 años;832;8,6;665;6,09
PP011;Partido Evolución Política (Evópoli);2017;Ene - Mar;55 a 59 años;436;4,51;613;5,62
PP011;Partido Evolución Política (Evópoli);2017;Ene - Mar;60 a 64 años;356;3,68;620;5,68
PP011;Partido Evolución Política (Evópoli);2017;Ene - Mar;65 a 69 años;238;2,46;528;4,84
PP011;Partido Evolución Política (Evópoli);2017;Ene - Mar;70 a 74 años;250;2,58;320;2,93
PP011;Partido Evolución Política (Evópoli);2017;Ene - Mar;75 a 79 años;103;1,06;143;1,31
PP011;Partido Evolución Política (Evópoli);2017;Ene - Mar;80 a más años;82;0,85;105;0,96
PP011;Partido Evolución Política (Evópoli);2016;Oct - Dic;N° Cargos Directivos en el Partido;65;41,0;92;59,0
PP011;Partido Evolución Política (Evópoli);2016;Oct - Dic;N° Militantes con cargo por Elección Popular;0;0;1;100,0
PP011;Partido Evolución Política (Evópoli);2016;Oct - Dic;N° Militantes como autoridades de Gobierno;0;0;0;0
PP011;Partido Evolución Política (Evópoli);2019;Ene - Mar;N° Cargos Directivos en el Partido;108;40%;164;60%
PP011;Partido Evolución Política (Evópoli);2019;Ene - Mar;N° Militantes con cargo por Elección Popular;12;32%;25;68%
PP011;Partido Evolución Política (Evópoli);2019;Ene - Mar;N° Militantes como autoridades de Gobierno;15;36%;27;64%
PP011;Partido Evolución Política (Evópoli);2018;Abr - Jun;N° Cargos Directivos en el Partido;108;40%;164;60%
PP011;Partido Evolución Política (Evópoli);2018;Abr - Jun;N° Militantes con cargo por Elección Popular;5;28%;13;72%
PP011;Partido Evolución Política (Evópoli);2018;Abr - Jun;N° Militantes como autoridades de Gobierno;6;35%;11;65%
PP011;Partido Evolución Política (Evópoli);2017;Abr - Jun;Total Militantes;9358;46,8;10285;53,2
PP011;Partido Evolución Política (Evópoli);2017;Abr - Jun;18 a 19 años;711;9,67;698;7,85
PP011;Partido Evolución Política (Evópoli);2017;Abr - Jun;20 a 24 años;1195;12,76;1196;11,98
PP011;Partido Evolución Política (Evópoli);2017;Abr - Jun;25 a 29 años;1042;12,91;1311;13,69
PP011;Partido Evolución Política (Evópoli);2017;Abr - Jun;30 a 34 años;875;9,01;1301;12,11
PP011;Partido Evolución Política (Evópoli);2017;Abr - Jun;35 a 39 años;1029;10,63;1255;11,5
PP011;Partido Evolución Política (Evópoli);2017;Abr - Jun;40 a 44 años;1195;12,35;1166;10,68
PP011;Partido Evolución Política (Evópoli);2017;Abr - Jun;45 a 49 años;1072;11,08;684;6,27
PP011;Partido Evolución Política (Evópoli);2017;Abr - Jun;50 a 54 años;832;8,6;665;6,09
PP011;Partido Evolución Política (Evópoli);2017;Abr - Jun;55 a 59 años;436;4,51;613;5,62
PP011;Partido Evolución Política (Evópoli);2017;Abr - Jun;60 a 64 años;356;3,68;620;5,68
PP011;Partido Evolución Política (Evópoli);2017;Abr - Jun;65 a 69 años;238;2,46;528;4,84
PP011;Partido Evolución Política (Evópoli);2017;Abr - Jun;70 a 74 años;250;2,58;320;2,93
PP011;Partido Evolución Política (Evópoli);2017;Abr - Jun;75 a 79 años;103;1,06;143;1,31
PP011;Partido Evolución Política (Evópoli);2017;Abr - Jun;80 a más años;82;0,85;105;0,96
PP011;Partido Evolución Política (Evópoli);2019;Abr-Jun;N° Cargos Directivos en el Partido;107;39,50%;164;35,70%
PP011;Partido Evolución Política (Evópoli);2019;Abr-Jun;N° Militantes con cargo por Elección Popular;11;30,60%;25;69,40%
PP011;Partido Evolución Política (Evópoli);2019;Abr-Jun;N° Militantes como autoridades de Gobierno;15;35,70%;27;64,20%
PP011;Partido Evolución Política (Evópoli);2018;Jul - Sep;N° Cargos Directivos en el Partido;108;40%;164;60%
PP011;Partido Evolución Política (Evópoli);2018;Jul - Sep;N° Militantes con cargo por Elección Popular;5;28%;13;72%
PP011;Partido Evolución Política (Evópoli);2018;Jul - Sep;N° Militantes como autoridades de Gobierno;6;35%;11;65%
PP011;Partido Evolución Política (Evópoli);2017;jul-sep;Total Militantes;9678;47,32;10913;52,68
PP011;Partido Evolución Política (Evópoli);2017;jul-sep;18 a 19 años;882;9,11;795;7,28
PP011;Partido Evolución Política (Evópoli);2017;jul-sep;20 a 24 años;1176;12,15;1286;11,78
PP011;Partido Evolución Política (Evópoli);2017;jul-sep;25 a 29 años;1182;12,21;1487;13,63
PP011;Partido Evolución Política (Evópoli);2017;jul-sep;30 a 34 años;845;8,73;1246;11,42
PP011;Partido Evolución Política (Evópoli);2017;jul-sep;35 a 39 años;1029;10,63;1255;11,5
PP011;Partido Evolución Política (Evópoli);2017;jul-sep;40 a 44 años;1195;12,35;1166;10,68
PP011;Partido Evolución Política (Evópoli);2017;jul-sep;45 a 49 años;1072;11,08;684;6,27
PP011;Partido Evolución Política (Evópoli);2017;jul-sep;50 a 54 años;832;8,6;665;6,09
PP011;Partido Evolución Política (Evópoli);2017;jul-sep;55 a 59 años;436;4,51;613;5,62
PP011;Partido Evolución Política (Evópoli);2017;jul-sep;60 a 64 años;356;3,68;620;5,68
PP011;Partido Evolución Política (Evópoli);2017;jul-sep;65 a 69 años;238;2,46;528;4,84
PP011;Partido Evolución Política (Evópoli);2017;jul-sep;70 a 74 años;250;2,58;320;2,93
PP011;Partido Evolución Política (Evópoli);2017;jul-sep;75 a 79 años;103;1,06;143;1,31
PP011;Partido Evolución Política (Evópoli);2017;jul-sep;80 a más años;82;0,85;105;0,96
PP011;Partido Evolución Política (Evópoli);2018;Oct - Dic;N° Cargos Directivos en el Partido;108;40%;164;60%
PP011;Partido Evolución Política (Evópoli);2018;Oct - Dic;N° Militantes con cargo por Elección Popular;12;32%;25;68%
PP011;Partido Evolución Política (Evópoli);2018;Oct - Dic;N° Militantes como autoridades de Gobierno;15;36%;27;64%
PP011;Partido Evolución Política (Evópoli);2017;oct-dic;Total Militantes;9828;47,32;11063;52,68
PP011;Partido Evolución Política (Evópoli);2017;oct-dic;18 a 19 años;882;9,11;795;7,28
PP011;Partido Evolución Política (Evópoli);2017;oct-dic;20 a 24 años;1285;12,15;1396;11,78
PP011;Partido Evolución Política (Evópoli);2017;oct-dic;25 a 29 años;1223;12,21;1523;13,63
PP011;Partido Evolución Política (Evópoli);2017;oct-dic;30 a 34 años;845;8,73;1246;11,42
PP011;Partido Evolución Política (Evópoli);2017;oct-dic;35 a 39 años;1029;10,63;1255;11,5
PP011;Partido Evolución Política (Evópoli);2017;oct-dic;40 a 44 años;1195;12,35;1166;10,68
PP011;Partido Evolución Política (Evópoli);2017;oct-dic;45 a 49 años;1072;11,08;688;6,27
PP011;Partido Evolución Política (Evópoli);2017;oct-dic;50 a 54 años;832;8,6;665;6,09
PP011;Partido Evolución Política (Evópoli);2017;oct-dic;55 a 59 años;436;4,51;613;5,62
PP011;Partido Evolución Política (Evópoli);2017;oct-dic;60 a 64 años;356;3,68;620;5,68
PP011;Partido Evolución Política (Evópoli);2017;oct-dic;65 a 69 años;238;2,46;528;4,84
PP011;Partido Evolución Política (Evópoli);2017;oct-dic;70 a 74 años;250;2,58;320;2,93
PP011;Partido Evolución Política (Evópoli);2017;oct-dic;75 a 79 años;103;1,06;143;1,31
PP011;Partido Evolución Política (Evópoli);2017;oct-dic;80 a más años;82;0,85;105;0,96
PP014;Partido Humanista (PH);2019;Ene - Mar;N° Cargos Directivos en el Partido;12;29,3;29;70,7
PP014;Partido Humanista (PH);2019;Ene - Mar;N° Militantes con cargo por Elección Popular;3;21,4;11;78,6
PP014;Partido Humanista (PH);2019;Ene - Mar;N° Militantes como autoridades de Gobierno;0;0;0;0
PP014;Partido Humanista (PH);2018;Ene - Mar;N° Cargos Directivos en el Partido;12;29,3;29;70,7
PP014;Partido Humanista (PH);2018;Ene - Mar;N° Militantes con cargo por Elección Popular;3;21,4;11;78,6
PP014;Partido Humanista (PH);2018;Ene - Mar;N° Militantes como autoridades de Gobierno;0;0;0;0
PP014;Partido Humanista (PH);2017;Jul - Sep;N° Cargos Directivos en el Partido;12;29,3;29;70,7
PP014;Partido Humanista (PH);2017;Jul - Sep;N° Militantes con cargo por Elección Popular;3;21,4;11;78,6
PP014;Partido Humanista (PH);2016;Jul - Sep;N° Militantes como autoridades de Gobierno;0;0;0;0
PP014;Partido Humanista (PH);2017;Oct - Dic;N° Cargos Directivos en el Partido;12;29,3;29;70,7
PP014;Partido Humanista (PH);2017;Oct - Dic;N° Militantes con cargo por Elección Popular;3;21,4;11;78,6
PP014;Partido Humanista (PH);2017;Oct - Dic;N° Militantes como autoridades de Gobierno;0;0;0;0
PP014;Partido Humanista (PH);2018;Abr - Jun;N° Cargos Directivos en el Partido;12;29,3;29;70,7
PP014;Partido Humanista (PH);2018;Abr - Jun;N° Militantes con cargo por Elección Popular;3;21,4;11;78,6
PP014;Partido Humanista (PH);2018;Abr - Jun;N° Militantes como autoridades de Gobierno;0;0;0;0
PP014;Partido Humanista (PH);2018;Abr - Jun;N° Cargos Directivos en el Partido;12;29,3;29;70,7
PP014;Partido Humanista (PH);2018;Abr - Jun;N° Militantes con cargo por Elección Popular;3;21,4;11;78,6
PP014;Partido Humanista (PH);2018;Abr - Jun;N° Militantes como autoridades de Gobierno;0;0;0;0
PP014;Partido Humanista (PH);2018;Oct - Dic;N° Cargos Directivos en el Partido;12;29,3;29;70,7
PP014;Partido Humanista (PH);2018;Oct - Dic;N° Militantes con cargo por Elección Popular;3;21,4;11;78,6
PP014;Partido Humanista (PH);2018;Oct - Dic;N° Militantes como autoridades de Gobierno;0;0;0;0
PP019;Partido Por la Democracia (PPD);2016;Oct - Dic;Mesa directiva;3;27;8;73
PP019;Partido Por la Democracia (PPD);2016;Oct - Dic;Comision Politica;9;25;27;75
PP019;Partido Por la Democracia (PPD);2016;Oct - Dic;Directivas Regionales;51;40;75;60
PP019;Partido Por la Democracia (PPD);2016;Oct - Dic;Directivas Provinciales/Distritales;52;44;65;56
PP019;Partido Por la Democracia (PPD);2016;Oct - Dic;Directivas Comunales;398;45;478;55
PP019;Partido Por la Democracia (PPD);2016;Oct - Dic;Consejeros Nacionales;175;32;370;68
PP019;Partido Por la Democracia (PPD);2016;Oct - Dic;Directiva Nacional;44;34;86;66
PP019;Partido Por la Democracia (PPD);2016;Oct - Dic;Militantes que ocupan cargos directivos al interior del PPD;732;40;1.109;60
PP019;Partido Por la Democracia (PPD);2016;Oct - Dic;Alcaldes;5;13;33;87
PP019;Partido Por la Democracia (PPD);2016;Oct - Dic;Concejales;59;29;146;71
PP019;Partido Por la Democracia (PPD);2016;Oct - Dic;Cores;5;17;24;83
PP019;Partido Por la Democracia (PPD);2016;Oct - Dic;Diputados;2;14;12;86
PP019;Partido Por la Democracia (PPD);2016;Oct - Dic;Senadores;1;17;5;83
PP019;Partido Por la Democracia (PPD);2016;Oct - Dic;Ministros;2;33;4;67
PP019;Partido Por la Democracia (PPD);2016;Oct - Dic;Subsecretarios;2;33;4;67
PP019;Partido Por la Democracia (PPD);2016;Oct - Dic;gobernadores;5;45;6;55
PP019;Partido Por la Democracia (PPD);2016;Oct - Dic;Embajadores;2;22;7;78
PP019;Partido Por la Democracia (PPD);2017;Oct - Dic;Mesa directiva;3;27;8;73
PP019;Partido Por la Democracia (PPD);2017;Oct - Dic;Comision Politica;10;27;27;73
PP019;Partido Por la Democracia (PPD);2017;Oct - Dic;Directivas Regionales;51;40;75;60
PP019;Partido Por la Democracia (PPD);2017;Oct - Dic;Directivas Provinciales/Distritales;52;44;65;56
PP019;Partido Por la Democracia (PPD);2017;Oct - Dic;Directivas Comunales;398;45;478;55
PP019;Partido Por la Democracia (PPD);2017;Oct - Dic;Consejeros Nacionales;175;32;370;68
PP019;Partido Por la Democracia (PPD);2017;Oct - Dic;Directiva Nacional;44;34;86;66
PP019;Partido Por la Democracia (PPD);2017;Oct - Dic;Militantes que ocupan cargos directivos al interior del PPD;732;40;1.109;60
PP019;Partido Por la Democracia (PPD);2017;Oct - Dic;Alcaldes;2;6;29;94
PP019;Partido Por la Democracia (PPD);2017;Oct - Dic;Concejales;45;27;122;73
PP019;Partido Por la Democracia (PPD);2017;Oct - Dic;Cores;5;17;24;83
PP019;Partido Por la Democracia (PPD);2017;Oct - Dic;Diputados;2;14;12;86
PP019;Partido Por la Democracia (PPD);2017;Oct - Dic;Senadores;1;17;5;83
PP019;Partido Por la Democracia (PPD);2017;Oct - Dic;Ministros;2;33;4;67
PP019;Partido Por la Democracia (PPD);2017;Oct - Dic;Subsecretarios;2;33;4;67
PP019;Partido Por la Democracia (PPD);2017;Oct - Dic;gobernadores;5;45;6;55
PP019;Partido Por la Democracia (PPD);2017;Oct - Dic;Embajadores;2;22;7;78
PP019;Partido Por la Democracia (PPD);2018;Oc - Dic;Mesa directiva;4;30;7;70
PP019;Partido Por la Democracia (PPD);2018;Oc - Dic;Comision Politica;17;40;20;60
PP019;Partido Por la Democracia (PPD);2018;Oc - Dic;Directivas Regionales;159;44;69;56
PP019;Partido Por la Democracia (PPD);2018;Oc - Dic;Directivas Provinciales/Distritales;36;45;50;55
PP019;Partido Por la Democracia (PPD);2018;Oc - Dic;Directivas Comunales;255;44;231;56
PP019;Partido Por la Democracia (PPD);2018;Oc - Dic;Consejeros Nacionales;40;32;57;68
PP019;Partido Por la Democracia (PPD);2018;Oc - Dic;Directiva Nacional;42;42;58;58
PP019;Partido Por la Democracia (PPD);2018;Oc - Dic;Militantes que ocupan cargos directivos al interior del PPD;553;0;492;59
PP019;Partido Por la Democracia (PPD);2018;Oc - Dic;Alcaldes;2;6;25;94
PP019;Partido Por la Democracia (PPD);2018;Oc - Dic;Concejales;49;27;138;73
PP019;Partido Por la Democracia (PPD);2018;Oc - Dic;Cores;5;23;17;77
PP019;Partido Por la Democracia (PPD);2018;Oc - Dic;Diputados;4;57;3;43
PP019;Partido Por la Democracia (PPD);2018;Oc - Dic;Senadores;1;20;4;80
PP019;Partido Por la Democracia (PPD);2018;Oc - Dic;Ministros;0;0;0;0
PP019;Partido Por la Democracia (PPD);2018;Oc - Dic;Subsecretarios;0;0;0;0
PP019;Partido Por la Democracia (PPD);2018;Oc - Dic;gobernadores;0;0;0;0
PP019;Partido Por la Democracia (PPD);2018;Oc - Dic;Embajadores;0;0;0;0
PP019;Partido Por la Democracia (PPD);2019;Abr - Jun;Mesa directiva;4;30;7;70
PP019;Partido Por la Democracia (PPD);2019;Abr - Jun;Comision Politica;17;40;20;60
PP019;Partido Por la Democracia (PPD);2019;Abr - Jun;Directivas Regionales;159;44;69;56
PP019;Partido Por la Democracia (PPD);2019;Abr - Jun;Directivas Provinciales/Distritales;36;45;50;55
PP019;Partido Por la Democracia (PPD);2019;Abr - Jun;Directivas Comunales;255;44;231;56
PP019;Partido Por la Democracia (PPD);2019;Abr - Jun;Consejeros Nacionales;40;32;57;68
PP019;Partido Por la Democracia (PPD);2019;Abr - Jun;Directiva Nacional;42;43;55;57
PP019;Partido Por la Democracia (PPD);2019;Abr - Jun;Militantes que ocupan cargos directivos al interior del PPD;553;0;492;59
PP019;Partido Por la Democracia (PPD);2019;Abr - Jun;Alcaldes;2;6;30;94
PP019;Partido Por la Democracia (PPD);2019;Abr - Jun;Concejales;53;26;148;74
PP019;Partido Por la Democracia (PPD);2019;Abr - Jun;Cores;5;23;17;77
PP019;Partido Por la Democracia (PPD);2019;Abr - Jun;Diputados;4;57;3;43
PP019;Partido Por la Democracia (PPD);2019;Abr - Jun;Senadores;2;29;5;71
PP019;Partido Por la Democracia (PPD);2019;Abr - Jun;Ministros;0;0;0;0
PP019;Partido Por la Democracia (PPD);2019;Abr - Jun;Subsecretarios;0;0;0;0
PP019;Partido Por la Democracia (PPD);2019;Abr - Jun;gobernadores;0;0;0;0
PP019;Partido Por la Democracia (PPD);2019;Abr - Jun;Embajadores;0;0;0;0
PP021;Partido Progresista (PRO);2018;Ene - Mar;Cargos Directivos en el Partido;29;27;79;73
PP021;Partido Progresista (PRO);2018;Ene - Mar;Militantes con cargo por Elecci½n Popular;13;35;24;65
PP021;Partido Progresista (PRO);2018;Ene - Mar;Militantes como autoridades de Gobierno;0;0;0;0
PP021;Partido Progresista (PRO);2016;Oct - Dic;N° Cargos Directivos en el Partido;34;27,0;92;73,0
PP021;Partido Progresista (PRO);2016;Oct - Dic;N° Militantes con cargo por Elección Popular;13;26,0;37;74,0
PP021;Partido Progresista (PRO);2016;Oct - Dic;N° Militantes como autoridades de Gobierno;0;0;0;0
PP021;Partido Progresista (PRO);2017;Ene - Mar;N° Cargos Directivos en el Partido;28;26;79;74
PP021;Partido Progresista (PRO);2017;Ene - Mar;N° Militantes con cargo por Elección Popular;12;33;24;67
PP021;Partido Progresista (PRO);2017;Ene - Mar;N° Militantes como autoridades de Gobierno;0;0;0;0
PP021;Partido Progresista (PRO);2018;Ene - Mar;Cargos Directivos en el Partido;29;27;79;73
PP021;Partido Progresista (PRO);2018;Ene - Mar;Militantes con cargo por Elecci½n Popular;13;35;24;65
PP021;Partido Progresista (PRO);2018;Ene - Mar;Militantes como autoridades de Gobierno;0;0;0;0
PP021;Partido Progresista (PRO);2017;Abr - Jun;N° Cargos Directivos en el Partido;28;26;79;74
PP021;Partido Progresista (PRO);2017;Abr - Jun;N° Militantes con cargo por Elección Popular;12;33;24;67
PP021;Partido Progresista (PRO);2017;Abr - Jun;N° Militantes como autoridades de Gobierno;0;0;0;0
PP021;Partido Progresista (PRO);2017;Jul-Sep;N° Cargos Directivos en el Partido;27;26;80;74
PP021;Partido Progresista (PRO);2017;Jul-Sep;N° Militantes con cargo por Elección Popular;12;33;24;67
PP021;Partido Progresista (PRO);2017;Jul-Sep;N° Militantes como autoridades de Gobierno;0;0;0;0
PP021;Partido Progresista (PRO);2017;Oct - Dic;N° Cargos Directivos en el Partido;27;26;80;74
PP021;Partido Progresista (PRO);2017;Oct - Dic;N° Militantes con cargo por Elección Popular;12;33;24;67
PP021;Partido Progresista (PRO);2017;Oct - Dic;N° Militantes como autoridades de Gobierno;0;0;0;0
PP022;Partido Radical de Chile;2018;Ene - Mar;N° Militantes en Directiva Central;3;14,3;18;85,7
PP022;Partido Radical de Chile;2018;Ene - Mar;N° Militantes en Consejos Regionales;52;28,4;131;71,6
PP022;Partido Radical de Chile;2018;Ene - Mar;N° Militantes en Asambleas Comunales;94;36,9;161;63,1
PP022;Partido Radical de Chile;2018;Ene - Mar;N° Militantes en Tribunales;2;28,6;5;71,4
PP022;Partido Radical de Chile;2018;Ene - Mar;N° Militantes en Frentes Partidarios;7;15,9;37;84,1
PP022;Partido Radical de Chile;2018;Ene - Mar;N° Cargos Directivos en el Partido;158;31;352;69
PP022;Partido Radical de Chile;2018;Ene - Mar;N° Militantes como Presidente(a) de la República;0;0;0;0
PP022;Partido Radical de Chile;2018;Ene - Mar;N° Militantes como Senador(a) de la República;0;0;0;0
PP022;Partido Radical de Chile;2018;Ene - Mar;N° Militantes como Diputado(a) de la República;1;16,7;5;83,3
PP022;Partido Radical de Chile;2018;Ene - Mar;N° Militantes como Consejeros(as) Regionales;0;0;7;100
PP022;Partido Radical de Chile;2018;Ene - Mar;N° Militantes como Alcalde(sa) comunal;0;0;11;100
PP022;Partido Radical de Chile;2018;Ene - Mar;N° Militantes como Concejal(a) comunal;20;19,6;82;80,4
PP022;Partido Radical de Chile;2018;Ene - Mar;Total Militantes con cargo por Elección Popular;21;16,6;105;83,3
PP022;Partido Radical de Chile;2018;Ene - Mar;N° Militantes como Ministro(a);0;0;0;0
PP022;Partido Radical de Chile;2018;Ene - Mar;N° Militantes como Subsecretario(a);0;0;0;0
PP022;Partido Radical de Chile;2018;Ene - Mar;N° Militantes como Jefe(a) Superior de Servicio;0;0;0;0
PP022;Partido Radical de Chile;2018;Ene - Mar;N° Militantes como Intendente(a);0;0;0;0
PP022;Partido Radical de Chile;2018;Ene - Mar;N° Militantes como Gobernador(a);0;0;0;0
PP022;Partido Radical de Chile;2018;Ene - Mar;N° Militantes como SEREMI;0;0;0;0
PP022;Partido Radical de Chile;2018;Ene - Mar;N° Militantes como Director(a) Regional de Servicio;0;0;0;0
PP022;Partido Radical de Chile;2018;Ene - Mar;N° Militantes como Embajador(a);0;0;0;0
PP022;Partido Radical de Chile;2018;Ene - Mar;Total° Militantes como autoridades de Gobierno;0;0;0;0
PP022;Partido Radical de Chile;2019;Abr-Jun;N° Militantes en Directiva Central;9;39,00%;14;61,00%
PP022;Partido Radical de Chile;2019;Abr-Jun;N° Militantes en Consejos Regionales;75;40%;114;60%
PP022;Partido Radical de Chile;2019;Abr-Jun;N° Militantes en Asambleas Comunales;0;0,00%;0;0,00%
PP022;Partido Radical de Chile;2019;Abr-Jun;N° Militantes en Tribunales;4;57,10%;3;42,90%
PP022;Partido Radical de Chile;2019;Abr-Jun;N° Militantes en Frentes Partidarios;0;0,00%;0;0,00%
PP022;Partido Radical de Chile;2019;Abr-Jun;N° Cargos Directivos en el Partido;0;0,00%;0;0,00%
PP022;Partido Radical de Chile;2019;Abr-Jun;N° Militantes como Presidente(a) de la República;0;0;0;0
PP022;Partido Radical de Chile;2019;Abr-Jun;N° Militantes como Senador(a) de la República;0;0;0;0
PP022;Partido Radical de Chile;2019;Abr-Jun;N° Militantes como Diputado(a) de la República;1;16,70%;5;83,30%
PP022;Partido Radical de Chile;2019;Abr-Jun;N° Militantes como Consejeros(as) Regionales;0;0;7;100%
PP022;Partido Radical de Chile;2019;Abr-Jun;N° Militantes como Alcalde(sa) comunal;0;0;9;100%
PP022;Partido Radical de Chile;2019;Abr-Jun;N° Militantes como Concejal(a) comunal;0;0,00%;0;0,00%
PP022;Partido Radical de Chile;2019;Abr-Jun;Total Militantes con cargo por Elección Popular;0;0,00%;0;0,00%
PP022;Partido Radical de Chile;2019;Abr-Jun;N° Militantes como Ministro(a);0;0;0;0
PP022;Partido Radical de Chile;2019;Abr-Jun;N° Militantes como Subsecretario(a);0;0;0;0
PP022;Partido Radical de Chile;2019;Abr-Jun;N° Militantes como Jefe(a) Superior de Servicio;0;0;0;0
PP022;Partido Radical de Chile;2019;Abr-Jun;N° Militantes como Intendente(a);0;0;0;0
PP022;Partido Radical de Chile;2019;Abr-Jun;N° Militantes como Gobernador(a);0;0;0;0
PP022;Partido Radical de Chile;2019;Abr-Jun;N° Militantes como SEREMI;0;0;0;0
PP022;Partido Radical de Chile;2019;Abr-Jun;N° Militantes como Director(a) Regional de Servicio;0;0;0;0
PP022;Partido Radical de Chile;2019;Abr-Jun;N° Militantes como Embajador(a);0;0;0;0
PP022;Partido Radical de Chile;2019;Abr-Jun;Total° Militantes como autoridades de Gobierno;0;0;0;0
PP022;Partido Radical de Chile;2017;Ene - Mar;N° Militantes en Directiva Central;3;14,3;18;85,7
PP022;Partido Radical de Chile;2017;Ene - Mar;N° Militantes en Consejos Regionales;52;28,4;131;71,6
PP022;Partido Radical de Chile;2017;Ene - Mar;N° Militantes en Asambleas Comunales;82;36;146;64
PP022;Partido Radical de Chile;2017;Ene - Mar;N° Militantes en Tribunales;2;33,3;4;66,7
PP022;Partido Radical de Chile;2017;Ene - Mar;N° Militantes en Frentes Partidarios;7;15,9;37;84,1
PP022;Partido Radical de Chile;2017;Ene - Mar;N° Cargos Directivos en el Partido;146;30,3;336;69,7
PP022;Partido Radical de Chile;2017;Ene - Mar;N° Militantes como Presidente(a) de la República;0;0;0;0
PP022;Partido Radical de Chile;2017;Ene - Mar;N° Militantes como Senador(a) de la República;0;0;0;0
PP022;Partido Radical de Chile;2017;Ene - Mar;N° Militantes como Diputado(a) de la República;1;16,7;5;83,3
PP022;Partido Radical de Chile;2017;Ene - Mar;N° Militantes como Consejeros(as) Regionales;2;11,8;15;88,2
PP022;Partido Radical de Chile;2017;Ene - Mar;N° Militantes como Alcalde(sa) comunal;0;0;11;100
PP022;Partido Radical de Chile;2017;Ene - Mar;N° Militantes como Concejal(a) comunal;20;19,6;82;80,4
PP022;Partido Radical de Chile;2017;Ene - Mar;Total Militantes con cargo por Elección Popular;23;16,9;113;83,1
PP022;Partido Radical de Chile;2017;Ene - Mar;N° Militantes como Ministro(a);1;33,3;2;66,7
PP022;Partido Radical de Chile;2017;Ene - Mar;N° Militantes como Subsecretario(a);0;0;1;100
PP022;Partido Radical de Chile;2017;Ene - Mar;N° Militantes como Jefe(a) Superior de Servicio;1;33,3;2;66,7
PP022;Partido Radical de Chile;2017;Ene - Mar;N° Militantes como Intendente(a);1;100;0;0
PP022;Partido Radical de Chile;2017;Ene - Mar;N° Militantes como Gobernador(a);0;0;3;100
PP022;Partido Radical de Chile;2017;Ene - Mar;N° Militantes como SEREMI;18;78,3;5;21,7
PP022;Partido Radical de Chile;2017;Ene - Mar;N° Militantes como Director(a) Regional de Servicio;23;60,5;15;39,5
PP022;Partido Radical de Chile;2017;Ene - Mar;N° Militantes como Embajador(a);0;0;1;100
PP022;Partido Radical de Chile;2017;Ene - Mar;Total° Militantes como autoridades de Gobierno;44;60,3;29;39,7
PP022;Partido Radical de Chile;2016;Oct - Dic;N° Militantes en Directiva Central;3;14,3;18;85,7
PP022;Partido Radical de Chile;2016;Oct - Dic;N° Militantes en Consejos Regionales;52;28,4;131;71,6
PP022;Partido Radical de Chile;2016;Oct - Dic;N° Militantes en Asambleas Comunales;82;36;146;64
PP022;Partido Radical de Chile;2016;Oct - Dic;N° Militantes en Tribunales;2;33,3;4;66,7
PP022;Partido Radical de Chile;2016;Oct - Dic;N° Militantes en Frentes Partidarios;7;15,9;37;84,1
PP022;Partido Radical de Chile;2016;Oct - Dic;N° Cargos Directivos en el Partido;146;30,3;336;69,7
PP022;Partido Radical de Chile;2016;Oct - Dic;N° Militantes como Presidente(a) de la República;0;0;0;0
PP022;Partido Radical de Chile;2016;Oct - Dic;N° Militantes como Senador(a) de la República;0;0;0;0
PP022;Partido Radical de Chile;2016;Oct - Dic;N° Militantes como Diputado(a) de la República;1;16,7;5;83,3
PP022;Partido Radical de Chile;2016;Oct - Dic;N° Militantes como Consejeros(as) Regionales;2;11,8;15;88,2
PP022;Partido Radical de Chile;2016;Oct - Dic;N° Militantes como Alcalde(sa) comunal;0;0;11;100
PP022;Partido Radical de Chile;2016;Oct - Dic;N° Militantes como Concejal(a) comunal;20;19,6;82;80,4
PP022;Partido Radical de Chile;2016;Oct - Dic;Total Militantes con cargo por Elección Popular;23;16,9;113;83,1
PP022;Partido Radical de Chile;2016;Oct - Dic;N° Militantes como Ministro(a);1;33,3;2;66,7
PP022;Partido Radical de Chile;2016;Oct - Dic;N° Militantes como Subsecretario(a);0;0;1;100
PP022;Partido Radical de Chile;2016;Oct - Dic;N° Militantes como Jefe(a) Superior de Servicio;1;33,3;2;66,7
PP022;Partido Radical de Chile;2016;Oct - Dic;N° Militantes como Intendente(a);1;100;0;0
PP022;Partido Radical de Chile;2016;Oct - Dic;N° Militantes como Gobernador(a);0;0;3;100
PP022;Partido Radical de Chile;2016;Oct - Dic;N° Militantes como SEREMI;18;78,3;5;21,7
PP022;Partido Radical de Chile;2016;Oct - Dic;N° Militantes como Director(a) Regional de Servicio;23;60,5;15;39,5
PP022;Partido Radical de Chile;2016;Oct - Dic;N° Militantes como Embajador(a);0;0;1;100
PP022;Partido Radical de Chile;2016;Oct - Dic;Total° Militantes como autoridades de Gobierno;44;60,3;29;39,7
PP022;Partido Radical de Chile;2019;Ene-Mar;N° Militantes en Directiva Central;8;36,40%;14;63,60%
PP022;Partido Radical de Chile;2019;Ene-Mar;N° Militantes en Consejos Regionales;78;42%;109;58%
PP022;Partido Radical de Chile;2019;Ene-Mar;N° Militantes en Asambleas Comunales;0;0,00%;0;0,00%
PP022;Partido Radical de Chile;2019;Ene-Mar;N° Militantes en Tribunales;4;57,10%;3;42,90%
PP022;Partido Radical de Chile;2019;Ene-Mar;N° Militantes en Frentes Partidarios;0;0,00%;0;0,00%
PP022;Partido Radical de Chile;2019;Ene-Mar;N° Cargos Directivos en el Partido;0;0,00%;0;0,00%
PP022;Partido Radical de Chile;2019;Ene-Mar;N° Militantes como Presidente(a) de la República;0;0;0;0
PP022;Partido Radical de Chile;2019;Ene-Mar;N° Militantes como Senador(a) de la República;0;0;0;0
PP022;Partido Radical de Chile;2019;Ene-Mar;N° Militantes como Diputado(a) de la República;1;16,70%;5;83,30%
PP022;Partido Radical de Chile;2019;Ene-Mar;N° Militantes como Consejeros(as) Regionales;0;0;7;100%
PP022;Partido Radical de Chile;2019;Ene-Mar;N° Militantes como Alcalde(sa) comunal;0;0;11;100%
PP022;Partido Radical de Chile;2019;Ene-Mar;N° Militantes como Concejal(a) comunal;0;0,00%;0;0,00%
PP022;Partido Radical de Chile;2019;Ene-Mar;Total Militantes con cargo por Elección Popular;0;0,00%;0;0,00%
PP022;Partido Radical de Chile;2019;Ene-Mar;N° Militantes como Ministro(a);0;0;0;0
PP022;Partido Radical de Chile;2019;Ene-Mar;N° Militantes como Subsecretario(a);0;0;0;0
PP022;Partido Radical de Chile;2019;Ene-Mar;N° Militantes como Jefe(a) Superior de Servicio;0;0;0;0
PP022;Partido Radical de Chile;2019;Ene-Mar;N° Militantes como Intendente(a);0;0;0;0
PP022;Partido Radical de Chile;2019;Ene-Mar;N° Militantes como Gobernador(a);0;0;0;0
PP022;Partido Radical de Chile;2019;Ene-Mar;N° Militantes como SEREMI;0;0;0;0
PP022;Partido Radical de Chile;2019;Ene-Mar;N° Militantes como Director(a) Regional de Servicio;0;0;0;0
PP022;Partido Radical de Chile;2019;Ene-Mar;N° Militantes como Embajador(a);0;0;0;0
PP022;Partido Radical de Chile;2019;Ene-Mar;Total° Militantes como autoridades de Gobierno;0;0;0;0
PP022;Partido Radical de Chile;2017;Abr - Jun;N° Militantes en Directiva Central;3;14,3;18;85,7
PP022;Partido Radical de Chile;2017;Abr - Jun;N° Militantes en Consejos Regionales;52;28,4;131;71,6
PP022;Partido Radical de Chile;2017;Abr - Jun;N° Militantes en Asambleas Comunales;82;36;146;64
PP022;Partido Radical de Chile;2017;Abr - Jun;N° Militantes en Tribunales;2;33,3;4;66,7
PP022;Partido Radical de Chile;2017;Abr - Jun;N° Militantes en Frentes Partidarios;7;15,9;37;84,1
PP022;Partido Radical de Chile;2017;Abr - Jun;N° Cargos Directivos en el Partido;146;30,3;336;69,7
PP022;Partido Radical de Chile;2017;Abr - Jun;N° Militantes como Presidente(a) de la República;0;0;0;0
PP022;Partido Radical de Chile;2017;Abr - Jun;N° Militantes como Senador(a) de la República;0;0;0;0
PP022;Partido Radical de Chile;2017;Abr - Jun;N° Militantes como Diputado(a) de la República;1;16,7;5;83,3
PP022;Partido Radical de Chile;2017;Abr - Jun;N° Militantes como Consejeros(as) Regionales;2;11,8;15;88,2
PP022;Partido Radical de Chile;2017;Abr - Jun;N° Militantes como Alcalde(sa) comunal;0;0;11;100
PP022;Partido Radical de Chile;2017;Abr - Jun;N° Militantes como Concejal(a) comunal;20;19,6;82;80,4
PP022;Partido Radical de Chile;2017;Abr - Jun;Total Militantes con cargo por Elección Popular;23;16,9;113;83,1
PP022;Partido Radical de Chile;2017;Abr - Jun;N° Militantes como Ministro(a);1;33,3;2;66,7
PP022;Partido Radical de Chile;2017;Abr - Jun;N° Militantes como Subsecretario(a);0;0;1;100
PP022;Partido Radical de Chile;2017;Abr - Jun;N° Militantes como Jefe(a) Superior de Servicio;1;33,3;2;66,7
PP022;Partido Radical de Chile;2017;Abr - Jun;N° Militantes como Intendente(a);1;100;0;0
PP022;Partido Radical de Chile;2017;Abr - Jun;N° Militantes como Gobernador(a);0;0;3;100
PP022;Partido Radical de Chile;2017;Abr - Jun;N° Militantes como SEREMI;18;78,3;5;21,7
PP022;Partido Radical de Chile;2017;Abr - Jun;N° Militantes como Director(a) Regional de Servicio;23;60,5;15;39,5
PP022;Partido Radical de Chile;2017;Abr - Jun;N° Militantes como Embajador(a);0;0;1;100
PP022;Partido Radical de Chile;2017;Abr - Jun;Total° Militantes como autoridades de Gobierno;44;60,3;29;39,7
PP022;Partido Radical de Chile;2017;Jul - Sep;N° Militantes en Directiva Central;3;14,3;18;85,7
PP022;Partido Radical de Chile;2017;Jul - Sep;N° Militantes en Consejos Regionales;52;28,4;131;71,6
PP022;Partido Radical de Chile;2017;Jul - Sep;N° Militantes en Asambleas Comunales;94;36,9;161;63,1
PP022;Partido Radical de Chile;2017;Jul - Sep;N° Militantes en Tribunales;2;28,6;5;71,4
PP022;Partido Radical de Chile;2017;Jul - Sep;N° Militantes en Frentes Partidarios;7;15,9;37;84,1
PP022;Partido Radical de Chile;2017;Jul - Sep;N° Cargos Directivos en el Partido;158;31;352;69
PP022;Partido Radical de Chile;2017;Jul - Sep;N° Militantes como Presidente(a) de la República;0;0;0;0
PP022;Partido Radical de Chile;2017;Jul - Sep;N° Militantes como Senador(a) de la República;0;0;0;0
PP022;Partido Radical de Chile;2017;Jul - Sep;N° Militantes como Diputado(a) de la República;1;16,7;5;83,3
PP022;Partido Radical de Chile;2017;Jul - Sep;N° Militantes como Consejeros(as) Regionales;2;13,3;13;86,7
PP022;Partido Radical de Chile;2017;Jul - Sep;N° Militantes como Alcalde(sa) comunal;0;0;11;100
PP022;Partido Radical de Chile;2017;Jul - Sep;N° Militantes como Concejal(a) comunal;20;19,6;82;80,4
PP022;Partido Radical de Chile;2017;Jul - Sep;Total Militantes con cargo por Elección Popular;23;16,9;113;83,1
PP022;Partido Radical de Chile;2017;Jul - Sep;N° Militantes como Ministro(a);1;33,3;2;66,7
PP022;Partido Radical de Chile;2017;Jul - Sep;N° Militantes como Subsecretario(a);0;0;1;100
PP022;Partido Radical de Chile;2017;Jul - Sep;N° Militantes como Jefe(a) Superior de Servicio;1;25;3;75
PP022;Partido Radical de Chile;2017;Jul - Sep;N° Militantes como Intendente(a);1;100;0;0
PP022;Partido Radical de Chile;2017;Jul - Sep;N° Militantes como Gobernador(a);0;0;3;100
PP022;Partido Radical de Chile;2017;Jul - Sep;N° Militantes como SEREMI;18;60;12;40
PP022;Partido Radical de Chile;2017;Jul - Sep;N° Militantes como Director(a) Regional de Servicio;24;63,2;14;36,8
PP022;Partido Radical de Chile;2017;Jul - Sep;N° Militantes como Embajador(a);0;0;1;100
PP022;Partido Radical de Chile;2017;Jul - Sep;Total° Militantes como autoridades de Gobierno;45;57,7;33;42,3
PP022;Partido Radical de Chile;2017;Oct - Dic;N° Militantes en Directiva Central;3;14,3;18;85,7
PP022;Partido Radical de Chile;2017;Oct - Dic;N° Militantes en Consejos Regionales;52;28,4;131;71,6
PP022;Partido Radical de Chile;2017;Oct - Dic;N° Militantes en Asambleas Comunales;94;36,9;161;63,1
PP022;Partido Radical de Chile;2017;Oct - Dic;N° Militantes en Tribunales;2;28,6;5;71,4
PP022;Partido Radical de Chile;2017;Oct - Dic;N° Militantes en Frentes Partidarios;7;15,9;37;84,1
PP022;Partido Radical de Chile;2017;Oct - Dic;N° Cargos Directivos en el Partido;158;31;352;69
PP022;Partido Radical de Chile;2017;Oct - Dic;N° Militantes como Presidente(a) de la República;0;0;0;0
PP022;Partido Radical de Chile;2017;Oct - Dic;N° Militantes como Senador(a) de la República;0;0;0;0
PP022;Partido Radical de Chile;2017;Oct - Dic;N° Militantes como Diputado(a) de la República;1;16,7;5;83,3
PP022;Partido Radical de Chile;2017;Oct - Dic;N° Militantes como Consejeros(as) Regionales;2;13,3;13;86,7
PP022;Partido Radical de Chile;2017;Oct - Dic;N° Militantes como Alcalde(sa) comunal;0;0;11;100
PP022;Partido Radical de Chile;2017;Oct - Dic;N° Militantes como Concejal(a) comunal;20;19,6;82;80,4
PP022;Partido Radical de Chile;2017;Oct - Dic;Total Militantes con cargo por Elección Popular;23;16,9;113;83,1
PP022;Partido Radical de Chile;2017;Oct - Dic;N° Militantes como Ministro(a);1;33,3;2;66,7
PP022;Partido Radical de Chile;2017;Oct - Dic;N° Militantes como Subsecretario(a);0;0;1;100
PP022;Partido Radical de Chile;2017;Oct - Dic;N° Militantes como Jefe(a) Superior de Servicio;1;25;3;75
PP022;Partido Radical de Chile;2017;Oct - Dic;N° Militantes como Intendente(a);1;100;0;0
PP022;Partido Radical de Chile;2017;Oct - Dic;N° Militantes como Gobernador(a);0;0;3;100
PP022;Partido Radical de Chile;2017;Oct - Dic;N° Militantes como SEREMI;18;60;12;40
PP022;Partido Radical de Chile;2017;Oct - Dic;N° Militantes como Director(a) Regional de Servicio;22;62,8;13;37,2
PP022;Partido Radical de Chile;2017;Oct - Dic;N° Militantes como Embajador(a);0;0;1;100
PP022;Partido Radical de Chile;2017;Oct - Dic;Total° Militantes como autoridades de Gobierno;45;57,7;33;42,3
PP022;Partido Radical de Chile;2018;Abr - Jun;N° Militantes en Directiva Central;3;14,3;18;85,7
PP022;Partido Radical de Chile;2018;Abr - Jun;N° Militantes en Consejos Regionales;52;28,4;131;71,6
PP022;Partido Radical de Chile;2018;Abr - Jun;N° Militantes en Asambleas Comunales;94;36,9;161;63,1
PP022;Partido Radical de Chile;2018;Abr - Jun;N° Militantes en Tribunales;4;57,1;3;42,9
PP022;Partido Radical de Chile;2018;Abr - Jun;N° Militantes en Frentes Partidarios;7;15,9;37;84,1
PP022;Partido Radical de Chile;2018;Abr - Jun;N° Cargos Directivos en el Partido;160;31;350;69
PP022;Partido Radical de Chile;2018;Abr - Jun;N° Militantes como Presidente(a) de la República;0;0;0;0
PP022;Partido Radical de Chile;2018;Abr - Jun;N° Militantes como Senador(a) de la República;0;0;0;0
PP022;Partido Radical de Chile;2018;Abr - Jun;N° Militantes como Diputado(a) de la República;1;16,7;5;83,3
PP022;Partido Radical de Chile;2018;Abr - Jun;N° Militantes como Consejeros(as) Regionales;0;0;7;100
PP022;Partido Radical de Chile;2018;Abr - Jun;N° Militantes como Alcalde(sa) comunal;0;0;11;100
PP022;Partido Radical de Chile;2018;Abr - Jun;N° Militantes como Concejal(a) comunal;20;19,6;82;80,4
PP022;Partido Radical de Chile;2018;Abr - Jun;Total Militantes con cargo por Elección Popular;21;16,6;105;83,3
PP022;Partido Radical de Chile;2018;Abr - Jun;N° Militantes como Ministro(a);0;0;0;0
PP022;Partido Radical de Chile;2018;Abr - Jun;N° Militantes como Subsecretario(a);0;0;0;0
PP022;Partido Radical de Chile;2018;Abr - Jun;N° Militantes como Jefe(a) Superior de Servicio;0;0;0;0
PP022;Partido Radical de Chile;2018;Abr - Jun;N° Militantes como Intendente(a);0;0;0;0
PP022;Partido Radical de Chile;2018;Abr - Jun;N° Militantes como Gobernador(a);0;0;0;0
PP022;Partido Radical de Chile;2018;Abr - Jun;N° Militantes como SEREMI;0;0;0;0
PP022;Partido Radical de Chile;2018;Abr - Jun;N° Militantes como Director(a) Regional de Servicio;0;0;0;0
PP022;Partido Radical de Chile;2018;Abr - Jun;N° Militantes como Embajador(a);0;0;0;0
PP022;Partido Radical de Chile;2018;Abr - Jun;Total° Militantes como autoridades de Gobierno;0;0;0;0
PP022;Partido Radical de Chile;2018;Jul-Sep;N° Militantes en Directiva Central;8;36,40%;14;63,60%
PP022;Partido Radical de Chile;2018;Jul-Sep;N° Militantes en Consejos Regionales;81;42%;112;58%
PP022;Partido Radical de Chile;2018;Jul-Sep;N° Militantes en Asambleas Comunales;94;36,90%;161;63,10%
PP022;Partido Radical de Chile;2018;Jul-Sep;N° Militantes en Tribunales;4;57,10%;3;42,90%
PP022;Partido Radical de Chile;2018;Jul-Sep;N° Militantes en Frentes Partidarios;6;13,60%;38;84,40%
PP022;Partido Radical de Chile;2018;Jul-Sep;N° Cargos Directivos en el Partido;160;31,40%;350;68,60%
PP022;Partido Radical de Chile;2018;Jul-Sep;N° Militantes como Presidente(a) de la República;0;0;0;0
PP022;Partido Radical de Chile;2018;Jul-Sep;N° Militantes como Senador(a) de la República;0;0;0;0
PP022;Partido Radical de Chile;2018;Jul-Sep;N° Militantes como Diputado(a) de la República;1;16,70%;5;83,30%
PP022;Partido Radical de Chile;2018;Jul-Sep;N° Militantes como Consejeros(as) Regionales;0;0;7;100%
PP022;Partido Radical de Chile;2018;Jul-Sep;N° Militantes como Alcalde(sa) comunal;0;0;11;100%
PP022;Partido Radical de Chile;2018;Jul-Sep;N° Militantes como Concejal(a) comunal;20;19,60%;82;80,40%
PP022;Partido Radical de Chile;2018;Jul-Sep;Total Militantes con cargo por Elección Popular;21;16,70%;105;83,30%
PP022;Partido Radical de Chile;2018;Jul-Sep;N° Militantes como Ministro(a);0;0;0;0
PP022;Partido Radical de Chile;2018;Jul-Sep;N° Militantes como Subsecretario(a);0;0;0;0
PP022;Partido Radical de Chile;2018;Jul-Sep;N° Militantes como Jefe(a) Superior de Servicio;0;0;0;0
PP022;Partido Radical de Chile;2018;Jul-Sep;N° Militantes como Intendente(a);0;0;0;0
PP022;Partido Radical de Chile;2018;Jul-Sep;N° Militantes como Gobernador(a);0;0;0;0
PP022;Partido Radical de Chile;2018;Jul-Sep;N° Militantes como SEREMI;0;0;0;0
PP022;Partido Radical de Chile;2018;Jul-Sep;N° Militantes como Director(a) Regional de Servicio;0;0;0;0
PP022;Partido Radical de Chile;2018;Jul-Sep;N° Militantes como Embajador(a);0;0;0;0
PP022;Partido Radical de Chile;2018;Jul-Sep;Total° Militantes como autoridades de Gobierno;0;0;0;0
PP022;Partido Radical de Chile;2018;Oct-Dic;N° Militantes en Directiva Central;8;36,40%;14;63,60%
PP022;Partido Radical de Chile;2018;Oct-Dic;N° Militantes en Consejos Regionales;78;42%;109;58%
PP022;Partido Radical de Chile;2018;Oct-Dic;N° Militantes en Asambleas Comunales;0;0,00%;0;0,00%
PP022;Partido Radical de Chile;2018;Oct-Dic;N° Militantes en Tribunales;4;57,10%;3;42,90%
PP022;Partido Radical de Chile;2018;Oct-Dic;N° Militantes en Frentes Partidarios;0;0,00%;0;0,00%
PP022;Partido Radical de Chile;2018;Oct-Dic;N° Cargos Directivos en el Partido;0;0,00%;0;0,00%
PP022;Partido Radical de Chile;2018;Oct-Dic;N° Militantes como Presidente(a) de la República;0;0;0;0
PP022;Partido Radical de Chile;2018;Oct-Dic;N° Militantes como Senador(a) de la República;0;0;0;0
PP022;Partido Radical de Chile;2018;Oct-Dic;N° Militantes como Diputado(a) de la República;1;16,70%;5;83,30%
PP022;Partido Radical de Chile;2018;Oct-Dic;N° Militantes como Consejeros(as) Regionales;0;0;7;100%
PP022;Partido Radical de Chile;2018;Oct-Dic;N° Militantes como Alcalde(sa) comunal;0;0;11;100%
PP022;Partido Radical de Chile;2018;Oct-Dic;N° Militantes como Concejal(a) comunal;0;0,00%;0;0,00%
PP022;Partido Radical de Chile;2018;Oct-Dic;Total Militantes con cargo por Elección Popular;0;0,00%;0;0,00%
PP022;Partido Radical de Chile;2018;Oct-Dic;N° Militantes como Ministro(a);0;0;0;0
PP022;Partido Radical de Chile;2018;Oct-Dic;N° Militantes como Subsecretario(a);0;0;0;0
PP022;Partido Radical de Chile;2018;Oct-Dic;N° Militantes como Jefe(a) Superior de Servicio;0;0;0;0
PP022;Partido Radical de Chile;2018;Oct-Dic;N° Militantes como Intendente(a);0;0;0;0
PP022;Partido Radical de Chile;2018;Oct-Dic;N° Militantes como Gobernador(a);0;0;0;0
PP022;Partido Radical de Chile;2018;Oct-Dic;N° Militantes como SEREMI;0;0;0;0
PP022;Partido Radical de Chile;2018;Oct-Dic;N° Militantes como Director(a) Regional de Servicio;0;0;0;0
PP022;Partido Radical de Chile;2018;Oct-Dic;N° Militantes como Embajador(a);0;0;0;0
PP022;Partido Radical de Chile;2018;Oct-Dic;Total° Militantes como autoridades de Gobierno;0;0;0;0
PP025;Partido Socialista de Chile PS;2019;abr - jun;Nro. Cargos Directivos en el Partido;55;50;55;50
PP025;Partido Socialista de Chile PS;2019;abr - jun;Nro. Militantes con cargo por Elección Popular;77;23,4;252;76,6
PP025;Partido Socialista de Chile PS;2019;abr - jun;Nro. Militantes como autoridades de Gobierno;0;0;0;0
PP025;Partido Socialista de Chile PS;2018;Jul - Sep;Nø Cargos Directivos en el Partido;14;52;13;48
PP025;Partido Socialista de Chile PS;2018;Jul - Sep;Nø Militantes con cargo por Elección Popular;77;23,4;252;76,6
PP025;Partido Socialista de Chile PS;2018;Jul - Sep;Nø Militantes como autoridades de Gobierno;0;0;0;0
PP025;Partido Socialista de Chile PS;2018;Ene - Mar;N° Cargos Directivos en el Partido;14;52;13;48
PP025;Partido Socialista de Chile PS;2018;Ene - Mar;N° Militantes con cargo por Elección Popular;77;23,4;252;76,6
PP025;Partido Socialista de Chile PS;2018;Ene - Mar;N° Militantes como autoridades de Gobierno;0;0;0;0
PP025;Partido Socialista de Chile PS;2016;Oct - Dic;N° Cargos Directivos en el Partido;15;51,7;14;48,3
PP025;Partido Socialista de Chile PS;2016;Oct - Dic;N° Militantes con cargo por Elección Popular;77;23,4;252;76,6
PP025;Partido Socialista de Chile PS;2016;Oct - Dic;N° Militantes como autoridades de Gobierno;22;26,5;61;73,5
PP026;Partido Unión Demócrata Independiente - UDI;2019;Ene - Mar;N° Cargos Directivos en el Partido;3;30%;7;70%
PP026;Partido Unión Demócrata Independiente - UDI;2019;Ene - Mar;N° Militantes con cargo por Elección Popular;100;22,12%;352;77,88%
PP026;Partido Unión Demócrata Independiente - UDI;2019;Ene - Mar;N° Militantes como autoridades de Gobierno;26;30,23%;60;69,77%
PP026;Partido Unión Demócrata Independiente - UDI;2018;Ene - Mar;N° Cargos Directivos en el Partido;3;30%;7;70%
PP026;Partido Unión Demócrata Independiente - UDI;2018;Ene - Mar;N° Militantes con cargo por Elección Popular;100;22,12%;352;77,88%
PP026;Partido Unión Demócrata Independiente - UDI;2018;Ene - Mar;N° Militantes como autoridades de Gobierno;26;30,23%;60;69,77%
PP026;Partido Unión Demócrata Independiente - UDI;2018;Abr - Jun;N° Cargos Directivos en el Partido;3;30%;7;70%
PP026;Partido Unión Demócrata Independiente - UDI;2018;Abr - Jun;N° Militantes con cargo por Elección Popular;100;22,12%;352;77,88%
PP026;Partido Unión Demócrata Independiente - UDI;2018;Abr - Jun;N° Militantes como autoridades de Gobierno;26;30,23%;60;69,77%
PP026;Partido Unión Demócrata Independiente - UDI;2019;Abr - Jun;N° Cargos Directivos en el Partido;3;30%;7;70%
PP026;Partido Unión Demócrata Independiente - UDI;2019;Abr - Jun;N° Militantes con cargo por Elección Popular;100;22,12%;352;77,88%
PP026;Partido Unión Demócrata Independiente - UDI;2019;Abr - Jun;N° Militantes como autoridades de Gobierno;26;30,23%;60;69,77%
PP026;Partido Unión Demócrata Independiente - UDI;2018;Oct - Dic;N° Cargos Directivos en el Partido;3;30%;7;70%
PP026;Partido Unión Demócrata Independiente - UDI;2018;Oct - Dic;N° Militantes con cargo por Elección Popular;100;22,12%;352;77,88%
PP026;Partido Unión Demócrata Independiente - UDI;2018;Oct - Dic;N° Militantes como autoridades de Gobierno;26;30,23%;60;69,77%
PP026;Partido Unión Demócrata Independiente - UDI;2018;Jul - Sep;N° Cargos Directivos en el Partido;3;30%;7;70%
PP026;Partido Unión Demócrata Independiente - UDI;2018;Jul - Sep;N° Militantes con cargo por Elección Popular;100;22,12%;352;77,88%
PP026;Partido Unión Demócrata Independiente - UDI;2018;Jul - Sep;N° Militantes como autoridades de Gobierno;26;30,23%;60;69,77%
PP026;Partido Unión Demócrata Independiente - UDI;2018;Oct - Dic;N° Cargos Directivos en el Partido;3;30%;7;70%
PP026;Partido Unión Demócrata Independiente - UDI;2018;Oct - Dic;N° Militantes con cargo por Elección Popular;100;22,12%;352;77,88%
PP026;Partido Unión Demócrata Independiente - UDI;2018;Oct - Dic;N° Militantes como autoridades de Gobierno;26;30,23%;60;69,77%
PP026;Partido Unión Demócrata Independiente - UDI;2018;Oct - Dic;N° Cargos Directivos en el Partido;3;30%;7;70%
PP026;Partido Unión Demócrata Independiente - UDI;2018;Oct - Dic;N° Militantes con cargo por Elección Popular;100;22,12%;352;77,88%
PP026;Partido Unión Demócrata Independiente - UDI;2018;Oct - Dic;N° Militantes como autoridades de Gobierno;26;30,23%;60;69,77%
PP027;Partido Poder Ciudadano;2018;Abr - Jun;Militantes;6374;51,72%;5950;48,28%
PP027;Partido Poder Ciudadano;2018;Abr - Jun;N° Cargos Directivos del Partido;22;40,74%;32;59,25%
PP027;Partido Poder Ciudadano;2018;Abr - Jun;Nº Militantes con cargo por Eleccion Popular;3;25,00%;9;75,00%
PP027;Partido Poder Ciudadano;2018;Abr - Jun;Nº Militantes como Autoridad de Gobierno;0;0;0;0
PP027;Partido Poder Ciudadano;2018;Ene - Mar;Militantes;6374;51,72%;5950;48,28%
PP027;Partido Poder Ciudadano;2018;Ene - Mar;N° Cargos Directivos del Partido;9;42,86%;12;57,14%
PP027;Partido Poder Ciudadano;2018;Ene - Mar;Nº Militantes con cargo por Eleccion Popular;3;25,00%;9;75,00%
PP027;Partido Poder Ciudadano;2018;Ene - Mar;Nº Militantes como Autoridad de Gobierno;0;0;0;0
PP027;Partido Poder Ciudadano;2017;Oct - Dic;Militantes;6293;50,885;6074;49,115
PP027;Partido Poder Ciudadano;2018;Ene - Mar;Nº Cargos Directivos en el partido;9;42,867;12;57,143
PP027;Partido Poder Ciudadano;2018;Ene - Mar;Nº Militantes con cargo por Eleccion Popular;3;25;9;75
PP027;Partido Poder Ciudadano;2018;Ene - Mar;Nº Militantes como Autoridad de Gobierno;0;0;0;0
PP027;Partido Poder Ciudadano;2018;Jul - Sep;Militantes;7.155;51,59%;6.710;48,40%
PP027;Partido Poder Ciudadano;2018;Jul - Sep;N° Cargos Directivos del Partido;10;45,45%;12;54,54%
PP027;Partido Poder Ciudadano;2018;Jul - Sep;Nº Militantes con cargo por Eleccion Popular;3;25,00%;9;75,00%
PP027;Partido Poder Ciudadano;2018;Jul - Sep;Nº Militantes como Autoridad de Gobierno;0;0;0;0
PP027;Partido Poder Ciudadano;2018;Jul - Sep;Militantes;7.155;51,59%;6.710;48,40%
PP027;Partido Poder Ciudadano;2018;Jul - Sep;N° Cargos Directivos del Partido;10;45,45%;12;54,54%
PP027;Partido Poder Ciudadano;2018;Jul - Sep;Nº Militantes con cargo por Eleccion Popular;3;25,00%;9;75,00%
PP027;Partido Poder Ciudadano;2018;Jul - Sep;Nº Militantes como Autoridad de Gobierno;0;0;0;0
PP027;Partido Poder Ciudadano;2018;Oct -Dic;Militantes;7.155;51,59%;6.710;48,40%
PP027;Partido Poder Ciudadano;2018;Oct -Dic;N° Cargos Directivos del Partido;10;45,45%;12;54,54%
PP027;Partido Poder Ciudadano;2018;Oct -Dic;Nº Militantes con cargo por Eleccion Popular;3;25,00%;9;75,00%
PP027;Partido Poder Ciudadano;2018;Oct -Dic;Nº Militantes como Autoridad de Gobierno;0;0;0;0
PP027;Partido Poder Ciudadano;2019;Ene - Mar;Militantes;7.155;51,59%;6.710;48,40%
PP027;Partido Poder Ciudadano;2019;Ene - Mar;N° Cargos Directivos del Partido;10;45,45%;12;54,54%
PP027;Partido Poder Ciudadano;2019;Ene - Mar;Nº Militantes con cargo por Eleccion Popular;3;25,00%;9;75,00%
PP027;Partido Poder Ciudadano;2019;Ene - Mar;Nº Militantes como Autoridad de Gobierno;0;0;0;0
PP027;Partido Poder Ciudadano;2019;Abr - Jun;Militantes;7.217;51,90%;6.687;48,09%
PP027;Partido Poder Ciudadano;2019;Abr - Jun;Numero Cargos Directivos del Partido;21;52,50%;19;47,50%
PP027;Partido Poder Ciudadano;2019;Abr - Jun;Numero Militantes con cargo por Eleccion Popular;5;50,00%;5;50,00%
PP027;Partido Poder Ciudadano;2019;Abr - Jun;Numero Militantes como Autoridad de Gobierno;0;0;0;0
PP028;Partido Renovación Nacional (RN);2016;Oct - Dic;N° Cargos Directivos en el Partido;552;0,4;889;0,6
PP028;Partido Renovación Nacional (RN);2016;Oct - Dic;N° Militantes con cargo por Elección Popular;123;0,2;450;0,8
PP028;Partido Renovación Nacional (RN);2016;Oct - Dic;N° Militantes como autoridades de Gobierno;0;0;0;0
PP028;Partido Renovación Nacional (RN);2018;Ene - Mar;N° Cargos Directivos en el Partido;552;38,3;889;61,7
PP028;Partido Renovación Nacional (RN);2018;Ene - Mar;N° Militantes con cargo por Elección Popular;138;22,69;470;77,31
PP028;Partido Renovación Nacional (RN);2018;Ene - Mar;N° Militantes como autoridades de Gobierno;45;31,5;98;68,5
PP028;Partido Renovación Nacional (RN);2019;Ene - Mar;N° Cargos Directivos en el Partido;676;40,7;987;59,3
PP028;Partido Renovación Nacional (RN);2019;Ene - Mar;N° Militantes con cargo por Elección Popular;128;21,9;454;78,1
PP028;Partido Renovación Nacional (RN);2019;Ene - Mar;N° Militantes como autoridades de Gobierno;45;31,5;98;68,5
PP028;Partido Renovación Nacional (RN);2017;Oct - Dic;N° Cargos Directivos en el Partido;552;0,4;889;0,6
PP028;Partido Renovación Nacional (RN);2017;Oct - Dic;N° Militantes con cargo por Elección Popular;123;0,2;450;0,8
PP028;Partido Renovación Nacional (RN);2017;Oct - Dic;N° Militantes como autoridades de Gobierno;0;0;0;0
PP028;Partido Renovación Nacional (RN);2018;Abr - Jun;N° Cargos Directivos en el Partido;556;38,7;881;61,3
PP028;Partido Renovación Nacional (RN);2018;Abr - Jun;N° Militantes con cargo por Elección Popular;140;22,95;470;77,05
PP028;Partido Renovación Nacional (RN);2018;Abr - Jun;N° Militantes como autoridades de Gobierno;45;31,5;98;68,5
PP028;Partido Renovación Nacional (RN);2019;Abr - Jun;N° Cargos Directivos en el Partido;677;40,7;986;59,3
PP028;Partido Renovación Nacional (RN);2019;Abr - Jun;N° Militantes con cargo por Elección Popular;128;21,9;454;78,1
PP028;Partido Renovación Nacional (RN);2019;Abr - Jun;N° Militantes como autoridades de Gobierno;45;31,5;98;68,5
PP028;Partido Renovación Nacional (RN);2018;Jul - Sep;N° Cargos Directivos en el Partido;558;38,9;876;61,1
PP028;Partido Renovación Nacional (RN);2018;Jul - Sep;N° Militantes con cargo por Elección Popular;140;22,95;470;77,05
PP028;Partido Renovación Nacional (RN);2018;Jul - Sep;N° Militantes como autoridades de Gobierno;45;31,5;98;68,5
PP028;Partido Renovación Nacional (RN);2018;Oct - Dic;N° Cargos Directivos en el Partido;672;40,5;988;59,5
PP028;Partido Renovación Nacional (RN);2018;Oct - Dic;N° Militantes con cargo por Elección Popular;128;21,9;454;78,1
PP028;Partido Renovación Nacional (RN);2018;Oct - Dic;N° Militantes como autoridades de Gobierno;45;31,5;98;68,5
PP029;Partido Revolución Democrática (RD);2016;Oct - Dic;N° Cargos Directivos en el Partido;20;37,0;34;63,0
PP029;Partido Revolución Democrática (RD);2016;Oct - Dic;N° Militantes con cargo por Elección Popular;0;0;1;1
PP029;Partido Revolución Democrática (RD);2016;Oct - Dic;N° Militantes como autoridades de Gobierno;0;0;0;0
PP029;Partido Revolución Democrática (RD);2016;Oct - Dic;N° Cargos Directivos en el Partido;20;37,0;34;63,0
PP029;Partido Revolución Democrática (RD);2016;Oct - Dic;N° Militantes con cargo por Elección Popular;0;0;1;1
PP029;Partido Revolución Democrática (RD);2016;Oct - Dic;N° Militantes como autoridades de Gobierno;0;0;0;0
PP029;Partido Revolución Democrática (RD);2017;Abr-Jun;N° Cargos Directivos en el Partido;6;55%;5;45%
PP029;Partido Revolución Democrática (RD);2017;Abr-Jun;N° Militantes con cargo por Elección Popular;3;43%;4;57%
PP029;Partido Revolución Democrática (RD);2017;Abr-Jun;N° Militantes como autoridades de Gobierno;0;0%;0;0%
PP029;Partido Revolución Democrática (RD);2017;Abr-Jun;N° Cargos Directivos en el Partido;6;55%;5;45%
PP029;Partido Revolución Democrática (RD);2017;Abr-Jun;N° Militantes con cargo por Elección Popular;3;43%;4;57%
PP029;Partido Revolución Democrática (RD);2017;Abr-Jun;N° Militantes como autoridades de Gobierno;0;0%;0;0%
PP029;Partido Revolución Democrática (RD);2017;Oct-Dic;N° Cargos Directivos en el Partido;6;55%;5;45%
PP029;Partido Revolución Democrática (RD);2017;Oct-Dic;N° Militantes con cargo por Elección Popular;3;43%;4;57%
PP029;Partido Revolución Democrática (RD);2017;Oct-Dic;N° Militantes como autoridades de Gobierno;0;0%;0;0%
PP029;Partido Revolución Democrática (RD);2018;Ene-Mar;N° Cargos Directivos en el Partido;10;50%;10;50%
PP029;Partido Revolución Democrática (RD);2018;Ene-Mar;N° Militantes con cargo por Elección Popular;12;48%;13;52%
PP029;Partido Revolución Democrática (RD);2018;Ene-Mar;N° Militantes como autoridades de Gobierno;0;0%;0;0%
PP029;Partido Revolución Democrática (RD);2018;Abr-Jun;N° Cargos Directivos en el Partido;9;38%;15;63%
PP029;Partido Revolución Democrática (RD);2018;Abr-Jun;N° Militantes con cargo por Elección Popular;12;46%;14;54%
PP029;Partido Revolución Democrática (RD);2018;Abr-Jun;N° Militantes como autoridades de Gobierno;0;0%;0;0%
PP029;Partido Revolución Democrática (RD);2018;Jul-Sep;N° Cargos Directivos en el Partido;9;35%;17;65%
PP029;Partido Revolución Democrática (RD);2018;Jul-Sep;N° Militantes con cargo por Elección Popular;11;44%;14;56%
PP029;Partido Revolución Democrática (RD);2018;Jul-Sep;N° Militantes como autoridades de Gobierno;0;0%;0;0%
PP029;Partido Revolución Democrática (RD);2018;Oct-Dic;N° Cargos Directivos en el Partido;8;31%;18;69%
PP029;Partido Revolución Democrática (RD);2018;Oct-Dic;N° Militantes con cargo por Elección Popular;11;44%;14;56%
PP029;Partido Revolución Democrática (RD);2018;Oct-Dic;N° Militantes como autoridades de Gobierno;0;0%;0;0%
PP029;Partido Revolución Democrática (RD);2019;Ene-Mar;N° Cargos Directivos en el Partido;11;44%;14;56%
PP029;Partido Revolución Democrática (RD);2019;Ene-Mar;N° Militantes con cargo por Elección Popular;11;46%;13;54%
PP029;Partido Revolución Democrática (RD);2019;Ene-Mar;N° Militantes como autoridades de Gobierno;0;0%;0;0%
PP029;Partido Revolución Democrática (RD);2019;Abr-Jun;N° Cargos Directivos en el Partido;54;41%;78;59%
PP029;Partido Revolución Democrática (RD);2019;Abr-Jun;N° Militantes con cargo por Elección Popular;10;43%;13;57%
PP029;Partido Revolución Democrática (RD);2019;Abr-Jun;N° Militantes como autoridades de Gobierno;0;0%;0;0%
PP030;Partido Ciudadanos;2019;Enero - Marzo;Nº Cargos Directivos en el Partido;16;36,36%;28;63,64%
PP030;Partido Ciudadanos;2019;Enero - Marzo;Nº Militantes con cargo por Elección Popular;0;0,00%;0;0,00%
PP030;Partido Ciudadanos;2019;Enero - Marzo;Nº Militantes como autoridades de Gobierno;0;0,00%;0;0,00%
PP030;Partido Ciudadanos;2019;Abril - Junio;Nº Cargos Directivos en el Partido;15;33,33%;30;66,67%
PP030;Partido Ciudadanos;2019;Abril - Junio;Nº Militantes con cargo por Elección Popular;0;0,00%;0;0,00%
PP030;Partido Ciudadanos;2019;Abril - Junio;Nº Militantes como autoridades de Gobierno;0;0,00%;0;0,00%
PP030;Partido Ciudadanos;2018;Abril - Junio;Nº Cargos Directivos en el Partido;3;21,43%;11;78,57%
PP030;Partido Ciudadanos;2018;Abril - Junio;Nº Militantes con cargo por Elección Popular;0;0,00%;0;0,00%
PP030;Partido Ciudadanos;2018;Abril - Junio;Nº Militantes como autoridades de Gobierno;0;0,00%;1;100,00%
PP030;Partido Ciudadanos;2018;Julio - Septiembre;Nº Cargos Directivos en el Partido;4;30,77%;9;69,23%
PP030;Partido Ciudadanos;2018;Julio - Septiembre;Nº Militantes con cargo por Elección Popular;0;0,00%;0;0,00%
PP030;Partido Ciudadanos;2018;Julio - Septiembre;Nº Militantes como autoridades de Gobierno;0;0,00%;0;0,00%
PP030;Partido Ciudadanos;2018;Octubre - Diciembre;Nº Cargos Directivos en el Partido;18;37,50%;30;62,50%
PP030;Partido Ciudadanos;2018;Octubre - Diciembre;Nº Militantes con cargo por Elección Popular;0;0,00%;0;0,00%
PP030;Partido Ciudadanos;2018;Octubre - Diciembre;Nº Militantes como autoridades de Gobierno;0;0,00%;0;0,00%
PP031;Partido Todos;2016;Oct - Dic;N° Cargos Directivos en el Partido;13;37;22;63
PP031;Partido Todos;2016;Oct - Dic;N° Militantes con cargo por Elección Popular;0;0;0;0
PP031;Partido Todos;2016;Oct - Dic;N° Militantes como autoridades de Gobierno;0;0;0;0
PP031;Partido Todos;2017;Oct - Dic;N° Cargos Directivos en el Partido;13;32,5;27;67,5
PP031;Partido Todos;2017;Oct - Dic;N° Militantes con cargo por Elección Popular;0;0;0;0
PP031;Partido Todos;2017;Oct - Dic;N° Militantes como autoridades de Gobierno;0;0;0;0
PP031;Partido Todos;2017;Jul - Sep;N° Cargos Directivos en el Partido;13;32,5;27;67,5
PP031;Partido Todos;2017;Jul - Sep;N° Militantes con cargo por Elección Popular;0;0;0;0
PP031;Partido Todos;2017;Jul - Sep;N° Militantes como autoridades de Gobierno;0;0;0;0
PP031;Partido Todos;2016;Jul - Sep;N° Cargos Directivos en el Partido;6;46;7;54
PP031;Partido Todos;2016;Jul - Sep;N° Militantes con cargo por Elección Popular;0;0;0;0
PP031;Partido Todos;2016;Jul - Sep;N° Militantes como autoridades de Gobierno;0;0;0;0
PP031;Partido Todos;2018;Abr - Jun;N° Cargos Directivos en el Partido;13;32,5;27;67,5
PP031;Partido Todos;2018;Ene - Mar;N° Militantes con cargo por Elección Popular;0;0;0;0
PP031;Partido Todos;2018;Ene - Mar;N° Militantes como autoridades de Gobierno;0;0;0;0
PP031;Partido Todos;2017;Abr - Jun;N° Cargos Directivos en el Partido;13;31,71;28;68,29
PP031;Partido Todos;2017;Abr - Jun;N° Militantes con cargo por Elección Popular;0;0;0;0
PP031;Partido Todos;2017;Abr - Jun;N° Militantes como autoridades de Gobierno;0;0;0;0
PP031;Partido Todos;2017;Ene - Mar;N° Cargos Directivos en el Partido;13;31,71;28;68,29
PP031;Partido Todos;2017;Ene - Mar;N° Militantes con cargo por Elección Popular;0;0;0;0
PP031;Partido Todos;2017;Ene - Mar;N° Militantes como autoridades de Gobierno;0;0;0;0
PP031;Partido Todos;2018;Ene - Mar;N° Cargos Directivos en el Partido;13;32,5;27;67,5
PP031;Partido Todos;2018;Ene - Mar;N° Militantes con cargo por Elección Popular;0;0;0;0
PP031;Partido Todos;2018;Ene - Mar;N° Militantes como autoridades de Gobierno;0;0;0;0
PP033;Partido Amplitud;2016;Oct - Dic;N° Cargos Directivos en el Partido;0;0;0;0
PP033;Partido Amplitud;2016;Oct - Dic;N° Militantes con cargo por Elección Popular;4;33;8;66
PP033;Partido Amplitud;2016;Oct - Dic;N° Militantes como autoridades de Gobierno;0;0;0;0
PP033;Partido Amplitud;2017;Jul - Sep;N° Cargos Directivos en el Partido;2;22%;7;78%
PP033;Partido Amplitud;2017;Jul - Sep;N° Militantes con cargo por Elección Popular;5;24%;16;76%
PP033;Partido Amplitud;2017;Jul - Sep;N° Militantes como autoridades de Gobierno;0;0;0;0
PP033;Partido Amplitud;2018;Ene - Mar;N° Cargos Directivos en el Partido;2;22%;7;78%
PP033;Partido Amplitud;2018;Ene - Mar;N° Militantes con cargo por Elección Popular;5;24%;16;76%
PP033;Partido Amplitud;2018;Ene - Mar;N° Militantes como autoridades de Gobierno;0;0;0;0
PP034;Partido Federación Regionalista Verde Social (FREVS);2019;Abr - Jun;N° Cargos Directivos en el Partido;1;0,03;4;0,12
PP034;Partido Federación Regionalista Verde Social (FREVS);2019;Abr - Jun;N° Militantes con cargo por Elección Popular;4;0,2;14;0,4
PP034;Partido Federación Regionalista Verde Social (FREVS);2019;Abr - Jun;N° Militantes como autoridades de Gobierno;0;0;0;0
PP034;Partido Federación Regionalista Verde Social (FREVS);2019;Ene - Mar;N° Cargos Directivos en el Partido;1;0,03;4;0,12
PP034;Partido Federación Regionalista Verde Social (FREVS);2019;Ene - Mar;N° Militantes con cargo por Elección Popular;4;0,2;14;0,4
PP034;Partido Federación Regionalista Verde Social (FREVS);2019;Ene - Mar;N° Militantes como autoridades de Gobierno;0;0;0;0
PP034;Partido Federación Regionalista Verde Social (FREVS);2018;Oct - Dic;N° Cargos Directivos en el Partido;1;0,03;4;0,12
PP034;Partido Federación Regionalista Verde Social (FREVS);2018;Oct - Dic;N° Militantes con cargo por Elección Popular;4;0,2;14;0,4
PP034;Partido Federación Regionalista Verde Social (FREVS);2018;Oct - Dic;N° Militantes como autoridades de Gobierno;0;0;0;0
PP034;Partido Federación Regionalista Verde Social (FREVS);2018;Jul - Sep;N° Cargos Directivos en el Partido;1;0,03;4;0,12
PP034;Partido Federación Regionalista Verde Social (FREVS);2018;Jul - Sep;N° Militantes con cargo por Elección Popular;4;0,2;14;0,4
PP034;Partido Federación Regionalista Verde Social (FREVS);2018;Jul - Sep;N° Militantes como autoridades de Gobierno;0;0;0;0
PP034;Partido Federación Regionalista Verde Social (FREVS);2018;Abr - Jun;N° Cargos Directivos en el Partido;1;0,03;4;0,12
PP034;Partido Federación Regionalista Verde Social (FREVS);2018;Abr - Jun;N° Militantes con cargo por Elección Popular;4;0,2;14;0,4
PP034;Partido Federación Regionalista Verde Social (FREVS);2018;Abr - Jun;N° Militantes como autoridades de Gobierno;0;0;0;0
PP034;Partido Federación Regionalista Verde Social (FREVS);2018;Ene - Mar;N° Cargos Directivos en el Partido;1;0,03;4;0,12
PP034;Partido Federación Regionalista Verde Social (FREVS);2018;Ene - Mar;N° Militantes con cargo por Elección Popular;4;0,2;14;0,4
PP034;Partido Federación Regionalista Verde Social (FREVS);2018;Ene - Mar;N° Militantes como autoridades de Gobierno;0;0;0;0
PP034;Partido Federación Regionalista Verde Social (FREVS);2017;Oct - Dic;N° Cargos Directivos en el Partido;1;0,03;4;0,12
PP034;Partido Federación Regionalista Verde Social (FREVS);2017;Oct - Dic;N° Militantes con cargo por Elección Popular;4;0,2;14;0,4
PP034;Partido Federación Regionalista Verde Social (FREVS);2017;Oct - Dic;N° Militantes como autoridades de Gobierno;0;0;0;0
PP034;Partido Federación Regionalista Verde Social (FREVS);2017;Jul - Sep;N° Cargos Directivos en el Partido;1;0,03;4;0,12
PP034;Partido Federación Regionalista Verde Social (FREVS);2017;Jul - Sep;N° Militantes con cargo por Elección Popular;4;0,2;14;0,4
PP034;Partido Federación Regionalista Verde Social (FREVS);2017;Jul - Sep;N° Militantes como autoridades de Gobierno;0;0;0;0
PP039;Partido Igualdad ](PI);2018;Ene - Mar;N° Cargos Directivos en el Partido;0;0;3;100
PP039;Partido Igualdad ](PI);2018;Ene - Mar;N° Militantes con cargo por Elección Popular;0;0;3;100
PP039;Partido Igualdad ](PI);2018;Ene - Mar;N° Militantes como autoridades de Gobierno;0;0;0;0
PP039;Partido Igualdad ](PI);2019;Ene - Mar;N° Cargos Directivos en el Partido;2;40;3;60
PP039;Partido Igualdad ](PI);2019;Ene - Mar;N° Militantes con cargo por Elección Popular;0;0;4;100
PP039;Partido Igualdad ](PI);2019;Ene - Mar;N° Militantes como autoridades de Gobierno;0;0;0;0
PP039;Partido Igualdad ](PI);2018;Abr - Jun;N Cargos Directivos en el Partido;0;0%;3;100%
PP039;Partido Igualdad ](PI);2018;Abr - Jun;N Militantes con cargo por Elección Popular;0;0%;3;100%
PP039;Partido Igualdad ](PI);2018;Abr - Jun;N Militantes como autoridades de Gobierno;0;0%;0;0%
PP039;Partido Igualdad ](PI);2019;Abr - Jun;N° Cargos Directivos en el Partido;2;40;3;60
PP039;Partido Igualdad ](PI);2019;Abr - Jun;N° Militantes con cargo por Elección Popular;0;0;4;100
PP039;Partido Igualdad ](PI);2019;Abr - Jun;N° Militantes como autoridades de Gobierno;0;0;0;0
PP039;Partido Igualdad ](PI);2018;Jul-Sep;N° Cargos Directivos en el Partido;2;40;3;60
PP039;Partido Igualdad ](PI);2018;Jul-Sep;N° Militantes con cargo por Elección Popular;0;0;4;100
PP039;Partido Igualdad ](PI);2018;Jul-Sep;N° Militantes como autoridades de Gobierno;0;0;0;0
PP039;Partido Igualdad ](PI);2018;Oct - Dic;N° Cargos Directivos en el Partido;2;40;3;60
PP039;Partido Igualdad ](PI);2018;Oct - Dic;N° Militantes con cargo por Elección Popular;0;0;4;100
PP039;Partido Igualdad ](PI);2018;Oct - Dic;N° Militantes como autoridades de Gobierno;0;0;0;0
PP046;Partido Pais;2017;Jul - Sep;N° Cargos Directivos en el Partido;5;38;8;62
PP046;Partido Pais;2017;Jul - Sep;N° Militantes con cargo por Elección Popular;0;0;1;100
PP046;Partido Pais;2017;Jul - Sep;N° Militantes como autoridades de Gobierno;0;0;0;0
PP046;Partido Pais;2017;Oct - Dic;N° Cargos Directivos en el Partido;5;38;8;62
PP046;Partido Pais;2017;Oct - Dic;N° Militantes con cargo por Elección Popular;0;0;1;100
PP046;Partido Pais;2017;Oct - Dic;N° Militantes como autoridades de Gobierno;0;0;0;0
PP046;Partido Pais;2018;Ene - Mar;N° Cargos Directivos en el Partido;6;46;7;54
PP046;Partido Pais;2018;Ene - Mar;N° Militantes con cargo por Elección Popular;0;0;1;100
PP046;Partido Pais;2018;Ene - Mar;N° Militantes como autoridades de Gobierno;0;0;0;0
PP046;Partido Pais;2018;Abr - Jun;N° Cargos Directivos en el Partido;6;46;7;54
PP046;Partido Pais;2018;Abr - Jun;N° Militantes con cargo por Elección Popular;0;0;1;100
PP046;Partido Pais;2018;Abr - Jun;N° Militantes como autoridades de Gobierno;0;0;0;0
PP047;Partido de Trabajadores Revolucionarios;2017;Oct - Dic;Ní Cargos Directivos en el Partido;12;50;12;50
PP047;Partido de Trabajadores Revolucionarios;2017;Oct - Dic;Ní Militantes con cargo por Eleccin Popular;0;0;0;0
PP047;Partido de Trabajadores Revolucionarios;2017;Oct - Dic;Ní Militantes como autoridades de Gobierno;0;0;0;0
PP047;Partido de Trabajadores Revolucionarios;2017;Jul - Sep;Ní Cargos Directivos en el Partido;12;50;12;50
PP047;Partido de Trabajadores Revolucionarios;2017;Jul - Sep;Ní Militantes con cargo por Eleccin Popular;0;0;0;0
PP047;Partido de Trabajadores Revolucionarios;2017;Jul - Sep;Ní Militantes como autoridades de Gobierno;0;0;0;0
PP049;Partido ANDHA Chile;2017;Oct - Dic;N° Cargos Directivos en el Partido;15;0;7;0
PP049;Partido ANDHA Chile;2017;Oct - Dic;N° Militantes con cargo por Elección Popular;0;0;0;0
PP049;Partido ANDHA Chile;2017;Oct - Dic;N° Militantes como autoridades de Gobierno;0;0;0;0
PP052;Partido Pais Progresista;2018;Oct - Dic;Cargos Directivos en el Partido;6;43;8;57
PP052;Partido Pais Progresista;2018;Oct - Dic;Militantes con cargo por Elección Popular;13;34;25;66
PP052;Partido Pais Progresista;2018;Oct - Dic;Militantes como autoridades de Gobierno;0;0;0;0
PP052;Partido Pais Progresista;2019;Abr - Jun;Cargos Directivos en el Partido;6;43;8;57
PP052;Partido Pais Progresista;2019;Abr - Jun;Militantes con cargo por Elección Popular;12;32;25;68
PP052;Partido Pais Progresista;2019;Abr - Jun;Militantes como autoridades de Gobierno;0;0;0;0
PP052;Partido Pais Progresista;2018;Jul - Sep;Cargos Directivos en el Partido;6;43;10;57
PP052;Partido Pais Progresista;2018;Jul - Sep;Militantes con cargo por Elección Popular;13;34;25;66
PP052;Partido Pais Progresista;2018;Jul - Sep;Militantes como autoridades de Gobierno;0;0;0;0
PP052;Partido Pais Progresista;2018;Abr - Jun;Cargos Directivos en el Partido;6;43;10;57
PP052;Partido Pais Progresista;2018;Abr - Jun;Militantes con cargo por Elección Popular;13;34;25;66
PP052;Partido Pais Progresista;2018;Abr - Jun;Militantes como autoridades de Gobierno;0;0;0;0
PP052;Partido Pais Progresista;2019;Ene - Mar;Cargos Directivos en el Partido;6;43;8;57
PP052;Partido Pais Progresista;2019;Ene - Mar;Militantes con cargo por Elección Popular;13;34;25;66
PP052;Partido Pais Progresista;2019;Ene - Mar;Militantes como autoridades de Gobierno;0;0;0;0
PP053;Partido Izquierda Anticapitalista de los Trabajadores (IAT);2018;Oct - Dic;N° Cargos Directivos en el Partido;1;33,3;2;66,6
PP053;Partido Izquierda Anticapitalista de los Trabajadores (IAT);2018;Oct - Dic;N° Militantes con cargo por Elección Popular;0;0;0;0
PP053;Partido Izquierda Anticapitalista de los Trabajadores (IAT);2018;Oct - Dic;N° Militantes como autoridades de Gobierno;0;0;0;0
PP053;Partido Izquierda Anticapitalista de los Trabajadores (IAT);2018;Jul - Sep;N° Cargos Directivos en el Partido;1;33,3;2;66,6
PP053;Partido Izquierda Anticapitalista de los Trabajadores (IAT);2018;Jul - Sep;N° Militantes con cargo por Elección Popular;0;0;0;0
PP053;Partido Izquierda Anticapitalista de los Trabajadores (IAT);2018;Jul - Sep;N° Militantes como autoridades de Gobierno;0;0;0;0
PP053;Partido Izquierda Anticapitalista de los Trabajadores (IAT);2019;Abr - Jun;N° Cargos Directivos en el Partido;1;33,3;2;66,6
PP053;Partido Izquierda Anticapitalista de los Trabajadores (IAT);2019;Abr - Jun;N° Militantes con cargo por Elección Popular;0;0;0;0
PP053;Partido Izquierda Anticapitalista de los Trabajadores (IAT);2019;Abr - Jun;N° Militantes como autoridades de Gobierno;0;0;0;0
PP053;Partido Izquierda Anticapitalista de los Trabajadores (IAT);2018;Abr - Jun;N° Cargos Directivos en el Partido;1;33,3;2;66,6
PP053;Partido Izquierda Anticapitalista de los Trabajadores (IAT);2018;Abr - Jun;N° Militantes con cargo por Elección Popular;0;0;0;0
PP053;Partido Izquierda Anticapitalista de los Trabajadores (IAT);2018;Abr - Jun;N° Militantes como autoridades de Gobierno;0;0;0;0
PP053;Partido Izquierda Anticapitalista de los Trabajadores (IAT);2019;Ene - Mar;N° Cargos Directivos en el Partido;1;33,3;2;66,6
PP053;Partido Izquierda Anticapitalista de los Trabajadores (IAT);2019;Ene - Mar;N° Militantes con cargo por Elección Popular;0;0;0;0
PP053;Partido Izquierda Anticapitalista de los Trabajadores (IAT);2019;Ene - Mar;N° Militantes como autoridades de Gobierno;0;0;0;0
