"codigoPasivo","pasivo","codigoOrganismo","organismo","cargo","codigoAudiencia"
"NR0030079809772-18","Rodrigo Vergara Montes","nr003","BANCO CENTRAL","Presidente Banco Central","nr003281"
"AB001443","Rodrigo Julián Peñailillo Briceño","ab001","SUBSECRETARÍA DEL INTERIOR","Ministro","ab0011331"
"AC001497","Heraldo Muñoz Valenzuela","ac001","SUBSECRETARÍA DE RELACIONES EXTERIORES","Ministro","ac0014611"
"AE00185","Alberto  Arenas de Mesa","ae001","SUBSECRETARÍA DE HACIENDA","Ministro","ae0014141"
"AE00185","Alberto  Arenas de Mesa","ae001","SUBSECRETARÍA DE HACIENDA","Ministro","ae0014161"
"AE00185","Alberto  Arenas de Mesa","ae001","SUBSECRETARÍA DE HACIENDA","Ministro","ae0011921"
"AE00185","Alberto  Arenas de Mesa","ae001","SUBSECRETARÍA DE HACIENDA","Ministro","ae0012431"
"AE00185","Alberto  Arenas de Mesa","ae001","SUBSECRETARÍA DE HACIENDA","Ministro","ae0014131"
"AE00185","Alberto  Arenas de Mesa","ae001","SUBSECRETARÍA DE HACIENDA","Ministro","ae0014341"
"AE00185","Alberto  Arenas de Mesa","ae001","SUBSECRETARÍA DE HACIENDA","Ministro","ae0014431"
"AF0011077","PATRICIA ELIZABETH MARTA  SILVA MELENDEZ","af001","SUBSECRETARÍA GENERAL DE LA PRESIDENCIA","Ministro","af0013001"
"AF0011077","PATRICIA ELIZABETH MARTA  SILVA MELENDEZ","af001","SUBSECRETARÍA GENERAL DE LA PRESIDENCIA","Ministro","af0012991"
"AF001219","Ximena Cecilia  Rincon Gonzalez","af001","SUBSECRETARÍA GENERAL DE LA PRESIDENCIA","Ministro","af0012461"
"AF001219","Ximena Cecilia  Rincon Gonzalez","af001","SUBSECRETARÍA GENERAL DE LA PRESIDENCIA","Ministro","af0012471"
"AF001219","Ximena Cecilia  Rincon Gonzalez","af001","SUBSECRETARÍA GENERAL DE LA PRESIDENCIA","Ministro","af0012481"
"AF001219","Ximena Cecilia  Rincon Gonzalez","af001","SUBSECRETARÍA GENERAL DE LA PRESIDENCIA","Ministro","af0012521"
"AF001219","Ximena Cecilia  Rincon Gonzalez","af001","SUBSECRETARÍA GENERAL DE LA PRESIDENCIA","Ministro","af0012501"
"AF001219","Ximena Cecilia  Rincon Gonzalez","af001","SUBSECRETARÍA GENERAL DE LA PRESIDENCIA","Ministro","af0012551"
"AF001219","Ximena Cecilia  Rincon Gonzalez","af001","SUBSECRETARÍA GENERAL DE LA PRESIDENCIA","Ministro","af0012561"
"AG00115","Álvaro Antonio Elizalde Soto","ag001","SUBSECRETARIA GENERAL DE GOBIERNO","Ministro","ag0013011"
"AG00115","Álvaro Antonio Elizalde Soto","ag001","SUBSECRETARIA GENERAL DE GOBIERNO","Ministro","ag0013921"
"AG00115","Álvaro Antonio Elizalde Soto","ag001","SUBSECRETARIA GENERAL DE GOBIERNO","Ministro","ag0013971"
"AG00115","Álvaro Antonio Elizalde Soto","ag001","SUBSECRETARIA GENERAL DE GOBIERNO","Ministro","ag0014621"
"AG00115","Álvaro Antonio Elizalde Soto","ag001","SUBSECRETARIA GENERAL DE GOBIERNO","Ministro","ag0016181"
"AH00178","Luis Felipe Céspedes Cifuentes","ah001","SUBSECRETARÍA DE ECONOMÍA","Ministro","ah0014821"
"AH00178","Luis Felipe Céspedes Cifuentes","ah001","SUBSECRETARÍA DE ECONOMÍA","Ministro","ah0011851"
"AH00178","Luis Felipe Céspedes Cifuentes","ah001","SUBSECRETARÍA DE ECONOMÍA","Ministro","ah0012361"
"AH00178","Luis Felipe Céspedes Cifuentes","ah001","SUBSECRETARÍA DE ECONOMÍA","Ministro","ah0012371"
"AH00178","Luis Felipe Céspedes Cifuentes","ah001","SUBSECRETARÍA DE ECONOMÍA","Ministro","ah0013261"
"AH00178","Luis Felipe Céspedes Cifuentes","ah001","SUBSECRETARÍA DE ECONOMÍA","Ministro","ah0013271"
"AH00178","Luis Felipe Céspedes Cifuentes","ah001","SUBSECRETARÍA DE ECONOMÍA","Ministro","ah0013291"
"AH00178","Luis Felipe Céspedes Cifuentes","ah001","SUBSECRETARÍA DE ECONOMÍA","Ministro","ah0014771"
"AH00178","Luis Felipe Céspedes Cifuentes","ah001","SUBSECRETARÍA DE ECONOMÍA","Ministro","ah0014781"
"AH00178","Luis Felipe Céspedes Cifuentes","ah001","SUBSECRETARÍA DE ECONOMÍA","Ministro","ah0014791"
"AH00178","Luis Felipe Céspedes Cifuentes","ah001","SUBSECRETARÍA DE ECONOMÍA","Ministro","ah0014811"
"AH00178","Luis Felipe Céspedes Cifuentes","ah001","SUBSECRETARÍA DE ECONOMÍA","Ministro","ah00158281"
"AH00178","Luis Felipe Céspedes Cifuentes","ah001","SUBSECRETARÍA DE ECONOMÍA","Ministro","ah0016991"
"AH00178","Luis Felipe Céspedes Cifuentes","ah001","SUBSECRETARÍA DE ECONOMÍA","Ministro","ah0011221"
"AK00144","José Antonio Gómez Urrutia","ak001","SUBSECRETARÍA DE JUSTICIA","Ministro","ak0012451"
"AK00144","José Antonio Gómez Urrutia","ak001","SUBSECRETARÍA DE JUSTICIA","Ministro","ak0012441"
"AK00144","José Antonio Gómez Urrutia","ak001","SUBSECRETARÍA DE JUSTICIA","Ministro","ak0013341"
"AK00144","José Antonio Gómez Urrutia","ak001","SUBSECRETARÍA DE JUSTICIA","Ministro","ak0013351"
"AK00144","José Antonio Gómez Urrutia","ak001","SUBSECRETARÍA DE JUSTICIA","Ministro","ak0013571"
"AK00144","José Antonio Gómez Urrutia","ak001","SUBSECRETARÍA DE JUSTICIA","Ministro","ak0013621"
"AK00144","José Antonio Gómez Urrutia","ak001","SUBSECRETARÍA DE JUSTICIA","Ministro","ak0013731"
"AK00144","José Antonio Gómez Urrutia","ak001","SUBSECRETARÍA DE JUSTICIA","Ministro","ak0013741"
"AK00144","José Antonio Gómez Urrutia","ak001","SUBSECRETARÍA DE JUSTICIA","Ministro","ak0014291"
"AK00144","José Antonio Gómez Urrutia","ak001","SUBSECRETARÍA DE JUSTICIA","Ministro","ak0014401"
"AK00144","José Antonio Gómez Urrutia","ak001","SUBSECRETARÍA DE JUSTICIA","Ministro","ak0014491"
"AK00144","José Antonio Gómez Urrutia","ak001","SUBSECRETARÍA DE JUSTICIA","Ministro","ak0014831"
"AM001197","Alberto Undurraga Vicuña","am001","SUBSECRETARÍA DE OBRAS PÚBLICAS","Ministro","am0012271"
"AM001197","Alberto Undurraga Vicuña","am001","SUBSECRETARÍA DE OBRAS PÚBLICAS","Ministro","am0012971"
"AM001197","Alberto Undurraga Vicuña","am001","SUBSECRETARÍA DE OBRAS PÚBLICAS","Ministro","am0013131"
"AM001197","Alberto Undurraga Vicuña","am001","SUBSECRETARÍA DE OBRAS PÚBLICAS","Ministro","am001211751"
"AM001197","Alberto Undurraga Vicuña","am001","SUBSECRETARÍA DE OBRAS PÚBLICAS","Ministro","am001211941"
"AM001197","Alberto Undurraga Vicuña","am001","SUBSECRETARÍA DE OBRAS PÚBLICAS","Ministro","am001211991"
"AM001197","Alberto Undurraga Vicuña","am001","SUBSECRETARÍA DE OBRAS PÚBLICAS","Ministro","am0012251"
"AM001197","Alberto Undurraga Vicuña","am001","SUBSECRETARÍA DE OBRAS PÚBLICAS","Ministro","am0012281"
"AM001197","Alberto Undurraga Vicuña","am001","SUBSECRETARÍA DE OBRAS PÚBLICAS","Ministro","am0013211"
"AM001197","Alberto Undurraga Vicuña","am001","SUBSECRETARÍA DE OBRAS PÚBLICAS","Ministro","am0014841"
"AM001197","Alberto Undurraga Vicuña","am001","SUBSECRETARÍA DE OBRAS PÚBLICAS","Ministro","am0014871"
"AM001197","Alberto Undurraga Vicuña","am001","SUBSECRETARÍA DE OBRAS PÚBLICAS","Ministro","am0014881"
"AN00170","Andrés Gómez - Lobo Echenique","an001","SUBSECRETARIA DE TRANSPORTES","Ministro","an0015741"
"AN00170","Andrés Gómez - Lobo Echenique","an001","SUBSECRETARIA DE TRANSPORTES","Ministro","an0011801"
"AN00170","Andrés Gómez - Lobo Echenique","an001","SUBSECRETARIA DE TRANSPORTES","Ministro","an0011811"
"AN00170","Andrés Gómez - Lobo Echenique","an001","SUBSECRETARIA DE TRANSPORTES","Ministro","an0011831"
"AN00170","Andrés Gómez - Lobo Echenique","an001","SUBSECRETARIA DE TRANSPORTES","Ministro","an0012721"
"AN00170","Andrés Gómez - Lobo Echenique","an001","SUBSECRETARIA DE TRANSPORTES","Ministro","an0012731"
"AN00170","Andrés Gómez - Lobo Echenique","an001","SUBSECRETARIA DE TRANSPORTES","Ministro","an0012751"
"AN00170","Andrés Gómez - Lobo Echenique","an001","SUBSECRETARIA DE TRANSPORTES","Ministro","an0012801"
"AN00170","Andrés Gómez - Lobo Echenique","an001","SUBSECRETARIA DE TRANSPORTES","Ministro","an0012811"
"AN00170","Andrés Gómez - Lobo Echenique","an001","SUBSECRETARIA DE TRANSPORTES","Ministro","an0012851"
"AN00170","Andrés Gómez - Lobo Echenique","an001","SUBSECRETARIA DE TRANSPORTES","Ministro","an0015671"
"AN00170","Andrés Gómez - Lobo Echenique","an001","SUBSECRETARIA DE TRANSPORTES","Ministro","an0015681"
"AN00170","Andrés Gómez - Lobo Echenique","an001","SUBSECRETARIA DE TRANSPORTES","Ministro","an0015691"
"AN00170","Andrés Gómez - Lobo Echenique","an001","SUBSECRETARIA DE TRANSPORTES","Ministro","an0015701"
"AN00170","Andrés Gómez - Lobo Echenique","an001","SUBSECRETARIA DE TRANSPORTES","Ministro","an0015731"
"AN00170","Andrés Gómez - Lobo Echenique","an001","SUBSECRETARIA DE TRANSPORTES","Ministro","an0015751"
"AN00170","Andrés Gómez - Lobo Echenique","an001","SUBSECRETARIA DE TRANSPORTES","Ministro","an0015761"
"AN00170","Andrés Gómez - Lobo Echenique","an001","SUBSECRETARIA DE TRANSPORTES","Ministro","an0011791"
"AN00170","Andrés Gómez - Lobo Echenique","an001","SUBSECRETARIA DE TRANSPORTES","Ministro","an0011821"
"AN00170","Andrés Gómez - Lobo Echenique","an001","SUBSECRETARIA DE TRANSPORTES","Ministro","an0012841"
"AN00170","Andrés Gómez - Lobo Echenique","an001","SUBSECRETARIA DE TRANSPORTES","Ministro","an0018811"
"AP001248","Paulina Saball Astaburuaga","ap001","SUBSECRETARIA DE VIVIENDA Y URBANISMO","Ministro","ap0012781"
"AP001248","Paulina Saball Astaburuaga","ap001","SUBSECRETARIA DE VIVIENDA Y URBANISMO","Ministro","ap0011521"
"AP001248","Paulina Saball Astaburuaga","ap001","SUBSECRETARIA DE VIVIENDA Y URBANISMO","Ministro","ap0014151"
"AP001248","Paulina Saball Astaburuaga","ap001","SUBSECRETARIA DE VIVIENDA Y URBANISMO","Ministro","ap0011391"
"AP001248","Paulina Saball Astaburuaga","ap001","SUBSECRETARIA DE VIVIENDA Y URBANISMO","Ministro","ap0011401"
"AP001248","Paulina Saball Astaburuaga","ap001","SUBSECRETARIA DE VIVIENDA Y URBANISMO","Ministro","ap0011531"
"AP001248","Paulina Saball Astaburuaga","ap001","SUBSECRETARIA DE VIVIENDA Y URBANISMO","Ministro","ap0011551"
"AP001248","Paulina Saball Astaburuaga","ap001","SUBSECRETARIA DE VIVIENDA Y URBANISMO","Ministro","ap0011751"
"AP001248","Paulina Saball Astaburuaga","ap001","SUBSECRETARIA DE VIVIENDA Y URBANISMO","Ministro","ap0011761"
"AP001248","Paulina Saball Astaburuaga","ap001","SUBSECRETARIA DE VIVIENDA Y URBANISMO","Ministro","ap0011771"
"AP001248","Paulina Saball Astaburuaga","ap001","SUBSECRETARIA DE VIVIENDA Y URBANISMO","Ministro","ap0011911"
"AP001248","Paulina Saball Astaburuaga","ap001","SUBSECRETARIA DE VIVIENDA Y URBANISMO","Ministro","ap0012631"
"AP001248","Paulina Saball Astaburuaga","ap001","SUBSECRETARIA DE VIVIENDA Y URBANISMO","Ministro","ap0012831"
"AP001248","Paulina Saball Astaburuaga","ap001","SUBSECRETARIA DE VIVIENDA Y URBANISMO","Ministro","ap0012981"
"AP001248","Paulina Saball Astaburuaga","ap001","SUBSECRETARIA DE VIVIENDA Y URBANISMO","Ministro","ap0013991"
"AP001248","Paulina Saball Astaburuaga","ap001","SUBSECRETARIA DE VIVIENDA Y URBANISMO","Ministro","ap0011561"
"AP001248","Paulina Saball Astaburuaga","ap001","SUBSECRETARIA DE VIVIENDA Y URBANISMO","Ministro","ap0011571"
"AP001248","Paulina Saball Astaburuaga","ap001","SUBSECRETARIA DE VIVIENDA Y URBANISMO","Ministro","ap0011981"
"AQ001683","Víctor Hugo Osorio Reyes","aq001","SUBSECRETARÍA DE BIENES NACIONALES","Ministro","aq0014951"
"AR001392","Carlos Guillermo Furche Guajardo","ar001","SUBSECRETARÍA DE AGRICULTURA","Ministro","ar0011533711"
"AR001392","Carlos Guillermo Furche Guajardo","ar001","SUBSECRETARÍA DE AGRICULTURA","Ministro","ar0011533731"
"AR001392","Carlos Guillermo Furche Guajardo","ar001","SUBSECRETARÍA DE AGRICULTURA","Ministro","ar0012051"
"AR001392","Carlos Guillermo Furche Guajardo","ar001","SUBSECRETARÍA DE AGRICULTURA","Ministro","ar0012061"
"AR001392","Carlos Guillermo Furche Guajardo","ar001","SUBSECRETARÍA DE AGRICULTURA","Ministro","ar0012101"
"AR001392","Carlos Guillermo Furche Guajardo","ar001","SUBSECRETARÍA DE AGRICULTURA","Ministro","ar0012111"
"AR001392","Carlos Guillermo Furche Guajardo","ar001","SUBSECRETARÍA DE AGRICULTURA","Ministro","ar0013301"
"AR001392","Carlos Guillermo Furche Guajardo","ar001","SUBSECRETARÍA DE AGRICULTURA","Ministro","ar0013551"
"AR001392","Carlos Guillermo Furche Guajardo","ar001","SUBSECRETARÍA DE AGRICULTURA","Ministro","ar0014921"
"AR001392","Carlos Guillermo Furche Guajardo","ar001","SUBSECRETARÍA DE AGRICULTURA","Ministro","ar001110881"
"AR001392","Carlos Guillermo Furche Guajardo","ar001","SUBSECRETARÍA DE AGRICULTURA","Ministro","ar0011533701"
"AR001392","Carlos Guillermo Furche Guajardo","ar001","SUBSECRETARÍA DE AGRICULTURA","Ministro","ar0011533721"
"AR001392","Carlos Guillermo Furche Guajardo","ar001","SUBSECRETARÍA DE AGRICULTURA","Ministro","ar0011991"
"AR001392","Carlos Guillermo Furche Guajardo","ar001","SUBSECRETARÍA DE AGRICULTURA","Ministro","ar0012091"
"AR001392","Carlos Guillermo Furche Guajardo","ar001","SUBSECRETARÍA DE AGRICULTURA","Ministro","ar0013241"
"AR001392","Carlos Guillermo Furche Guajardo","ar001","SUBSECRETARÍA DE AGRICULTURA","Ministro","ar0014941"
"AR001392","Carlos Guillermo Furche Guajardo","ar001","SUBSECRETARÍA DE AGRICULTURA","Ministro","ar0014991"
"AS001380","Aurora Elvira Williams Baussa","as001","SUBSECRETARÍA DE MINERÍA","Ministro","as0015041"
"AS001380","Aurora Elvira Williams Baussa","as001","SUBSECRETARÍA DE MINERÍA","Ministro","as0011931"
"AS001380","Aurora Elvira Williams Baussa","as001","SUBSECRETARÍA DE MINERÍA","Ministro","as0011941"
"AS001380","Aurora Elvira Williams Baussa","as001","SUBSECRETARÍA DE MINERÍA","Ministro","as0011951"
"AS001380","Aurora Elvira Williams Baussa","as001","SUBSECRETARÍA DE MINERÍA","Ministro","as0011961"
"AS001380","Aurora Elvira Williams Baussa","as001","SUBSECRETARÍA DE MINERÍA","Ministro","as0015021"
"AS001380","Aurora Elvira Williams Baussa","as001","SUBSECRETARÍA DE MINERÍA","Ministro","as0015031"
"AS001380","Aurora Elvira Williams Baussa","as001","SUBSECRETARÍA DE MINERÍA","Ministro","as0015051"
"AS001380","Aurora Elvira Williams Baussa","as001","SUBSECRETARÍA DE MINERÍA","Ministro","as0015061"
"AS001380","Aurora Elvira Williams Baussa","as001","SUBSECRETARÍA DE MINERÍA","Ministro","as0015581"
"AS001380","Aurora Elvira Williams Baussa","as001","SUBSECRETARÍA DE MINERÍA","Ministro","as0011971"
"AS001380","Aurora Elvira Williams Baussa","as001","SUBSECRETARÍA DE MINERÍA","Ministro","as001229611"
"AS001380","Aurora Elvira Williams Baussa","as001","SUBSECRETARÍA DE MINERÍA","Ministro","as0015011"
"AS001380","Aurora Elvira Williams Baussa","as001","SUBSECRETARÍA DE MINERÍA","Ministro","as0015071"
"AU002421","Maximo Jorge Pacheco Matte","au002","SUBSECRETARIA DE ENERGÍA","Ministro","au0021251"
"AU002421","Maximo Jorge Pacheco Matte","au002","SUBSECRETARIA DE ENERGÍA","Ministro","au0021901"
"AU002421","Maximo Jorge Pacheco Matte","au002","SUBSECRETARIA DE ENERGÍA","Ministro","au0021451"
"AU002421","Maximo Jorge Pacheco Matte","au002","SUBSECRETARIA DE ENERGÍA","Ministro","au0023911"
"AU002421","Maximo Jorge Pacheco Matte","au002","SUBSECRETARIA DE ENERGÍA","Ministro","au0023961"
"AU002421","Maximo Jorge Pacheco Matte","au002","SUBSECRETARIA DE ENERGÍA","Ministro","au0024181"
"AU002421","Maximo Jorge Pacheco Matte","au002","SUBSECRETARIA DE ENERGÍA","Ministro","au0024501"
"AU002421","Maximo Jorge Pacheco Matte","au002","SUBSECRETARIA DE ENERGÍA","Ministro","au0021271"
"AU002421","Maximo Jorge Pacheco Matte","au002","SUBSECRETARIA DE ENERGÍA","Ministro","au0021461"
"AU002421","Maximo Jorge Pacheco Matte","au002","SUBSECRETARIA DE ENERGÍA","Ministro","au0021691"
"AU002421","Maximo Jorge Pacheco Matte","au002","SUBSECRETARIA DE ENERGÍA","Ministro","au0021711"
"AU002421","Maximo Jorge Pacheco Matte","au002","SUBSECRETARIA DE ENERGÍA","Ministro","au0021721"
"AU002421","Maximo Jorge Pacheco Matte","au002","SUBSECRETARIA DE ENERGÍA","Ministro","au0022541"
"AU002421","Maximo Jorge Pacheco Matte","au002","SUBSECRETARIA DE ENERGÍA","Ministro","au0023101"
"AU002421","Maximo Jorge Pacheco Matte","au002","SUBSECRETARIA DE ENERGÍA","Ministro","au0023121"
"AU002421","Maximo Jorge Pacheco Matte","au002","SUBSECRETARIA DE ENERGÍA","Ministro","au0023561"
"AU002421","Maximo Jorge Pacheco Matte","au002","SUBSECRETARIA DE ENERGÍA","Ministro","au0023861"
"AU002421","Maximo Jorge Pacheco Matte","au002","SUBSECRETARIA DE ENERGÍA","Ministro","au0023871"
"AU002421","Maximo Jorge Pacheco Matte","au002","SUBSECRETARIA DE ENERGÍA","Ministro","au0023881"
"AU002421","Maximo Jorge Pacheco Matte","au002","SUBSECRETARIA DE ENERGÍA","Ministro","au0023891"
"AU002421","Maximo Jorge Pacheco Matte","au002","SUBSECRETARIA DE ENERGÍA","Ministro","au0023901"
"AU002421","Maximo Jorge Pacheco Matte","au002","SUBSECRETARIA DE ENERGÍA","Ministro","au0023931"
"AU002421","Maximo Jorge Pacheco Matte","au002","SUBSECRETARIA DE ENERGÍA","Ministro","au0023951"
"AU002421","Maximo Jorge Pacheco Matte","au002","SUBSECRETARIA DE ENERGÍA","Ministro","au0023981"
"AU002421","Maximo Jorge Pacheco Matte","au002","SUBSECRETARIA DE ENERGÍA","Ministro","au0024191"
"AU002421","Maximo Jorge Pacheco Matte","au002","SUBSECRETARIA DE ENERGÍA","Ministro","au0024441"
"AU002421","Maximo Jorge Pacheco Matte","au002","SUBSECRETARIA DE ENERGÍA","Ministro","au0024461"
"AU002421","Maximo Jorge Pacheco Matte","au002","SUBSECRETARIA DE ENERGÍA","Ministro","au0025001"
"AU002421","Maximo Jorge Pacheco Matte","au002","SUBSECRETARIA DE ENERGÍA","Ministro","au0021261"
"AU002421","Maximo Jorge Pacheco Matte","au002","SUBSECRETARIA DE ENERGÍA","Ministro","au0021471"
"AU002421","Maximo Jorge Pacheco Matte","au002","SUBSECRETARIA DE ENERGÍA","Ministro","au0021701"
"AU002421","Maximo Jorge Pacheco Matte","au002","SUBSECRETARIA DE ENERGÍA","Ministro","au0023111"
"AU002421","Maximo Jorge Pacheco Matte","au002","SUBSECRETARIA DE ENERGÍA","Ministro","au0023941"
"AU002421","Maximo Jorge Pacheco Matte","au002","SUBSECRETARIA DE ENERGÍA","Ministro","au0024451"
"AU002421","Maximo Jorge Pacheco Matte","au002","SUBSECRETARIA DE ENERGÍA","Ministro","au0024471"
"AU002421","Maximo Jorge Pacheco Matte","au002","SUBSECRETARIA DE ENERGÍA","Ministro","au0024511"
"AU002421","Maximo Jorge Pacheco Matte","au002","SUBSECRETARIA DE ENERGÍA","Ministro","au0025861"
"AV001793","Claudia Barattini Contreras","av001","CONSEJO NACIONAL DE LA CULTURA Y LAS ARTES (CNCA)","Ministro","av0014571"
"AV001793","Claudia Barattini Contreras","av001","CONSEJO NACIONAL DE LA CULTURA Y LAS ARTES (CNCA)","Ministro","av0014541"
"AV001793","Claudia Barattini Contreras","av001","CONSEJO NACIONAL DE LA CULTURA Y LAS ARTES (CNCA)","Ministro","av0014581"
"AV001793","Claudia Barattini Contreras","av001","CONSEJO NACIONAL DE LA CULTURA Y LAS ARTES (CNCA)","Ministro","av0014601"
"AV001793","Claudia Barattini Contreras","av001","CONSEJO NACIONAL DE LA CULTURA Y LAS ARTES (CNCA)","Ministro","av0014521"
"AV001793","Claudia Barattini Contreras","av001","CONSEJO NACIONAL DE LA CULTURA Y LAS ARTES (CNCA)","Ministro","av0014531"
"AV001793","Claudia Barattini Contreras","av001","CONSEJO NACIONAL DE LA CULTURA Y LAS ARTES (CNCA)","Ministro","av0014551"
"BA00171","Natalia Odette Riffo Alonso","ba001","SUBSECRETARIA DEL DEPORTE","Ministro","ba0012201"
"BA00171","Natalia Odette Riffo Alonso","ba001","SUBSECRETARIA DEL DEPORTE","Ministro","ba0012581"
"BA00171","Natalia Odette Riffo Alonso","ba001","SUBSECRETARIA DEL DEPORTE","Ministro","ba0012591"
"BA00171","Natalia Odette Riffo Alonso","ba001","SUBSECRETARIA DEL DEPORTE","Ministro","ba00128031"
"BA00171","Natalia Odette Riffo Alonso","ba001","SUBSECRETARIA DEL DEPORTE","Ministro","ba00128061"
"AD02260","Jorge Alfonso Burgos Varela","ad022","SUBSECRETARIA PARA LAS FUERZAS ARMADAS","Ministro","ad0221591"
"AD02260","Jorge Alfonso Burgos Varela","ad022","SUBSECRETARIA PARA LAS FUERZAS ARMADAS","Ministro","ad022921"
"AO001961","Carmen Castillo Taucher","ao001","SUBSECRETARÍA DE SALUD PÚBLICA ","Ministro","ao0013471"
"AO001961","Carmen Castillo Taucher","ao001","SUBSECRETARÍA DE SALUD PÚBLICA ","Ministro","ao0014701"
"AO001961","Carmen Castillo Taucher","ao001","SUBSECRETARÍA DE SALUD PÚBLICA ","Ministro","ao0013161"
"AO001961","Carmen Castillo Taucher","ao001","SUBSECRETARÍA DE SALUD PÚBLICA ","Ministro","ao0013171"
"AO001961","Carmen Castillo Taucher","ao001","SUBSECRETARÍA DE SALUD PÚBLICA ","Ministro","ao0013481"
"AO001961","Carmen Castillo Taucher","ao001","SUBSECRETARÍA DE SALUD PÚBLICA ","Ministro","ao0013491"
"AO001961","Carmen Castillo Taucher","ao001","SUBSECRETARÍA DE SALUD PÚBLICA ","Ministro","ao0014681"
"AO001961","Carmen Castillo Taucher","ao001","SUBSECRETARÍA DE SALUD PÚBLICA ","Ministro","ao0014691"
"AO001961","Carmen Castillo Taucher","ao001","SUBSECRETARÍA DE SALUD PÚBLICA ","Ministro","ao0014711"
"AO001961","Carmen Castillo Taucher","ao001","SUBSECRETARÍA DE SALUD PÚBLICA ","Ministro","ao0014891"
"AW002400","Pablo Esteban Badenier Martínez","aw002","SUBSECRETARÍA DEL MEDIO AMBIENTE","Ministro","aw0022241"
"AW002400","Pablo Esteban Badenier Martínez","aw002","SUBSECRETARÍA DEL MEDIO AMBIENTE","Ministro","aw0022291"
"AW002400","Pablo Esteban Badenier Martínez","aw002","SUBSECRETARÍA DEL MEDIO AMBIENTE","Ministro","aw0025311"
"AW002400","Pablo Esteban Badenier Martínez","aw002","SUBSECRETARÍA DEL MEDIO AMBIENTE","Ministro","aw0022081"
"AW002400","Pablo Esteban Badenier Martínez","aw002","SUBSECRETARÍA DEL MEDIO AMBIENTE","Ministro","aw0022261"
"AW002400","Pablo Esteban Badenier Martínez","aw002","SUBSECRETARÍA DEL MEDIO AMBIENTE","Ministro","aw0022301"
"AW002400","Pablo Esteban Badenier Martínez","aw002","SUBSECRETARÍA DEL MEDIO AMBIENTE","Ministro","aw0022311"
"AW002400","Pablo Esteban Badenier Martínez","aw002","SUBSECRETARÍA DEL MEDIO AMBIENTE","Ministro","aw0025281"
"AW002831","Marcelo Mena Carrasco","aw002","SUBSECRETARÍA DEL MEDIO AMBIENTE","Ministro","aw0023451"
"AW002831","Marcelo Mena Carrasco","aw002","SUBSECRETARÍA DEL MEDIO AMBIENTE","Ministro","aw0023461"
"AW002831","Marcelo Mena Carrasco","aw002","SUBSECRETARÍA DEL MEDIO AMBIENTE","Ministro","aw0023521"
"MU17610730","Sergio Medel Acosta","mu176","MUNICIPALIDAD DE MOSTAZAL","Alcalde","mu1762095251"
"MU28814730","EDGAR MILÁN CÁRCAMO ALDERETE","mu288","MUNICIPALIDAD DE SAN GREGORIO","Alcalde","mu2881762971"
"MU32415924","Humberto Itiel Quezada Quezada","mu324","MUNICIPALIDAD DE TOME","Concejal","mu3241132951"
"AB001431","Mahmud Aleuy Peña y Lillo","ab001","SUBSECRETARÍA DEL INTERIOR","Subsecretario","ab0012181"
"AB001431","Mahmud Aleuy Peña y Lillo","ab001","SUBSECRETARÍA DEL INTERIOR","Subsecretario","ab0012211"
"AB001431","Mahmud Aleuy Peña y Lillo","ab001","SUBSECRETARÍA DEL INTERIOR","Subsecretario","ab0012221"
"AB001431","Mahmud Aleuy Peña y Lillo","ab001","SUBSECRETARÍA DEL INTERIOR","Subsecretario","ab0012231"
"AB002648","Ricardo Cifuentes Lillo","ab002","SUBSECRETARÍA DE DESARROLLO REGIONAL Y ADMINISTRATIVO (SUBDERE)","Subsecretario","ab0021201"
"AB002648","Ricardo Cifuentes Lillo","ab002","SUBSECRETARÍA DE DESARROLLO REGIONAL Y ADMINISTRATIVO (SUBDERE)","Subsecretario","ab0021341"
"AB002648","Ricardo Cifuentes Lillo","ab002","SUBSECRETARÍA DE DESARROLLO REGIONAL Y ADMINISTRATIVO (SUBDERE)","Subsecretario","ab0024011"
"AB002648","Ricardo Cifuentes Lillo","ab002","SUBSECRETARÍA DE DESARROLLO REGIONAL Y ADMINISTRATIVO (SUBDERE)","Subsecretario","ab0024171"
"AC001463","Edgardo Riveros Marin","ac001","SUBSECRETARÍA DE RELACIONES EXTERIORES","Subsecretario","ac0012621"
"AC001463","Edgardo Riveros Marin","ac001","SUBSECRETARÍA DE RELACIONES EXTERIORES","Subsecretario","ac00141661"
"AC001463","Edgardo Riveros Marin","ac001","SUBSECRETARÍA DE RELACIONES EXTERIORES","Subsecretario","ac0012611"
"AF001220","PATRICIA ELIZABETH MARTA  SILVA MELENDEZ","af001","SUBSECRETARÍA GENERAL DE LA PRESIDENCIA","Subsecretario","af0013501"
"AH001101","KATIA  TRUSICH ORTIZ ","ah001","SUBSECRETARÍA DE ECONOMÍA","Subsecretario","ah0014101"
"AH001101","KATIA  TRUSICH ORTIZ ","ah001","SUBSECRETARÍA DE ECONOMÍA","Subsecretario","ah0011371"
"AH002171","Raúl Súnico Galdames","ah002","SUBSECRETARÍA DE PESCA","Subsecretario","ah0022001"
"AH002171","Raúl Súnico Galdames","ah002","SUBSECRETARÍA DE PESCA","Subsecretario","ah0022031"
"AH002171","Raúl Súnico Galdames","ah002","SUBSECRETARÍA DE PESCA","Subsecretario","ah0022041"
"AH002171","Raúl Súnico Galdames","ah002","SUBSECRETARÍA DE PESCA","Subsecretario","ah0023231"
"AH002171","Raúl Súnico Galdames","ah002","SUBSECRETARÍA DE PESCA","Subsecretario","ah0024671"
"AH002171","Raúl Súnico Galdames","ah002","SUBSECRETARÍA DE PESCA","Subsecretario","ah0022021"
"AH002171","Raúl Súnico Galdames","ah002","SUBSECRETARÍA DE PESCA","Subsecretario","ah0023181"
"AJ00143","Valentina Karina Quiroga Canahuate","aj001","SUBSECRETARÍA DE EDUCACIÓN","Subsecretario","aj0015321"
"AJ00143","Valentina Karina Quiroga Canahuate","aj001","SUBSECRETARÍA DE EDUCACIÓN","Subsecretario","aj0015331"
"AK0011063","Ignacio José Suárez Eytel","ak001","SUBSECRETARÍA DE JUSTICIA","Subsecretario","ak0013321"
"AK0011063","Ignacio José Suárez Eytel","ak001","SUBSECRETARÍA DE JUSTICIA","Subsecretario","ak0013331"
"AK0011063","Ignacio José Suárez Eytel","ak001","SUBSECRETARÍA DE JUSTICIA","Subsecretario","ak0014001"
"AK0011063","Ignacio José Suárez Eytel","ak001","SUBSECRETARÍA DE JUSTICIA","Subsecretario","ak0014241"
"AK0011063","Ignacio José Suárez Eytel","ak001","SUBSECRETARÍA DE JUSTICIA","Subsecretario","ak0014351"
"AK0011063","Ignacio José Suárez Eytel","ak001","SUBSECRETARÍA DE JUSTICIA","Subsecretario","ak0014381"
"AL001199","Francisco Javier Diaz Verdugo","al001","SUBSECRETARÍA DEL TRABAJO","Subsecretario","al0014721"
"AL001199","Francisco Javier Diaz Verdugo","al001","SUBSECRETARÍA DEL TRABAJO","Subsecretario","al0015151"
"AL001199","Francisco Javier Diaz Verdugo","al001","SUBSECRETARÍA DEL TRABAJO","Subsecretario","al0011211"
"AL001199","Francisco Javier Diaz Verdugo","al001","SUBSECRETARÍA DEL TRABAJO","Subsecretario","al0012331"
"AL001199","Francisco Javier Diaz Verdugo","al001","SUBSECRETARÍA DEL TRABAJO","Subsecretario","al0015191"
"AL001199","Francisco Javier Diaz Verdugo","al001","SUBSECRETARÍA DEL TRABAJO","Subsecretario","al0015201"
"AL001199","Francisco Javier Diaz Verdugo","al001","SUBSECRETARÍA DEL TRABAJO","Subsecretario","al0015211"
"AL001199","Francisco Javier Diaz Verdugo","al001","SUBSECRETARÍA DEL TRABAJO","Subsecretario","al0015161"
"AL002217","Marcos Barraza Gómez","al002","SUBSECRETARÍA DE PREVISIÓN SOCIAL","Subsecretario","al0021321"
"AL002217","Marcos Barraza Gómez","al002","SUBSECRETARÍA DE PREVISIÓN SOCIAL","Subsecretario","al0023841"
"AL002217","Marcos Barraza Gómez","al002","SUBSECRETARÍA DE PREVISIÓN SOCIAL","Subsecretario","al0024481"
"AL002217","Marcos Barraza Gómez","al002","SUBSECRETARÍA DE PREVISIÓN SOCIAL","Subsecretario","al0021191"
"AL002217","Marcos Barraza Gómez","al002","SUBSECRETARÍA DE PREVISIÓN SOCIAL","Subsecretario","al0021381"
"AL002217","Marcos Barraza Gómez","al002","SUBSECRETARÍA DE PREVISIÓN SOCIAL","Subsecretario","al0021541"
"AL002217","Marcos Barraza Gómez","al002","SUBSECRETARÍA DE PREVISIÓN SOCIAL","Subsecretario","al0021781"
"AL002217","Marcos Barraza Gómez","al002","SUBSECRETARÍA DE PREVISIÓN SOCIAL","Subsecretario","al0023201"
"AL002217","Marcos Barraza Gómez","al002","SUBSECRETARÍA DE PREVISIÓN SOCIAL","Subsecretario","al0023541"
"AL002217","Marcos Barraza Gómez","al002","SUBSECRETARÍA DE PREVISIÓN SOCIAL","Subsecretario","al0023831"
"AL002217","Marcos Barraza Gómez","al002","SUBSECRETARÍA DE PREVISIÓN SOCIAL","Subsecretario","al0023851"
"AL002217","Marcos Barraza Gómez","al002","SUBSECRETARÍA DE PREVISIÓN SOCIAL","Subsecretario","al0024391"
"AL002217","Marcos Barraza Gómez","al002","SUBSECRETARÍA DE PREVISIÓN SOCIAL","Subsecretario","al0024641"
"AL002217","Marcos Barraza Gómez","al002","SUBSECRETARÍA DE PREVISIÓN SOCIAL","Subsecretario","al0024661"
"AL002217","Marcos Barraza Gómez","al002","SUBSECRETARÍA DE PREVISIÓN SOCIAL","Subsecretario","al0024421"
"AM001210","Sergio Galilea Ocon","am001","SUBSECRETARÍA DE OBRAS PÚBLICAS","Subsecretario","am0011651"
"AM001210","Sergio Galilea Ocon","am001","SUBSECRETARÍA DE OBRAS PÚBLICAS","Subsecretario","am0011661"
"AN00169","Cristian Andrés Bowen Garfias","an001","SUBSECRETARIA DE TRANSPORTES","Subsecretario","an0011741"
"AN00169","Cristian Andrés Bowen Garfias","an001","SUBSECRETARIA DE TRANSPORTES","Subsecretario","an0011291"
"AN00169","Cristian Andrés Bowen Garfias","an001","SUBSECRETARIA DE TRANSPORTES","Subsecretario","an0011481"
"AN00169","Cristian Andrés Bowen Garfias","an001","SUBSECRETARIA DE TRANSPORTES","Subsecretario","an0013581"
"AN00169","Cristian Andrés Bowen Garfias","an001","SUBSECRETARIA DE TRANSPORTES","Subsecretario","an0015931"
"AN00169","Cristian Andrés Bowen Garfias","an001","SUBSECRETARIA DE TRANSPORTES","Subsecretario","an0015941"
"AN00169","Cristian Andrés Bowen Garfias","an001","SUBSECRETARIA DE TRANSPORTES","Subsecretario","an0013141"
"AN00169","Cristian Andrés Bowen Garfias","an001","SUBSECRETARIA DE TRANSPORTES","Subsecretario","an0013151"
"AN00169","Cristian Andrés Bowen Garfias","an001","SUBSECRETARIA DE TRANSPORTES","Subsecretario","an0013591"
"AN00228","PEDRO MARIANO HUICHALAF ROA","an002","SUBSECRETARÍA DE TELECOMUNICACIONES","Subsecretario","an0021611"
"AN00228","PEDRO MARIANO HUICHALAF ROA","an002","SUBSECRETARÍA DE TELECOMUNICACIONES","Subsecretario","an0023601"
"AN00228","PEDRO MARIANO HUICHALAF ROA","an002","SUBSECRETARÍA DE TELECOMUNICACIONES","Subsecretario","an0025421"
"AN00228","PEDRO MARIANO HUICHALAF ROA","an002","SUBSECRETARÍA DE TELECOMUNICACIONES","Subsecretario","an0022641"
"AN00228","PEDRO MARIANO HUICHALAF ROA","an002","SUBSECRETARÍA DE TELECOMUNICACIONES","Subsecretario","an0022651"
"AN00228","PEDRO MARIANO HUICHALAF ROA","an002","SUBSECRETARÍA DE TELECOMUNICACIONES","Subsecretario","an0022661"
"AN00228","PEDRO MARIANO HUICHALAF ROA","an002","SUBSECRETARÍA DE TELECOMUNICACIONES","Subsecretario","an0022681"
"AN00228","PEDRO MARIANO HUICHALAF ROA","an002","SUBSECRETARÍA DE TELECOMUNICACIONES","Subsecretario","an0022691"
"AN00228","PEDRO MARIANO HUICHALAF ROA","an002","SUBSECRETARÍA DE TELECOMUNICACIONES","Subsecretario","an0022711"
"AN00228","PEDRO MARIANO HUICHALAF ROA","an002","SUBSECRETARÍA DE TELECOMUNICACIONES","Subsecretario","an0023611"
"AN00228","PEDRO MARIANO HUICHALAF ROA","an002","SUBSECRETARÍA DE TELECOMUNICACIONES","Subsecretario","an0023641"
"AN00228","PEDRO MARIANO HUICHALAF ROA","an002","SUBSECRETARÍA DE TELECOMUNICACIONES","Subsecretario","an0023661"
"AN00228","PEDRO MARIANO HUICHALAF ROA","an002","SUBSECRETARÍA DE TELECOMUNICACIONES","Subsecretario","an0023671"
"AN00228","PEDRO MARIANO HUICHALAF ROA","an002","SUBSECRETARÍA DE TELECOMUNICACIONES","Subsecretario","an0023681"
"AN00228","PEDRO MARIANO HUICHALAF ROA","an002","SUBSECRETARÍA DE TELECOMUNICACIONES","Subsecretario","an0023691"
"AN00228","PEDRO MARIANO HUICHALAF ROA","an002","SUBSECRETARÍA DE TELECOMUNICACIONES","Subsecretario","an0023701"
"AN00228","PEDRO MARIANO HUICHALAF ROA","an002","SUBSECRETARÍA DE TELECOMUNICACIONES","Subsecretario","an0023711"
"AN00228","PEDRO MARIANO HUICHALAF ROA","an002","SUBSECRETARÍA DE TELECOMUNICACIONES","Subsecretario","an0023721"
"AN00228","PEDRO MARIANO HUICHALAF ROA","an002","SUBSECRETARÍA DE TELECOMUNICACIONES","Subsecretario","an0025381"
"AN00228","PEDRO MARIANO HUICHALAF ROA","an002","SUBSECRETARÍA DE TELECOMUNICACIONES","Subsecretario","an0025391"
"AN00228","PEDRO MARIANO HUICHALAF ROA","an002","SUBSECRETARÍA DE TELECOMUNICACIONES","Subsecretario","an0025411"
"AN00228","PEDRO MARIANO HUICHALAF ROA","an002","SUBSECRETARÍA DE TELECOMUNICACIONES","Subsecretario","an0025431"
"AN00228","PEDRO MARIANO HUICHALAF ROA","an002","SUBSECRETARÍA DE TELECOMUNICACIONES","Subsecretario","an0025441"
"AN00228","PEDRO MARIANO HUICHALAF ROA","an002","SUBSECRETARÍA DE TELECOMUNICACIONES","Subsecretario","an0025451"
"AN00228","PEDRO MARIANO HUICHALAF ROA","an002","SUBSECRETARÍA DE TELECOMUNICACIONES","Subsecretario","an0025461"
"AN00228","PEDRO MARIANO HUICHALAF ROA","an002","SUBSECRETARÍA DE TELECOMUNICACIONES","Subsecretario","an0025471"
"AN00228","PEDRO MARIANO HUICHALAF ROA","an002","SUBSECRETARÍA DE TELECOMUNICACIONES","Subsecretario","an0025481"
"AN00228","PEDRO MARIANO HUICHALAF ROA","an002","SUBSECRETARÍA DE TELECOMUNICACIONES","Subsecretario","an0025491"
"AN00228","PEDRO MARIANO HUICHALAF ROA","an002","SUBSECRETARÍA DE TELECOMUNICACIONES","Subsecretario","an0025501"
"AN00228","PEDRO MARIANO HUICHALAF ROA","an002","SUBSECRETARÍA DE TELECOMUNICACIONES","Subsecretario","an0025511"
"AN00228","PEDRO MARIANO HUICHALAF ROA","an002","SUBSECRETARÍA DE TELECOMUNICACIONES","Subsecretario","an0025521"
"AN00228","PEDRO MARIANO HUICHALAF ROA","an002","SUBSECRETARÍA DE TELECOMUNICACIONES","Subsecretario","an0025531"
"AN00228","PEDRO MARIANO HUICHALAF ROA","an002","SUBSECRETARÍA DE TELECOMUNICACIONES","Subsecretario","an0022671"
"AN00228","PEDRO MARIANO HUICHALAF ROA","an002","SUBSECRETARÍA DE TELECOMUNICACIONES","Subsecretario","an0022701"
"AN00228","PEDRO MARIANO HUICHALAF ROA","an002","SUBSECRETARÍA DE TELECOMUNICACIONES","Subsecretario","an0023631"
"AN00228","PEDRO MARIANO HUICHALAF ROA","an002","SUBSECRETARÍA DE TELECOMUNICACIONES","Subsecretario","an0023651"
"AN00228","PEDRO MARIANO HUICHALAF ROA","an002","SUBSECRETARÍA DE TELECOMUNICACIONES","Subsecretario","an0025371"
"AN00228","PEDRO MARIANO HUICHALAF ROA","an002","SUBSECRETARÍA DE TELECOMUNICACIONES","Subsecretario","an0025401"
"AP0011224","Jocelyn Figueroa Yousef","ap001","SUBSECRETARIA DE VIVIENDA Y URBANISMO","Subsecretario","ap0014361"
"AP001251","Jaime Rodrigo Romero Alvarez","ap001","SUBSECRETARIA DE VIVIENDA Y URBANISMO","Subsecretario","ap0011641"
"AP001251","Jaime Rodrigo Romero Alvarez","ap001","SUBSECRETARIA DE VIVIENDA Y URBANISMO","Subsecretario","ap0013091"
"AP001251","Jaime Rodrigo Romero Alvarez","ap001","SUBSECRETARIA DE VIVIENDA Y URBANISMO","Subsecretario","ap0014901"
"AQ001682","Jorge Maldonado Contreras","aq001","SUBSECRETARÍA DE BIENES NACIONALES","Subsecretario","aq0012401"
"AQ001682","Jorge Maldonado Contreras","aq001","SUBSECRETARÍA DE BIENES NACIONALES","Subsecretario","aq0012411"
"AQ001682","Jorge Maldonado Contreras","aq001","SUBSECRETARÍA DE BIENES NACIONALES","Subsecretario","aq0013251"
"AQ001682","Jorge Maldonado Contreras","aq001","SUBSECRETARÍA DE BIENES NACIONALES","Subsecretario","aq00134321"
"AR001394","Claudio Armando Ternicier González","ar001","SUBSECRETARÍA DE AGRICULTURA","Subsecretario","ar0013281"
"AR001394","Claudio Armando Ternicier González","ar001","SUBSECRETARÍA DE AGRICULTURA","Subsecretario","ar0014731"
"AR001394","Claudio Armando Ternicier González","ar001","SUBSECRETARÍA DE AGRICULTURA","Subsecretario","ar0014741"
"AR001394","Claudio Armando Ternicier González","ar001","SUBSECRETARÍA DE AGRICULTURA","Subsecretario","ar0014751"
"AR001394","Claudio Armando Ternicier González","ar001","SUBSECRETARÍA DE AGRICULTURA","Subsecretario","ar0014761"
"AR001394","Claudio Armando Ternicier González","ar001","SUBSECRETARÍA DE AGRICULTURA","Subsecretario","ar0014911"
"AS001381","Ignacio Moreno Fernández","as001","SUBSECRETARÍA DE MINERÍA","Subsecretario","as0011861"
"AS001381","Ignacio Moreno Fernández","as001","SUBSECRETARÍA DE MINERÍA","Subsecretario","as0013361"
"AS001381","Ignacio Moreno Fernández","as001","SUBSECRETARÍA DE MINERÍA","Subsecretario","as0015121"
"AS001381","Ignacio Moreno Fernández","as001","SUBSECRETARÍA DE MINERÍA","Subsecretario","as0015141"
"AS001381","Ignacio Moreno Fernández","as001","SUBSECRETARÍA DE MINERÍA","Subsecretario","as0011871"
"AS001381","Ignacio Moreno Fernández","as001","SUBSECRETARÍA DE MINERÍA","Subsecretario","as0011881"
"AS001381","Ignacio Moreno Fernández","as001","SUBSECRETARÍA DE MINERÍA","Subsecretario","as0011891"
"AS001381","Ignacio Moreno Fernández","as001","SUBSECRETARÍA DE MINERÍA","Subsecretario","as0012761"
"AS001381","Ignacio Moreno Fernández","as001","SUBSECRETARÍA DE MINERÍA","Subsecretario","as0012771"
"AS001381","Ignacio Moreno Fernández","as001","SUBSECRETARÍA DE MINERÍA","Subsecretario","as0013371"
"AS001381","Ignacio Moreno Fernández","as001","SUBSECRETARÍA DE MINERÍA","Subsecretario","as0013381"
"AS001381","Ignacio Moreno Fernández","as001","SUBSECRETARÍA DE MINERÍA","Subsecretario","as0015131"
"AS001381","Ignacio Moreno Fernández","as001","SUBSECRETARÍA DE MINERÍA","Subsecretario","as0015101"
"AS001381","Ignacio Moreno Fernández","as001","SUBSECRETARÍA DE MINERÍA","Subsecretario","as0015111"
"AS001381","Ignacio Moreno Fernández","as001","SUBSECRETARÍA DE MINERÍA","Subsecretario","as0015171"
"AU002423","Jimena Alejandra Jara Quilodrán","au002","SUBSECRETARIA DE ENERGÍA","Subsecretario","au0022901"
"AU002423","Jimena Alejandra Jara Quilodrán","au002","SUBSECRETARIA DE ENERGÍA","Subsecretario","au0022951"
"AU002423","Jimena Alejandra Jara Quilodrán","au002","SUBSECRETARIA DE ENERGÍA","Subsecretario","au0023751"
"AU002423","Jimena Alejandra Jara Quilodrán","au002","SUBSECRETARIA DE ENERGÍA","Subsecretario","au0022931"
"AV001764","Lilia Concha Carreño","av001","CONSEJO NACIONAL DE LA CULTURA Y LAS ARTES (CNCA)","Subsecretario","av0011491"
"AV001764","Lilia Concha Carreño","av001","CONSEJO NACIONAL DE LA CULTURA Y LAS ARTES (CNCA)","Subsecretario","av0011681"
"AV001764","Lilia Concha Carreño","av001","CONSEJO NACIONAL DE LA CULTURA Y LAS ARTES (CNCA)","Subsecretario","av0012891"
"AV001764","Lilia Concha Carreño","av001","CONSEJO NACIONAL DE LA CULTURA Y LAS ARTES (CNCA)","Subsecretario","av0015621"
"AV001764","Lilia Concha Carreño","av001","CONSEJO NACIONAL DE LA CULTURA Y LAS ARTES (CNCA)","Subsecretario","av0015631"
"AV001764","Lilia Concha Carreño","av001","CONSEJO NACIONAL DE LA CULTURA Y LAS ARTES (CNCA)","Subsecretario","av0016071"
"AV001764","Lilia Concha Carreño","av001","CONSEJO NACIONAL DE LA CULTURA Y LAS ARTES (CNCA)","Subsecretario","av0011301"
"AV001764","Lilia Concha Carreño","av001","CONSEJO NACIONAL DE LA CULTURA Y LAS ARTES (CNCA)","Subsecretario","av0011311"
"AV001764","Lilia Concha Carreño","av001","CONSEJO NACIONAL DE LA CULTURA Y LAS ARTES (CNCA)","Subsecretario","av0011581"
"AV001764","Lilia Concha Carreño","av001","CONSEJO NACIONAL DE LA CULTURA Y LAS ARTES (CNCA)","Subsecretario","av0011671"
"AV001764","Lilia Concha Carreño","av001","CONSEJO NACIONAL DE LA CULTURA Y LAS ARTES (CNCA)","Subsecretario","av0012861"
"AV001764","Lilia Concha Carreño","av001","CONSEJO NACIONAL DE LA CULTURA Y LAS ARTES (CNCA)","Subsecretario","av0012871"
"AV001764","Lilia Concha Carreño","av001","CONSEJO NACIONAL DE LA CULTURA Y LAS ARTES (CNCA)","Subsecretario","av0013041"
"AV001764","Lilia Concha Carreño","av001","CONSEJO NACIONAL DE LA CULTURA Y LAS ARTES (CNCA)","Subsecretario","av0015591"
"BA00191","Nicole Alejandra Sáez Pañero","ba001","SUBSECRETARIA DEL DEPORTE","Subsecretario","ba0015241"
"BA00191","Nicole Alejandra Sáez Pañero","ba001","SUBSECRETARIA DEL DEPORTE","Subsecretario","ba00180191"
"BA00191","Nicole Alejandra Sáez Pañero","ba001","SUBSECRETARIA DEL DEPORTE","Subsecretario","ba00180221"
"AH0111118","Helen Louise Kouyoumdjian Inglis","ah011","SUBSECRETARÍA DE TURISMO","Subsecretario","ah0113051"
"AH0111118","Helen Louise Kouyoumdjian Inglis","ah011","SUBSECRETARÍA DE TURISMO","Subsecretario","ah0113061"
"AH0111118","Helen Louise Kouyoumdjian Inglis","ah011","SUBSECRETARÍA DE TURISMO","Subsecretario","ah0113071"
"AH0111118","Helen Louise Kouyoumdjian Inglis","ah011","SUBSECRETARÍA DE TURISMO","Subsecretario","ah0113081"
"AH011212","Javiera Montes Cruz","ah011","SUBSECRETARÍA DE TURISMO","Subsecretario","ah0114281"
"AH011212","Javiera Montes Cruz","ah011","SUBSECRETARÍA DE TURISMO","Subsecretario","ah0111421"
"AH011212","Javiera Montes Cruz","ah011","SUBSECRETARÍA DE TURISMO","Subsecretario","ah0111431"
"AH011212","Javiera Montes Cruz","ah011","SUBSECRETARÍA DE TURISMO","Subsecretario","ah0112131"
"AH011212","Javiera Montes Cruz","ah011","SUBSECRETARÍA DE TURISMO","Subsecretario","ah0114261"
"AH011212","Javiera Montes Cruz","ah011","SUBSECRETARÍA DE TURISMO","Subsecretario","ah0111441"
"AO001766","Angélica Verdugo Sobral","ao001","SUBSECRETARÍA DE SALUD PÚBLICA ","Subsecretario","ao0014211"
"AO001766","Angélica Verdugo Sobral","ao001","SUBSECRETARÍA DE SALUD PÚBLICA ","Subsecretario","ao0011601"
"AO001766","Angélica Verdugo Sobral","ao001","SUBSECRETARÍA DE SALUD PÚBLICA ","Subsecretario","ao0012141"
"AO001766","Angélica Verdugo Sobral","ao001","SUBSECRETARÍA DE SALUD PÚBLICA ","Subsecretario","ao0014201"
"AO001766","Angélica Verdugo Sobral","ao001","SUBSECRETARÍA DE SALUD PÚBLICA ","Subsecretario","ao0012161"
"AO001635","Jaime Burrows Oyarzún","ao001","SUBSECRETARÍA DE SALUD PÚBLICA ","Subsecretario","ao0014041"
"AO001635","Jaime Burrows Oyarzún","ao001","SUBSECRETARÍA DE SALUD PÚBLICA ","Subsecretario","ao0014051"
"AO001635","Jaime Burrows Oyarzún","ao001","SUBSECRETARÍA DE SALUD PÚBLICA ","Subsecretario","ao0015231"
"AO001635","Jaime Burrows Oyarzún","ao001","SUBSECRETARÍA DE SALUD PÚBLICA ","Subsecretario","ao0012121"
"AO001635","Jaime Burrows Oyarzún","ao001","SUBSECRETARÍA DE SALUD PÚBLICA ","Subsecretario","ao0015221"
"AW002404","Marcelo Mena Carrasco","aw002","SUBSECRETARÍA DEL MEDIO AMBIENTE","Subsecretario","aw0025301"
"AW002404","Marcelo Mena Carrasco","aw002","SUBSECRETARÍA DEL MEDIO AMBIENTE","Subsecretario","aw0021631"
"AW002404","Marcelo Mena Carrasco","aw002","SUBSECRETARÍA DEL MEDIO AMBIENTE","Subsecretario","aw0022071"
"AW002404","Marcelo Mena Carrasco","aw002","SUBSECRETARÍA DEL MEDIO AMBIENTE","Subsecretario","aw0022191"
"AW002404","Marcelo Mena Carrasco","aw002","SUBSECRETARÍA DEL MEDIO AMBIENTE","Subsecretario","aw0023401"
"AW002404","Marcelo Mena Carrasco","aw002","SUBSECRETARÍA DEL MEDIO AMBIENTE","Subsecretario","aw0023411"
"AW002404","Marcelo Mena Carrasco","aw002","SUBSECRETARÍA DEL MEDIO AMBIENTE","Subsecretario","aw0023431"
"AW002404","Marcelo Mena Carrasco","aw002","SUBSECRETARÍA DEL MEDIO AMBIENTE","Subsecretario","aw0025261"
"AW002404","Marcelo Mena Carrasco","aw002","SUBSECRETARÍA DEL MEDIO AMBIENTE","Subsecretario","aw0025341"
"AW002404","Marcelo Mena Carrasco","aw002","SUBSECRETARÍA DEL MEDIO AMBIENTE","Subsecretario","aw0025571"
"AW002404","Marcelo Mena Carrasco","aw002","SUBSECRETARÍA DEL MEDIO AMBIENTE","Subsecretario","aw0021621"
"AW002404","Marcelo Mena Carrasco","aw002","SUBSECRETARÍA DEL MEDIO AMBIENTE","Subsecretario","aw0022351"
"AW002404","Marcelo Mena Carrasco","aw002","SUBSECRETARÍA DEL MEDIO AMBIENTE","Subsecretario","aw0023421"
"AW002404","Marcelo Mena Carrasco","aw002","SUBSECRETARÍA DEL MEDIO AMBIENTE","Subsecretario","aw0025271"
"AW002404","Marcelo Mena Carrasco","aw002","SUBSECRETARÍA DEL MEDIO AMBIENTE","Subsecretario","aw0025291"
"NR0030124560306-20","Sebastián  Claro Edwards","nr003","BANCO CENTRAL","Consejero Banco Central","nr003321"
"NR0030124560306-20","Sebastián  Claro Edwards","nr003","BANCO CENTRAL","Consejero Banco Central","nr003201"
"NR0030124560306-20","Sebastián  Claro Edwards","nr003","BANCO CENTRAL","Consejero Banco Central","nr003271"
"NR0030063762865-20","Joaquín Vial Ruiz-Tagle","nr003","BANCO CENTRAL","Consejero Banco Central","nr003331"
"AD007396","Enrique Hernán Larrañaga Martin","ad007","ARMADA DE CHILE","Comandante en Jefe","ad0073821"
"AD007396","Enrique Hernán Larrañaga Martin","ad007","ARMADA DE CHILE","Comandante en Jefe","ad0071231"
"AD00833","Jorge Robles Mella","ad008","FUERZA AÉREA DE CHILE","Comandante en Jefe","ad0084081"
"AD00833","Jorge Robles Mella","ad008","FUERZA AÉREA DE CHILE","Comandante en Jefe","ad0084091"
"AD00833","Jorge Robles Mella","ad008","FUERZA AÉREA DE CHILE","Comandante en Jefe","ad0082011"
"AD00833","Jorge Robles Mella","ad008","FUERZA AÉREA DE CHILE","Comandante en Jefe","ad0083391"
"AD00833","Jorge Robles Mella","ad008","FUERZA AÉREA DE CHILE","Comandante en Jefe","ad0085091"
"AD006427","IVÁN ALEJANDRO GONZÁLEZ LÓPEZ","ad006","EJÉRCITO DE CHILE","Encargado de adquisiciones en las Fuerzas Armadas y de Orden y Seguridad Pública","ad0061351"
"AD006427","IVÁN ALEJANDRO GONZÁLEZ LÓPEZ","ad006","EJÉRCITO DE CHILE","Encargado de adquisiciones en las Fuerzas Armadas y de Orden y Seguridad Pública","ad0061841"
"AD006427","IVÁN ALEJANDRO GONZÁLEZ LÓPEZ","ad006","EJÉRCITO DE CHILE","Encargado de adquisiciones en las Fuerzas Armadas y de Orden y Seguridad Pública","ad0062821"
"AD006434","VICTOR MANUEL MIZÓN GARCÍA-HUIDOBRO","ad006","EJÉRCITO DE CHILE","Encargado de adquisiciones en las Fuerzas Armadas y de Orden y Seguridad Pública","ad0064111"
"AD0061050","GONZALO RODRÍGUEZ CÓRDOVA","ad006","EJÉRCITO DE CHILE","Encargado de adquisiciones en las Fuerzas Armadas y de Orden y Seguridad Pública","ad0063191"
"AD006839","RENE PALAVECINO PONCE","ad006","EJÉRCITO DE CHILE","Encargado de adquisiciones en las Fuerzas Armadas y de Orden y Seguridad Pública","ad0064931"
"AD007868","Osvaldo Pedro Schwarzenberg Ashton","ad007","ARMADA DE CHILE","Encargado de adquisiciones en las Fuerzas Armadas y de Orden y Seguridad Pública","ad0071511"
"AD007413","Patricio Juan Carrasco Hellwig","ad007","ARMADA DE CHILE","Encargado de adquisiciones en las Fuerzas Armadas y de Orden y Seguridad Pública","ad0072961"
"AD008553","Víctor Cerda Ramírez","ad008","FUERZA AÉREA DE CHILE","Encargado de adquisiciones en las Fuerzas Armadas y de Orden y Seguridad Pública","ad0084221"
"AD008544","Álvaro Aguirre Warden","ad008","FUERZA AÉREA DE CHILE","Encargado de adquisiciones en las Fuerzas Armadas y de Orden y Seguridad Pública","ad0081361"
"AD008544","Álvaro Aguirre Warden","ad008","FUERZA AÉREA DE CHILE","Encargado de adquisiciones en las Fuerzas Armadas y de Orden y Seguridad Pública","ad0083791"
"AD008544","Álvaro Aguirre Warden","ad008","FUERZA AÉREA DE CHILE","Encargado de adquisiciones en las Fuerzas Armadas y de Orden y Seguridad Pública","ad0083761"
"AD008544","Álvaro Aguirre Warden","ad008","FUERZA AÉREA DE CHILE","Encargado de adquisiciones en las Fuerzas Armadas y de Orden y Seguridad Pública","ad0083781"
"AD008544","Álvaro Aguirre Warden","ad008","FUERZA AÉREA DE CHILE","Encargado de adquisiciones en las Fuerzas Armadas y de Orden y Seguridad Pública","ad0084021"
"AD008544","Álvaro Aguirre Warden","ad008","FUERZA AÉREA DE CHILE","Encargado de adquisiciones en las Fuerzas Armadas y de Orden y Seguridad Pública","ad0085251"
"AD010216","Eduardo Rodriguez-Peña Troncoso","ad010","POLICÍA DE INVESTIGACIONES DE CHILE","Encargado de adquisiciones en las Fuerzas Armadas y de Orden y Seguridad Pública","ad0104121"
"AD010216","Eduardo Rodriguez-Peña Troncoso","ad010","POLICÍA DE INVESTIGACIONES DE CHILE","Encargado de adquisiciones en las Fuerzas Armadas y de Orden y Seguridad Pública","ad010412451"
"AD02356","Álvaro Carrasco Rodríguez","ad023","ESTADO MAYOR CONJUNTO","Encargado de adquisiciones en las Fuerzas Armadas y de Orden y Seguridad Pública","ad0234311"
"AD02356","Álvaro Carrasco Rodríguez","ad023","ESTADO MAYOR CONJUNTO","Encargado de adquisiciones en las Fuerzas Armadas y de Orden y Seguridad Pública","ad0234631"
"NR006NR006-SP051","Osvaldo Andrade Lara","nr006","CAMARA DE DIPUTADOS","Diputado","nr006ar8261"
"NR006NR006-SP078","Germán Becker Alvear","nr006","CAMARA DE DIPUTADOS","Diputado","nr006ar9611"
"NR006NR006-SP049","Pedro Browne Urrejola","nr006","CAMARA DE DIPUTADOS","Diputado","nr006ar6761"
"NR006NR006-SP070","Cristián Campos Jara","nr006","CAMARA DE DIPUTADOS","Diputado","nr006ar10401"
"NR006NR006-SP009","Guillermo Ceroni Fuentes","nr006","CAMARA DE DIPUTADOS","Diputado","nr006ar7031"
"NR006NR006-SP077","Fuad Chahin Valenzuela","nr006","CAMARA DE DIPUTADOS","Diputado","nr006ar8461"
"NR006NR006-SP112","Marcelo Chávez Velásquez","nr006","CAMARA DE DIPUTADOS","Diputado","nr006ar7141"
"NR006NR006-SP112","Marcelo Chávez Velásquez","nr006","CAMARA DE DIPUTADOS","Diputado","nr006ar7941"
"NR006NR006-SP118","Felipe De Mussy Hiriart","nr006","CAMARA DE DIPUTADOS","Diputado","nr006ar7891"
"NR006NR006-SP118","Felipe De Mussy Hiriart","nr006","CAMARA DE DIPUTADOS","Diputado","nr006ar8991"
"NR006NR006-SP111","Sergio Espejo Yaksic","nr006","CAMARA DE DIPUTADOS","Diputado","nr006ar8341"
"NR006NR006-SP022","Marcos Espinosa Monardes","nr006","CAMARA DE DIPUTADOS","Diputado","nr006ar8851"
"NR006NR006-SP047","Ramón Farías Ponce","nr006","CAMARA DE DIPUTADOS","Diputado","nr006ar9061"
"NR006NR006-SP120","Iván Fuentes Castillo","nr006","CAMARA DE DIPUTADOS","Diputado","nr006ar8931"
"NR006NR006-SP064","Romilio Gutiérrez Pino","nr006","CAMARA DE DIPUTADOS","Diputado","nr006ar6311"
"NR006NR006-SP107","Daniel Melo Contreras","nr006","CAMARA DE DIPUTADOS","Diputado","nr006ar6631"
"NR006NR006-SP107","Daniel Melo Contreras","nr006","CAMARA DE DIPUTADOS","Diputado","nr006ar6641"
"NR006NR006-SP029","Andrea Molina Oliva","nr006","CAMARA DE DIPUTADOS","Diputado","nr006ar7251"
"NR006NR006-SP029","Andrea Molina Oliva","nr006","CAMARA DE DIPUTADOS","Diputado","nr006ar9661"
"NR006NR006-SP044","Cristián Monckeberg Bruner","nr006","CAMARA DE DIPUTADOS","Diputado","nr006ar6951"
"NR006NR006-SP044","Cristián Monckeberg Bruner","nr006","CAMARA DE DIPUTADOS","Diputado","nr006ar6971"
"NR006NR006-SP044","Cristián Monckeberg Bruner","nr006","CAMARA DE DIPUTADOS","Diputado","nr006ar7211"
"NR006NR006-SP044","Cristián Monckeberg Bruner","nr006","CAMARA DE DIPUTADOS","Diputado","nr006ar8411"
"NR006NR006-SP044","Cristián Monckeberg Bruner","nr006","CAMARA DE DIPUTADOS","Diputado","nr006ar9351"
"NR006NR006-SP041","Nicolás Monckeberg Díaz","nr006","CAMARA DE DIPUTADOS","Diputado","nr006ar6981"
"NR006NR006-SP041","Nicolás Monckeberg Díaz","nr006","CAMARA DE DIPUTADOS","Diputado","nr006ar6991"
"NR006NR006-SP020","Juan Enrique Morano Cornejo","nr006","CAMARA DE DIPUTADOS","Diputado","nr006ar7551"
"NR006NR006-SP020","Juan Enrique Morano Cornejo","nr006","CAMARA DE DIPUTADOS","Diputado","nr006ar7561"
"NR006NR006-SP020","Juan Enrique Morano Cornejo","nr006","CAMARA DE DIPUTADOS","Diputado","nr006ar8151"
"NR006NR006-SP030","Marco Antonio Núñez Lozano","nr006","CAMARA DE DIPUTADOS","Diputado","nr006ar6701"
"NR006NR006-SP030","Marco Antonio Núñez Lozano","nr006","CAMARA DE DIPUTADOS","Diputado","nr006ar7721"
"NR006NR006-SP030","Marco Antonio Núñez Lozano","nr006","CAMARA DE DIPUTADOS","Diputado","nr006ar9401"
"NR006NR006-SP073","Clemira Pacheco Rivas","nr006","CAMARA DE DIPUTADOS","Diputado","nr006ar10041"
"NR006NR006-SP073","Clemira Pacheco Rivas","nr006","CAMARA DE DIPUTADOS","Diputado","nr006ar10081"
"NR006NR006-SP073","Clemira Pacheco Rivas","nr006","CAMARA DE DIPUTADOS","Diputado","nr006ar6941"
"NR006NR006-SP105","Jaime Pilowsky Greene","nr006","CAMARA DE DIPUTADOS","Diputado","nr006ar7911"
"NR006NR006-SP113","Roberto Poblete Zapata","nr006","CAMARA DE DIPUTADOS","Diputado","nr006ar7931"
"NR006NR006-SP095","Yasna Provoste Campillay","nr006","CAMARA DE DIPUTADOS","Diputado","nr006ar6681"
"NR006NR006-SP025","Alberto Robles Pantoja","nr006","CAMARA DE DIPUTADOS","Diputado","nr006ar7991"
"NR006NR006-SP025","Alberto Robles Pantoja","nr006","CAMARA DE DIPUTADOS","Diputado","nr006ar8061"
"NR006NR006-SP025","Alberto Robles Pantoja","nr006","CAMARA DE DIPUTADOS","Diputado","nr006ar8191"
"NR006NR006-SP039","Karla Rubilar Barahona","nr006","CAMARA DE DIPUTADOS","Diputado","nr006ar6911"
"NR006NR006-SP039","Karla Rubilar Barahona","nr006","CAMARA DE DIPUTADOS","Diputado","nr006ar12301"
"NR006NR006-SP089","David Sandoval Plaza","nr006","CAMARA DE DIPUTADOS","Diputado","nr006ar8381"
"NR006NR006-SP089","David Sandoval Plaza","nr006","CAMARA DE DIPUTADOS","Diputado","nr006ar8471"
"NR006NR006-SP002","Arturo Squella Ovalle","nr006","CAMARA DE DIPUTADOS","Diputado","nr006ar6811"
"NR006NR006-SP002","Arturo Squella Ovalle","nr006","CAMARA DE DIPUTADOS","Diputado","nr006ar7481"
"NR006NR006-SP065","Jorge Tarud Daccarett","nr006","CAMARA DE DIPUTADOS","Diputado","nr006ar9111"
"NR006NR006-SP081","Joaquín Tuma Zedan","nr006","CAMARA DE DIPUTADOS","Diputado","nr006ar9681"
"NR006NR006-SP071","Jorge Ulloa Aguillón","nr006","CAMARA DE DIPUTADOS","Diputado","nr006ar10381"
"NR006NR006-SP071","Jorge Ulloa Aguillón","nr006","CAMARA DE DIPUTADOS","Diputado","nr006ar18721"
"NR006NR006-SP087","Patricio Vallespín López","nr006","CAMARA DE DIPUTADOS","Diputado","nr006ar6501"
"NR006NR006-SP087","Patricio Vallespín López","nr006","CAMARA DE DIPUTADOS","Diputado","nr006ar7881"
"NR006NR006-SP004","Pepe Auth Stewart","nr006","CAMARA DE DIPUTADOS","Diputado","nr006ar8361"
"NR006NR006-SP004","Pepe Auth Stewart","nr006","CAMARA DE DIPUTADOS","Diputado","nr006ar9871"
"NR006NR006-SP108","Jaime Bellolio Avaria","nr006","CAMARA DE DIPUTADOS","Diputado","nr006ar7521"
"NR006NR006-SP116","Bernardo Berger Fett","nr006","CAMARA DE DIPUTADOS","Diputado","nr006ar9081"
"NR006NR006-SP116","Bernardo Berger Fett","nr006","CAMARA DE DIPUTADOS","Diputado","nr006ar9331"
"NR006NR006-SP101","Karol Cariola Oliva","nr006","CAMARA DE DIPUTADOS","Diputado","nr006ar17401"
"NR006NR006-SP094","Daniella Cicardini Milla","nr006","CAMARA DE DIPUTADOS","Diputado","nr006ar6831"
"NR006NR006-SP110","Juan Antonio Coloma Alamos","nr006","CAMARA DE DIPUTADOS","Diputado","nr006ar7231"
"NR006NR006-SP110","Juan Antonio Coloma Alamos","nr006","CAMARA DE DIPUTADOS","Diputado","nr006ar9381"
"NR006NR006-SP086","Fidel Espinoza Sandoval","nr006","CAMARA DE DIPUTADOS","Diputado","nr006ar8911"
"NR006NR006-SP086","Fidel Espinoza Sandoval","nr006","CAMARA DE DIPUTADOS","Diputado","nr006ar8921"
"NR006NR006-SP102","Maya Fernández Allende","nr006","CAMARA DE DIPUTADOS","Diputado","nr006ar7741"
"NR006NR006-SP102","Maya Fernández Allende","nr006","CAMARA DE DIPUTADOS","Diputado","nr006ar9791"
"NR006NR006-SP019","Iván Flores García","nr006","CAMARA DE DIPUTADOS","Diputado","nr006ar14421"
"NR006NR006-SP096","Sergio Gahona Salazar","nr006","CAMARA DE DIPUTADOS","Diputado","nr006ar6291"
"NR006NR006-SP096","Sergio Gahona Salazar","nr006","CAMARA DE DIPUTADOS","Diputado","nr006ar6741"
"NR006NR006-SP096","Sergio Gahona Salazar","nr006","CAMARA DE DIPUTADOS","Diputado","nr006ar6791"
"NR006NR006-SP096","Sergio Gahona Salazar","nr006","CAMARA DE DIPUTADOS","Diputado","nr006ar8441"
"NR006NR006-SP092","Marcela Hernando Pérez","nr006","CAMARA DE DIPUTADOS","Diputado","nr006ar7771"
"NR006NR006-SP067","Carlos Abel Jarpa Wevar","nr006","CAMARA DE DIPUTADOS","Diputado","nr006ar11511"
"NR006NR006-SP067","Carlos Abel Jarpa Wevar","nr006","CAMARA DE DIPUTADOS","Diputado","nr006ar7541"
"NR006NR006-SP067","Carlos Abel Jarpa Wevar","nr006","CAMARA DE DIPUTADOS","Diputado","nr006ar7831"
"NR006NR006-SP067","Carlos Abel Jarpa Wevar","nr006","CAMARA DE DIPUTADOS","Diputado","nr006ar8071"
"NR006NR006-SP048","Tucapel Jiménez Fuentes","nr006","CAMARA DE DIPUTADOS","Diputado","nr006ar7281"
"NR006NR006-SP048","Tucapel Jiménez Fuentes","nr006","CAMARA DE DIPUTADOS","Diputado","nr006ar7301"
"NR006NR006-SP048","Tucapel Jiménez Fuentes","nr006","CAMARA DE DIPUTADOS","Diputado","nr006ar7291"
"NR006NR006-SP048","Tucapel Jiménez Fuentes","nr006","CAMARA DE DIPUTADOS","Diputado","nr006ar7311"
"NR006NR006-SP048","Tucapel Jiménez Fuentes","nr006","CAMARA DE DIPUTADOS","Diputado","nr006ar7901"
"NR006NR006-SP048","Tucapel Jiménez Fuentes","nr006","CAMARA DE DIPUTADOS","Diputado","nr006ar8081"
"NR006NR006-SP054","Issa Kort Garriga","nr006","CAMARA DE DIPUTADOS","Diputado","nr006ar9541"
"NR006NR006-SP054","Issa Kort Garriga","nr006","CAMARA DE DIPUTADOS","Diputado","nr006ar9551"
"NR006NR006-SP003","Patricio Melero Abaroa","nr006","CAMARA DE DIPUTADOS","Diputado","nr006ar8241"
"NR006NR006-SP060","Celso Morales Muñoz","nr006","CAMARA DE DIPUTADOS","Diputado","nr006ar9411"
"NR006NR006-SP093","Paulina Núñez Urrutia","nr006","CAMARA DE DIPUTADOS","Diputado","nr006ar7511"
"NR006NR006-SP093","Paulina Núñez Urrutia","nr006","CAMARA DE DIPUTADOS","Diputado","nr006ar8141"
"NR006NR006-SP093","Paulina Núñez Urrutia","nr006","CAMARA DE DIPUTADOS","Diputado","nr006ar8561"
"NR006NR006-SP093","Paulina Núñez Urrutia","nr006","CAMARA DE DIPUTADOS","Diputado","nr006ar9621"
"NR006NR006-SP010","José Miguel Ortiz Novoa","nr006","CAMARA DE DIPUTADOS","Diputado","nr006ar8891"
"NR006NR006-SP115","Diego Paulsen Kehr","nr006","CAMARA DE DIPUTADOS","Diputado","nr006ar8171"
"NR006NR006-SP115","Diego Paulsen Kehr","nr006","CAMARA DE DIPUTADOS","Diputado","nr006ar9631"
"NR006NR006-SP114","Jorge Rathgeb Schifferli","nr006","CAMARA DE DIPUTADOS","Diputado","nr006ar38911"
"NR006NR006-SP114","Jorge Rathgeb Schifferli","nr006","CAMARA DE DIPUTADOS","Diputado","nr006ar7731"
"NR006NR006-SP114","Jorge Rathgeb Schifferli","nr006","CAMARA DE DIPUTADOS","Diputado","nr006ar8391"
"NR006NR006-SP091","Luis Rocafull López","nr006","CAMARA DE DIPUTADOS","Diputado","nr006ar7441"
"NR006NR006-SP091","Luis Rocafull López","nr006","CAMARA DE DIPUTADOS","Diputado","nr006ar7471"
"NR006NR006-SP091","Luis Rocafull López","nr006","CAMARA DE DIPUTADOS","Diputado","nr006ar7491"
"NR006NR006-SP091","Luis Rocafull López","nr006","CAMARA DE DIPUTADOS","Diputado","nr006ar7501"
"NR006NR006-SP091","Luis Rocafull López","nr006","CAMARA DE DIPUTADOS","Diputado","nr006ar7841"
"NR006NR006-SP091","Luis Rocafull López","nr006","CAMARA DE DIPUTADOS","Diputado","nr006ar8021"
"NR006NR006-SP091","Luis Rocafull López","nr006","CAMARA DE DIPUTADOS","Diputado","nr006ar8371"
"NR006NR006-SP091","Luis Rocafull López","nr006","CAMARA DE DIPUTADOS","Diputado","nr006ar8401"
"NR006NR006-SP091","Luis Rocafull López","nr006","CAMARA DE DIPUTADOS","Diputado","nr006ar9431"
"NR006NR006-SP091","Luis Rocafull López","nr006","CAMARA DE DIPUTADOS","Diputado","nr006ar9441"
"NR006NR006-SP091","Luis Rocafull López","nr006","CAMARA DE DIPUTADOS","Diputado","nr006ar9451"
"NR006NR006-SP091","Luis Rocafull López","nr006","CAMARA DE DIPUTADOS","Diputado","nr006ar9471"
"NR006NR006-SP069","Jorge Sabag Villalobos","nr006","CAMARA DE DIPUTADOS","Diputado","nr006ar7001"
"NR006NR006-SP069","Jorge Sabag Villalobos","nr006","CAMARA DE DIPUTADOS","Diputado","nr006ar7091"
"NR006NR006-SP069","Jorge Sabag Villalobos","nr006","CAMARA DE DIPUTADOS","Diputado","nr006ar7791"
"NR006NR006-SP079","René Saffirio Espinoza","nr006","CAMARA DE DIPUTADOS","Diputado","nr006ar6271"
"NR006NR006-SP057","Alejandra Sepúlveda Orbenes","nr006","CAMARA DE DIPUTADOS","Diputado","nr006ar9561"
"NR006NR006-SP038","Gabriel Silber Romo","nr006","CAMARA DE DIPUTADOS","Diputado","nr006ar6841"
"NR006NR006-SP109","Leonardo Soto Ferrada","nr006","CAMARA DE DIPUTADOS","Diputado","nr006ar7041"
"NR006NR006-SP109","Leonardo Soto Ferrada","nr006","CAMARA DE DIPUTADOS","Diputado","nr006ar6801"
"NR006NR006-SP109","Leonardo Soto Ferrada","nr006","CAMARA DE DIPUTADOS","Diputado","nr006ar6861"
"NR006NR006-SP109","Leonardo Soto Ferrada","nr006","CAMARA DE DIPUTADOS","Diputado","nr006ar8421"
"NR006NR006-SP050","Guillermo Teillier Del Valle","nr006","CAMARA DE DIPUTADOS","Diputado","nr006ar8031"
"NR006NR006-SP050","Guillermo Teillier Del Valle","nr006","CAMARA DE DIPUTADOS","Diputado","nr006ar8041"
"NR006NR006-SP050","Guillermo Teillier Del Valle","nr006","CAMARA DE DIPUTADOS","Diputado","nr006ar8971"
"NR006NR006-SP037","Víctor Torres Jeldes","nr006","CAMARA DE DIPUTADOS","Diputado","nr006ar6541"
"NR006NR006-SP014","Renzo Trisotti Martínez","nr006","CAMARA DE DIPUTADOS","Diputado","nr006ar7781"
"NR006NR006-SP017","Camila Vallejo Dowling","nr006","CAMARA DE DIPUTADOS","Diputado","nr006ar6871"
"NR006NR006-SP017","Camila Vallejo Dowling","nr006","CAMARA DE DIPUTADOS","Diputado","nr006ar10221"
"NR006NR006-SP017","Camila Vallejo Dowling","nr006","CAMARA DE DIPUTADOS","Diputado","nr006ar10251"
"NR006NR006-SP017","Camila Vallejo Dowling","nr006","CAMARA DE DIPUTADOS","Diputado","nr006ar7371"
"NR006NR006-SP017","Camila Vallejo Dowling","nr006","CAMARA DE DIPUTADOS","Diputado","nr006ar7861"
"NR006NR006-SP017","Camila Vallejo Dowling","nr006","CAMARA DE DIPUTADOS","Diputado","nr006ar8181"
"NR006NR006-SP017","Camila Vallejo Dowling","nr006","CAMARA DE DIPUTADOS","Diputado","nr006ar9181"
"NR006NR006-SP072","Enrique Van Rysselberghe Herrera","nr006","CAMARA DE DIPUTADOS","Diputado","nr006ar7871"
"NR006NR006-SP011","Mario Venegas Cárdenas","nr006","CAMARA DE DIPUTADOS","Diputado","nr006ar7951"
"NR006NR006-SP026","Matías Walker Prieto","nr006","CAMARA DE DIPUTADOS","Diputado","nr006ar7221"
"NR006NR006-SP026","Matías Walker Prieto","nr006","CAMARA DE DIPUTADOS","Diputado","nr006ar9371"
"NR006NR006-SP121","Gabriel Boric Font","nr006","CAMARA DE DIPUTADOS","Diputado","nr006ar6921"
"NR006NR006-SP121","Gabriel Boric Font","nr006","CAMARA DE DIPUTADOS","Diputado","nr006ar8221"
"NR006NR006-SP121","Gabriel Boric Font","nr006","CAMARA DE DIPUTADOS","Diputado","nr006ar9691"
"NR006NR006-SP103","Giorgio Jackson Drago","nr006","CAMARA DE DIPUTADOS","Diputado","nr006ar9051"
"NR006NR006-SP090","Vlado Mirosevic Verdugo","nr006","CAMARA DE DIPUTADOS","Diputado","nr006ar7431"
"NR006NR006-SP090","Vlado Mirosevic Verdugo","nr006","CAMARA DE DIPUTADOS","Diputado","nr006ar7801"
"NR006NR006-SP090","Vlado Mirosevic Verdugo","nr006","CAMARA DE DIPUTADOS","Diputado","nr006ar8861"
"NR006NR006-SP090","Vlado Mirosevic Verdugo","nr006","CAMARA DE DIPUTADOS","Diputado","nr006ar9261"
"NR008FRV","PABLO ANDRES GOMEZ  NIADA","nr008","MINISTERIO PUBLICO","Fiscal Regional del Ministerio Público","nr0081201551"
"NR008FRIX","CRISTIAN RODRIGO PAREDES  VALENZUELA","nr008","MINISTERIO PUBLICO","Fiscal Regional del Ministerio Público","nr0081201591"
"NR008FRIX","CRISTIAN RODRIGO PAREDES  VALENZUELA","nr008","MINISTERIO PUBLICO","Fiscal Regional del Ministerio Público","nr0082201591"
"NR008FRX","MARCOS ALBERTO EMILFORK  KONOW","nr008","MINISTERIO PUBLICO","Fiscal Regional del Ministerio Público","nr00812015101"
"NR008FRXV","JAVIERA ANDREA LOPEZ  OSSANDON","nr008","MINISTERIO PUBLICO","Fiscal Regional del Ministerio Público","nr00812015191"
"AB006833","Patricio Santamaría Mutis","ab006","SERVICIO ELECTORAL (SERVEL)","Consejero del Consejo Directivo del Servicio Electoral","ab0062571"
"AB006835","Alfredo Joignant Rondón","ab006","SERVICIO ELECTORAL (SERVEL)","Consejero del Consejo Directivo del Servicio Electoral","ab0063021"
"AV0012615","Ana Carolina Arriagada Urzúa","av001","CONSEJO NACIONAL DE LA CULTURA Y LAS ARTES (CNCA)","Director regional de servicio público","av0012278201"
"AV0012615","Ana Carolina Arriagada Urzúa","av001","CONSEJO NACIONAL DE LA CULTURA Y LAS ARTES (CNCA)","Director regional de servicio público","av0012277391"
"AR0041802","Helmuth Hinrichsen Sariego","ar004","INSTITUTO DE DESARROLLO AGROPECUARIO (INDAP)","Director regional de servicio público","ar004520281"
"AR0041802","Helmuth Hinrichsen Sariego","ar004","INSTITUTO DE DESARROLLO AGROPECUARIO (INDAP)","Director regional de servicio público","ar004520301"
"AR0041802","Helmuth Hinrichsen Sariego","ar004","INSTITUTO DE DESARROLLO AGROPECUARIO (INDAP)","Director regional de servicio público","ar004520291"
"CO001CO001-SP001","Lorena Fries Monleón","co001","INSTITUTO NACIONAL DE DERECHOS HUMANOS","Consejero del Instituto Nacional de Derechos Humanos","co001indh-21"
"CO001CO001-SP001","Lorena Fries Monleón","co001","INSTITUTO NACIONAL DE DERECHOS HUMANOS","Consejero del Instituto Nacional de Derechos Humanos","co001indh-31"
"CO001CO001-SP001","Lorena Fries Monleón","co001","INSTITUTO NACIONAL DE DERECHOS HUMANOS","Consejero del Instituto Nacional de Derechos Humanos","co001indh-41"
"CO001CO001-SP001","Lorena Fries Monleón","co001","INSTITUTO NACIONAL DE DERECHOS HUMANOS","Consejero del Instituto Nacional de Derechos Humanos","co001indh-51"
"AD009SP00004","Roberto Cabrera Jerez","ad009","CARABINEROS DE CHILE","Otro","ad00911"
"AD009SP00002","Marcos Tello Salinas","ad009","CARABINEROS DE CHILE","Otro","ad0091201"
"AD009SP00002","Marcos Tello Salinas","ad009","CARABINEROS DE CHILE","Otro","ad0091551"
"AD009SP00002","Marcos Tello Salinas","ad009","CARABINEROS DE CHILE","Otro","ad0091611"
"AD009SP00002","Marcos Tello Salinas","ad009","CARABINEROS DE CHILE","Otro","ad0091681"
"AP0011004","Pablo Jose Contrucci Lira","ap001","SUBSECRETARIA DE VIVIENDA Y URBANISMO","Otro","ap0014851"
"AP0011004","Pablo Jose Contrucci Lira","ap001","SUBSECRETARIA DE VIVIENDA Y URBANISMO","Otro","ap0014971"
"AP0011004","Pablo Jose Contrucci Lira","ap001","SUBSECRETARIA DE VIVIENDA Y URBANISMO","Otro","ap0014301"
"AP0011004","Pablo Jose Contrucci Lira","ap001","SUBSECRETARIA DE VIVIENDA Y URBANISMO","Otro","ap0014861"
"AP0011036","Claudia Castillo Cienfuegos","ap001","SUBSECRETARIA DE VIVIENDA Y URBANISMO","Otro","ap0014961"
"AP0011036","Claudia Castillo Cienfuegos","ap001","SUBSECRETARIA DE VIVIENDA Y URBANISMO","Otro","ap0014981"
"AP01614346","Nancy Elba Araya Cáceres","ap016","SERVICIO DE VIVIENDA Y URBANIZACIÓN DE LA REGIÓN DE ARICA-PARINACOTA","Otro","ap0161104371"
"NR00590","Daniela Castillo Moya","nr005","SENADO","Otro","nr0052941"
"NR00590","Daniela Castillo Moya","nr005","SENADO","Otro","nr0053491"
"NR005108","Claudia  Marcela Silva Burgos","nr005","SENADO","Otro","nr0055071"
"NR005135","José Alejandro Huerta Estrada","nr005","SENADO","Otro","nr0053311"
"NR005145","Cristian Arancibia Santibáñez","nr005","SENADO","Otro","nr0054561"
"NR005145","Cristian Arancibia Santibáñez","nr005","SENADO","Otro","nr0054571"
"NR008DEN","MARIA FRANCISCA WERTH WAINER","nr008","MINISTERIO PUBLICO","Otro","nr00832015991"
"NR008DEN","MARIA FRANCISCA WERTH WAINER","nr008","MINISTERIO PUBLICO","Otro","nr00822015991"
"NR008DEN","MARIA FRANCISCA WERTH WAINER","nr008","MINISTERIO PUBLICO","Otro","nr00862015991"
"AO001916","Pedro Francisco Crocco Abalos","ao001","SUBSECRETARÍA DE SALUD PÚBLICA ","Otro","ao001698121"
"NR001581","SERGIO LABARCA CAMPOS","nr001","CORPORACIÓN ADMINISTRATIVA DEL PODER JUDICIAL","Otro","nr0014231"
"NR001581","SERGIO LABARCA CAMPOS","nr001","CORPORACIÓN ADMINISTRATIVA DEL PODER JUDICIAL","Otro","nr0014651"
"NR001675","Mauricio Rodriguez Aviles","nr001","CORPORACIÓN ADMINISTRATIVA DEL PODER JUDICIAL","Otro","nr0014251"
"AC001722","Patricio Hales Dib","ac001","SUBSECRETARÍA DE RELACIONES EXTERIORES","Embajador ","ac0011731"
"AC001722","Patricio Hales Dib","ac001","SUBSECRETARÍA DE RELACIONES EXTERIORES","Embajador ","ac0013771"
"AC001709","Marcelo Diaz Diaz","ac001","SUBSECRETARÍA DE RELACIONES EXTERIORES","Embajador ","ac0016231"
"AC001709","Marcelo Diaz Diaz","ac001","SUBSECRETARÍA DE RELACIONES EXTERIORES","Embajador ","ac0016251"
"AC001709","Marcelo Diaz Diaz","ac001","SUBSECRETARÍA DE RELACIONES EXTERIORES","Embajador ","ac0016261"
"AX001623","JUAN IGNACIO PIÑA ROCHEFORT","ax001","CONSEJO DE DEFENSA DEL ESTADO (CDE)","Consejero del Consejo de Defensa del Estado","ax0015081"
"NR0051","Manuel Antonio Matta Aragay","nr005","SENADO","Senador","nr0051961"
"NR0053","Carlos Bianchi Chelech","nr005","SENADO","Senador","nr0052951"
"NR0054","Guido Girardi Lavín","nr005","SENADO","Senador","nr0052521"
"NR0056","Alejandro Navarro Brain","nr005","SENADO","Senador","nr0052181"
"NR0056","Alejandro Navarro Brain","nr005","SENADO","Senador","nr0052601"
"NR0056","Alejandro Navarro Brain","nr005","SENADO","Senador","nr0052661"
"NR0056","Alejandro Navarro Brain","nr005","SENADO","Senador","nr0052681"
"NR0056","Alejandro Navarro Brain","nr005","SENADO","Senador","nr0052051"
"NR0056","Alejandro Navarro Brain","nr005","SENADO","Senador","nr0052671"
"NR0057","Víctor Pérez Varela","nr005","SENADO","Senador","nr0051921"
"NR0057","Víctor Pérez Varela","nr005","SENADO","Senador","nr0052591"
"NR0057","Víctor Pérez Varela","nr005","SENADO","Senador","nr0052381"
"NR0058","Alejandro García Huidobro Sanfuentes","nr005","SENADO","Senador","nr0053371"
"NR0058","Alejandro García Huidobro Sanfuentes","nr005","SENADO","Senador","nr0053511"
"NR0058","Alejandro García Huidobro Sanfuentes","nr005","SENADO","Senador","nr0053381"
"NR0058","Alejandro García Huidobro Sanfuentes","nr005","SENADO","Senador","nr0054771"
"NR0058","Alejandro García Huidobro Sanfuentes","nr005","SENADO","Senador","nr0054781"
"NR00510","Pedro Araya Guerrero","nr005","SENADO","Senador","nr0054291"
"NR00511","Alejandro Guillier Álvarez","nr005","SENADO","Senador","nr0052261"
"NR00511","Alejandro Guillier Álvarez","nr005","SENADO","Senador","nr0052401"
"NR00511","Alejandro Guillier Álvarez","nr005","SENADO","Senador","nr0052851"
"NR00511","Alejandro Guillier Álvarez","nr005","SENADO","Senador","nr0052531"
"NR00512","Jacqueline Van Rysselberghe Herrera","nr005","SENADO","Senador","nr0051991"
"NR00512","Jacqueline Van Rysselberghe Herrera","nr005","SENADO","Senador","nr0051381"
"NR00512","Jacqueline Van Rysselberghe Herrera","nr005","SENADO","Senador","nr0052001"
"NR00512","Jacqueline Van Rysselberghe Herrera","nr005","SENADO","Senador","nr0052501"
"NR00512","Jacqueline Van Rysselberghe Herrera","nr005","SENADO","Senador","nr0051401"
"NR00512","Jacqueline Van Rysselberghe Herrera","nr005","SENADO","Senador","nr0051941"
"NR00512","Jacqueline Van Rysselberghe Herrera","nr005","SENADO","Senador","nr0052031"
"NR00513","Carolina Goic Boroevic","nr005","SENADO","Senador","nr0051371"
"NR00513","Carolina Goic Boroevic","nr005","SENADO","Senador","nr0052131"
"NR00513","Carolina Goic Boroevic","nr005","SENADO","Senador","nr0052141"
"NR00513","Carolina Goic Boroevic","nr005","SENADO","Senador","nr0053131"
"NR00513","Carolina Goic Boroevic","nr005","SENADO","Senador","nr0052481"
"NR00513","Carolina Goic Boroevic","nr005","SENADO","Senador","nr0052911"
"NR00513","Carolina Goic Boroevic","nr005","SENADO","Senador","nr0053111"
"NR00514","Felipe Harboe Bascuñán","nr005","SENADO","Senador","nr0052171"
"NR00514","Felipe Harboe Bascuñán","nr005","SENADO","Senador","nr0052621"
"NR00514","Felipe Harboe Bascuñán","nr005","SENADO","Senador","nr0052641"
"NR00514","Felipe Harboe Bascuñán","nr005","SENADO","Senador","nr0051051"
"NR00514","Felipe Harboe Bascuñán","nr005","SENADO","Senador","nr0052041"
"NR00514","Felipe Harboe Bascuñán","nr005","SENADO","Senador","nr005971"
"NR00514","Felipe Harboe Bascuñán","nr005","SENADO","Senador","nr0052991"
"NR00514","Felipe Harboe Bascuñán","nr005","SENADO","Senador","nr0051661"
"NR00514","Felipe Harboe Bascuñán","nr005","SENADO","Senador","nr0052901"
"NR00515","Alfonso De Urresti Longton","nr005","SENADO","Senador","nr0051981"
"NR00515","Alfonso De Urresti Longton","nr005","SENADO","Senador","nr0051441"
"NR00515","Alfonso De Urresti Longton","nr005","SENADO","Senador","nr0052091"
"NR00515","Alfonso De Urresti Longton","nr005","SENADO","Senador","nr0052081"
"NR00515","Alfonso De Urresti Longton","nr005","SENADO","Senador","nr0053121"
"NR00516","Rabindranath Quinteros Lara","nr005","SENADO","Senador","nr0052461"
"NR00516","Rabindranath Quinteros Lara","nr005","SENADO","Senador","nr0053141"
"NR00516","Rabindranath Quinteros Lara","nr005","SENADO","Senador","nr0053151"
"NR00517","Iván Moreira Barros","nr005","SENADO","Senador","nr0052791"
"NR00517","Iván Moreira Barros","nr005","SENADO","Senador","nr0053191"
"NR00519","Carlos Montes Cisternas","nr005","SENADO","Senador","nr0051931"
"NR00520","Manuel José Ossandón Irarrázabal","nr005","SENADO","Senador","nr0052291"
"NR00520","Manuel José Ossandón Irarrázabal","nr005","SENADO","Senador","nr0052301"
"NR00520","Manuel José Ossandón Irarrázabal","nr005","SENADO","Senador","nr0052201"
"NR00520","Manuel José Ossandón Irarrázabal","nr005","SENADO","Senador","nr0056741"
"NR00521","Andrés Allamand Zavala","nr005","SENADO","Senador","nr0053041"
"NR00522","Hernán Larraín Fernández","nr005","SENADO","Senador","nr0052431"
"NR00522","Hernán Larraín Fernández","nr005","SENADO","Senador","nr0052351"
"NR00522","Hernán Larraín Fernández","nr005","SENADO","Senador","nr0052571"
"NR00523","Antonio Horvath Kiss","nr005","SENADO","Senador","nr0051871"
"NR00523","Antonio Horvath Kiss","nr005","SENADO","Senador","nr0051881"
"NR00523","Antonio Horvath Kiss","nr005","SENADO","Senador","nr0052111"
"NR00523","Antonio Horvath Kiss","nr005","SENADO","Senador","nr0051901"
"NR00523","Antonio Horvath Kiss","nr005","SENADO","Senador","nr0052721"
"NR00523","Antonio Horvath Kiss","nr005","SENADO","Senador","nr0053221"
"NR00523","Antonio Horvath Kiss","nr005","SENADO","Senador","nr0053231"
"NR00523","Antonio Horvath Kiss","nr005","SENADO","Senador","nr0053451"
"NR00523","Antonio Horvath Kiss","nr005","SENADO","Senador","nr0051891"
"NR00523","Antonio Horvath Kiss","nr005","SENADO","Senador","nr0052711"
"NR00523","Antonio Horvath Kiss","nr005","SENADO","Senador","nr0053241"
"NR00523","Antonio Horvath Kiss","nr005","SENADO","Senador","nr0053281"
"NR00524","Andrés Zaldívar Larraín","nr005","SENADO","Senador","nr0053461"
"NR00524","Andrés Zaldívar Larraín","nr005","SENADO","Senador","nr0053471"
"NR00524","Andrés Zaldívar Larraín","nr005","SENADO","Senador","nr0053481"
"NR00525","Juan Antonio Coloma Correa","nr005","SENADO","Senador","nr0052311"
"NR00525","Juan Antonio Coloma Correa","nr005","SENADO","Senador","nr0052921"
"NR00525","Juan Antonio Coloma Correa","nr005","SENADO","Senador","nr0052831"
"NR00525","Juan Antonio Coloma Correa","nr005","SENADO","Senador","nr0051741"
"NR00525","Juan Antonio Coloma Correa","nr005","SENADO","Senador","nr0052931"
"NR00525","Juan Antonio Coloma Correa","nr005","SENADO","Senador","nr0053011"
"NR00525","Juan Antonio Coloma Correa","nr005","SENADO","Senador","nr0053021"
"NR00526","Alberto Espina Otero","nr005","SENADO","Senador","nr0052581"
"NR00526","Alberto Espina Otero","nr005","SENADO","Senador","nr0053051"
"NR00526","Alberto Espina Otero","nr005","SENADO","Senador","nr0053071"
"NR00526","Alberto Espina Otero","nr005","SENADO","Senador","nr0052281"
"NR00526","Alberto Espina Otero","nr005","SENADO","Senador","nr0052361"
"NR00526","Alberto Espina Otero","nr005","SENADO","Senador","nr0053081"
"NR00527","José García Ruminot","nr005","SENADO","Senador","nr0051411"
"NR00527","José García Ruminot","nr005","SENADO","Senador","nr0051421"
"NR00527","José García Ruminot","nr005","SENADO","Senador","nr0053301"
"NR00527","José García Ruminot","nr005","SENADO","Senador","nr0052321"
"NR00530","Isabel Allende Bussi","nr005","SENADO","Senador","nr0053091"
"NR00530","Isabel Allende Bussi","nr005","SENADO","Senador","nr0053161"
"NR00531","Francisco Chahuán Chahuán","nr005","SENADO","Senador","nr005901"
"NR00531","Francisco Chahuán Chahuán","nr005","SENADO","Senador","nr0052451"
"NR00531","Francisco Chahuán Chahuán","nr005","SENADO","Senador","nr0052741"
"NR00531","Francisco Chahuán Chahuán","nr005","SENADO","Senador","nr0052801"
"NR00531","Francisco Chahuán Chahuán","nr005","SENADO","Senador","nr0051481"
"NR00531","Francisco Chahuán Chahuán","nr005","SENADO","Senador","nr0052411"
"NR00531","Francisco Chahuán Chahuán","nr005","SENADO","Senador","nr005911"
"NR00531","Francisco Chahuán Chahuán","nr005","SENADO","Senador","nr0051431"
"NR00531","Francisco Chahuán Chahuán","nr005","SENADO","Senador","nr0052751"
"NR00531","Francisco Chahuán Chahuán","nr005","SENADO","Senador","nr0052771"
"NR00531","Francisco Chahuán Chahuán","nr005","SENADO","Senador","nr0052781"
"NR00531","Francisco Chahuán Chahuán","nr005","SENADO","Senador","nr0052391"
"NR00531","Francisco Chahuán Chahuán","nr005","SENADO","Senador","nr0052541"
"NR00531","Francisco Chahuán Chahuán","nr005","SENADO","Senador","nr0052761"
"NR00532","Ricardo Lagos Weber","nr005","SENADO","Senador","nr0051131"
"NR00532","Ricardo Lagos Weber","nr005","SENADO","Senador","nr0051911"
"NR00532","Ricardo Lagos Weber","nr005","SENADO","Senador","nr0051951"
"NR00532","Ricardo Lagos Weber","nr005","SENADO","Senador","nr0051121"
"NR00532","Ricardo Lagos Weber","nr005","SENADO","Senador","nr0053791"
"NR00532","Ricardo Lagos Weber","nr005","SENADO","Senador","nr0052811"
"NR00533","Lily Pérez San Martín","nr005","SENADO","Senador","nr0052961"
"NR00535","Fulvio Rossi Ciocca","nr005","SENADO","Senador","nr0053671"
"NR00536","Eugenio Tuma Zedán","nr005","SENADO","Senador","nr0053631"
"NR00537","Patricio Walker Prieto","nr005","SENADO","Senador","nr0053401"
"NR00538","Ignacio Walker Prieto","nr005","SENADO","Senador","nr0052861"
"NR008FN","JORGE JOSE WINSTON ABBOTT  CHARME","nr008","MINISTERIO PUBLICO","Fiscal Nacional del Ministerio Público","nr00872015991"
"NR008FN","JORGE JOSE WINSTON ABBOTT  CHARME","nr008","MINISTERIO PUBLICO","Fiscal Nacional del Ministerio Público","nr00882015991"
"NR008FN","JORGE JOSE WINSTON ABBOTT  CHARME","nr008","MINISTERIO PUBLICO","Fiscal Nacional del Ministerio Público","nr008102015991"
"NR008FN","JORGE JOSE WINSTON ABBOTT  CHARME","nr008","MINISTERIO PUBLICO","Fiscal Nacional del Ministerio Público","nr008112015991"
"NR008FN","JORGE JOSE WINSTON ABBOTT  CHARME","nr008","MINISTERIO PUBLICO","Fiscal Nacional del Ministerio Público","nr00812015991"
"NR008FN","JORGE JOSE WINSTON ABBOTT  CHARME","nr008","MINISTERIO PUBLICO","Fiscal Nacional del Ministerio Público","nr00852015991"
"NR008FN","JORGE JOSE WINSTON ABBOTT  CHARME","nr008","MINISTERIO PUBLICO","Fiscal Nacional del Ministerio Público","nr00892015991"
"CT00145","Vivianne Amelia Blanlot Soza","ct001","CONSEJO PARA LA TRANSPARENCIA","Consejero del Consejo para la Transparencia","ct0016031"
"NR0021","RAMIRO MENDOZA ZUÑIGA","nr002","CONTRALORIA GENERAL DE LA REPUBLICA","Contralor General ","nr0021171"
"NR0021","RAMIRO MENDOZA ZUÑIGA","nr002","CONTRALORIA GENERAL DE LA REPUBLICA","Contralor General ","nr0021411"
"NR0021","RAMIRO MENDOZA ZUÑIGA","nr002","CONTRALORIA GENERAL DE LA REPUBLICA","Contralor General ","nr0021691"
"NR0021","RAMIRO MENDOZA ZUÑIGA","nr002","CONTRALORIA GENERAL DE LA REPUBLICA","Contralor General ","nr0022431"
"NR0022","PATRICIA ARRIAGADA VILLOUTA","nr002","CONTRALORIA GENERAL DE LA REPUBLICA","Contralor General ","nr0022681"
"NR0022","PATRICIA ARRIAGADA VILLOUTA","nr002","CONTRALORIA GENERAL DE LA REPUBLICA","Contralor General ","nr0021741"
"NR0022","PATRICIA ARRIAGADA VILLOUTA","nr002","CONTRALORIA GENERAL DE LA REPUBLICA","Contralor General ","nr0022041"
"NR0022","PATRICIA ARRIAGADA VILLOUTA","nr002","CONTRALORIA GENERAL DE LA REPUBLICA","Contralor General ","nr0022251"
"NR0022","PATRICIA ARRIAGADA VILLOUTA","nr002","CONTRALORIA GENERAL DE LA REPUBLICA","Contralor General ","nr0022391"
