Año;Trimestre;codigoDonativo;descripcion;pasivo;codigoPasivo;organismo;IdOrPortal;cargo;fechaDonativo;ocasion
2014;4;ab0011713;Calendario;Mahmud Aleuy Peña y Lillo;AB001431;SUBSECRETARÍA DEL INTERIOR;ab001;Subsecretario(a);22-12-2014;Saludos de Fin de Año
2014;4;ab001833;Candelabro Hebreo (Menorá);Mahmud Aleuy Peña y Lillo;AB001431;SUBSECRETARÍA DEL INTERIOR;ab001;Subsecretario(a);16-12-2014;"celebración de Januca,  se entregó  al subsecretario el ""Premio Espíritu Maccabi""  "
2014;4;ab001843;Libro institucional;Mahmud Aleuy Peña y Lillo;AB001431;SUBSECRETARÍA DEL INTERIOR;ab001;Subsecretario(a);17-12-2014;Fiestas Navideñas
2014;4;ab0011063;1 libro, Vicente Huidobro;Rodrigo Julián Peñailillo Briceño;AB001443;SUBSECRETARÍA DEL INTERIOR;ab001;Ministro(a);18-12-2014;Navidad 2014
2014;4;ab0011243;1 Lápiz de cobre;Rodrigo Julián Peñailillo Briceño;AB001443;SUBSECRETARÍA DEL INTERIOR;ab001;Ministro(a);18-12-2014;Actividad Pública Aeropuerto Santiago
2014;4;ab0011323;1 caja Master Chef;Rodrigo Julián Peñailillo Briceño;AB001443;SUBSECRETARÍA DEL INTERIOR;ab001;Ministro(a);18-12-2014;Navidad 2014
2014;4;ab0011333;1 caja de guindas - Agendas;Rodrigo Julián Peñailillo Briceño;AB001443;SUBSECRETARÍA DEL INTERIOR;ab001;Ministro(a);10-12-2014;Navidad
2014;4;ab0011343;Libro Santiago Desde el Aire;Rodrigo Julián Peñailillo Briceño;AB001443;SUBSECRETARÍA DEL INTERIOR;ab001;Ministro(a);17-12-2014;Navidad 2014
2014;4;ab0011483;"1 libro ""Grandes Firmas de El Mercurio en el Mundo""";Rodrigo Julián Peñailillo Briceño;AB001443;SUBSECRETARÍA DEL INTERIOR;ab001;Ministro(a);19-12-2014;Navidad
2014;4;ab0011493;Manta de Alpaca;Rodrigo Julián Peñailillo Briceño;AB001443;SUBSECRETARÍA DEL INTERIOR;ab001;Ministro(a);19-12-2014;Visita de los Niños de Chiu-Chiu
2014;4;ab0011573;Bolsita Semilla, Frutos Secos, Semillas y Vegetales;Rodrigo Julián Peñailillo Briceño;AB001443;SUBSECRETARÍA DEL INTERIOR;ab001;Ministro(a);19-12-2014;Navidad
2014;4;ab0011913;"1 Libro ""Prat""";Rodrigo Julián Peñailillo Briceño;AB001443;SUBSECRETARÍA DEL INTERIOR;ab001;Ministro(a);22-12-2014;Navidad 2014
2014;4;ab0011923;4 Películas Chilenas de Colección;Rodrigo Julián Peñailillo Briceño;AB001443;SUBSECRETARÍA DEL INTERIOR;ab001;Ministro(a);22-12-2014;Navidad 2014
2014;4;ab0012643;1 Canastillo Navidad;Rodrigo Julián Peñailillo Briceño;AB001443;SUBSECRETARÍA DEL INTERIOR;ab001;Ministro(a);23-12-2014;Navidad 2014
2014;4;ab0012653;1 Caja, contiene: merkén, película ;Rodrigo Julián Peñailillo Briceño;AB001443;SUBSECRETARÍA DEL INTERIOR;ab001;Ministro(a);23-12-2014;Navidad 2014
2014;4;ab0014223;Películas Cine Chileno;Rodrigo Julián Peñailillo Briceño;AB001443;SUBSECRETARÍA DEL INTERIOR;ab001;Ministro(a);30-12-2014;Navidad 2014
2014;4;ab001933;1 botella de vino Montes Alpha -carmere;Rodrigo Julián Peñailillo Briceño;AB001443;SUBSECRETARÍA DEL INTERIOR;ab001;Ministro(a);17-12-2014;Cumpleaños 
2014;4;ab001943;1 botella de ;Rodrigo Julián Peñailillo Briceño;AB001443;SUBSECRETARÍA DEL INTERIOR;ab001;Ministro(a);17-12-2014;Navidad
2014;4;ab002113;Libro: El Caballo de Raza Chilena;Ricardo Cifuentes Lillo;AB002648;SUBSECRETARÍA DE DESARROLLO REGIONAL Y ADMINISTRATIVO (SUBDERE);ab002;Subsecretario(a);28-11-2014;Obsequio enviado por correo.
2014;4;ab002123;Revista Capital N° 386;Ricardo Cifuentes Lillo;AB002648;SUBSECRETARÍA DE DESARROLLO REGIONAL Y ADMINISTRATIVO (SUBDERE);ab002;Subsecretario(a);01-12-2014;Cortesía
2014;4;ab002133;Revista América Economía;Ricardo Cifuentes Lillo;AB002648;SUBSECRETARÍA DE DESARROLLO REGIONAL Y ADMINISTRATIVO (SUBDERE);ab002;Subsecretario(a);01-12-2014;Cortesía
2014;4;ab0021703;Portalápices y lápiz pasta.;Ricardo Cifuentes Lillo;AB002648;SUBSECRETARÍA DE DESARROLLO REGIONAL Y ADMINISTRATIVO (SUBDERE);ab002;Subsecretario(a);22-12-2014;Cortesía navideña
2014;4;ab0021763;Texto: El Buen Alcalde.;Ricardo Cifuentes Lillo;AB002648;SUBSECRETARÍA DE DESARROLLO REGIONAL Y ADMINISTRATIVO (SUBDERE);ab002;Subsecretario(a);22-12-2014;Cortesía
2014;4;ab0022003;DVD Kulmapu: serie de televisión sobre la cultura mapuche y frasco de merkén, 50 gramos.;Ricardo Cifuentes Lillo;AB002648;SUBSECRETARÍA DE DESARROLLO REGIONAL Y ADMINISTRATIVO (SUBDERE);ab002;Subsecretario(a);22-12-2014;Cortesía
2014;4;ab0022953;Memoria 60 Años del CRUCH;Ricardo Cifuentes Lillo;AB002648;SUBSECRETARÍA DE DESARROLLO REGIONAL Y ADMINISTRATIVO (SUBDERE);ab002;Subsecretario(a);29-12-2014;Cortesía
2014;4;ab002423;Diccionario de Epistemología.;Ricardo Cifuentes Lillo;AB002648;SUBSECRETARÍA DE DESARROLLO REGIONAL Y ADMINISTRATIVO (SUBDERE);ab002;Subsecretario(a);08-12-2014;Cortesía
2014;4;ab002533;Caja de Guindas y Agenda.;Ricardo Cifuentes Lillo;AB002648;SUBSECRETARÍA DE DESARROLLO REGIONAL Y ADMINISTRATIVO (SUBDERE);ab002;Subsecretario(a);11-12-2014;Cortesía navideña
2014;4;ab002753;Revista Capital N° 387;Ricardo Cifuentes Lillo;AB002648;SUBSECRETARÍA DE DESARROLLO REGIONAL Y ADMINISTRATIVO (SUBDERE);ab002;Subsecretario(a);16-12-2014;Cortesía
2014;4;ab0931823;"Libro ""El Capital en el Siglo XXI"". Tomas Piketty.";Antonio Frey Valdés;AB093655;SUBSECRETARÍA DE PREVENCIÓN DE DELITOS;ab093;Subsecretario(a);18-12-2014;Saludo por fiestas de fin de año
2014;4;ab0931833;"Libro ""Santiago desde el Aire""";Antonio Frey Valdés;AB093655;SUBSECRETARÍA DE PREVENCIÓN DE DELITOS;ab093;Subsecretario(a);19-12-2014;Saludo por fiestas de fin de año
2014;4;ab0931843;Frasco de Miel Orgánica;Antonio Frey Valdés;AB093655;SUBSECRETARÍA DE PREVENCIÓN DE DELITOS;ab093;Subsecretario(a);19-12-2014;Saludo por fiestas de fin de año
2014;4;ab0932833;Agenda año 2015;Antonio Frey Valdés;AB093655;SUBSECRETARÍA DE PREVENCIÓN DE DELITOS;ab093;Subsecretario(a);23-12-2014;Saludo por fiestas de fin de año
2014;4;ab0932843;Corbata;Antonio Frey Valdés;AB093655;SUBSECRETARÍA DE PREVENCIÓN DE DELITOS;ab093;Subsecretario(a);23-12-2014;Saludo por fiestas de fin de año
2014;4;ab0932853;Galletas;Antonio Frey Valdés;AB093655;SUBSECRETARÍA DE PREVENCIÓN DE DELITOS;ab093;Subsecretario(a);23-12-2014;Saludo por fiestas de fin de año
2014;4;ab0933163;Calendario año 2015;Antonio Frey Valdés;AB093655;SUBSECRETARÍA DE PREVENCIÓN DE DELITOS;ab093;Subsecretario(a);29-12-2014;Saludo por fiestas de fin de año
2014;4;ac0019213;CALENDARIO;Armin Andereya Latorre;AC001225;SUBSECRETARÍA DE RELACIONES EXTERIORES;ac001;Embajador de Chile ante la Misión de Chile en Viena;24-12-2014;NAVIDAD
2014;4;ac0019223;DATILES;Armin Andereya Latorre;AC001225;SUBSECRETARÍA DE RELACIONES EXTERIORES;ac001;Embajador de Chile ante la Misión de Chile en Viena;24-12-2014;NAVIDAD
2014;4;ac0019233;DATILES;Armin Andereya Latorre;AC001225;SUBSECRETARÍA DE RELACIONES EXTERIORES;ac001;Embajador de Chile ante la Misión de Chile en Viena;24-12-2014;NAVIDAD
2014;4;ac0019243;LIBRO;Armin Andereya Latorre;AC001225;SUBSECRETARÍA DE RELACIONES EXTERIORES;ac001;Embajador de Chile ante la Misión de Chile en Viena;24-12-2014;NAVIDAD
2014;4;ac0019253;BOTELLA DE VINO;Armin Andereya Latorre;AC001225;SUBSECRETARÍA DE RELACIONES EXTERIORES;ac001;Embajador de Chile ante la Misión de Chile en Viena;24-12-2014;NAVIDAD
2014;4;ac0019263;BOTELLA DE VINO;Armin Andereya Latorre;AC001225;SUBSECRETARÍA DE RELACIONES EXTERIORES;ac001;Embajador de Chile ante la Misión de Chile en Viena;24-12-2014;NAVIDAD
2014;4;ac0019273;AGENDA;Armin Andereya Latorre;AC001225;SUBSECRETARÍA DE RELACIONES EXTERIORES;ac001;Embajador de Chile ante la Misión de Chile en Viena;24-12-2014;NAVIDAD
2014;4;ac0014233;Artesanía y destilado típico de Rusia;Edgardo Riveros Marin;AC001463;SUBSECRETARÍA DE RELACIONES EXTERIORES;ac001;Subsecretario de Relaciones Exteriores;11-12-2014;Fin de año
2014;4;ac0014243;Destilado típico de Corea;Edgardo Riveros Marin;AC001463;SUBSECRETARÍA DE RELACIONES EXTERIORES;ac001;Subsecretario de Relaciones Exteriores;11-12-2014;Fin de Año
2014;4;ac0014253;Ejemplar de vino típico de Israel;Edgardo Riveros Marin;AC001463;SUBSECRETARÍA DE RELACIONES EXTERIORES;ac001;Subsecretario de Relaciones Exteriores;17-12-2014;Fin de Año
2014;4;ac0014263;Cuadro típico en cobre de Egipto;Edgardo Riveros Marin;AC001463;SUBSECRETARÍA DE RELACIONES EXTERIORES;ac001;Subsecretario de Relaciones Exteriores;17-12-2014;Fin de Año
2014;4;ac0014343;Dos botellas de vino ;Edgardo Riveros Marin;AC001463;SUBSECRETARÍA DE RELACIONES EXTERIORES;ac001;Subsecretario de Relaciones Exteriores;19-12-2014;Fin de Año
2014;4;ac0014353;Un calendario y una caja de té;Edgardo Riveros Marin;AC001463;SUBSECRETARÍA DE RELACIONES EXTERIORES;ac001;Subsecretario de Relaciones Exteriores;22-12-2014;Fin de Año
2014;4;ac0014363;Selección de degustaciones gastronómicas típicas;Edgardo Riveros Marin;AC001463;SUBSECRETARÍA DE RELACIONES EXTERIORES;ac001;Subsecretario de Relaciones Exteriores;23-12-2014;Fin de Año
2014;4;ac0014373;Selección de degustaciones y destilado típico;Edgardo Riveros Marin;AC001463;SUBSECRETARÍA DE RELACIONES EXTERIORES;ac001;Subsecretario de Relaciones Exteriores;23-12-2014;Fin de Año
2014;4;ac0014383;Cinco compact disc de selección;Edgardo Riveros Marin;AC001463;SUBSECRETARÍA DE RELACIONES EXTERIORES;ac001;Subsecretario de Relaciones Exteriores;23-12-2014;Fin de Año
2014;4;ac0011143;LIBRO;Heraldo Muñoz Valenzuela;AC001497;SUBSECRETARÍA DE RELACIONES EXTERIORES;ac001;Ministro de Relaciones Exteriores;03-12-2014;FIESTAS DE FIN DE AÑO 
2014;4;ac0011153;LICOR;Heraldo Muñoz Valenzuela;AC001497;SUBSECRETARÍA DE RELACIONES EXTERIORES;ac001;Ministro de Relaciones Exteriores;08-12-2014;FIESTAS FIN DE AÑO 
2014;4;ac0011163;VINO;Heraldo Muñoz Valenzuela;AC001497;SUBSECRETARÍA DE RELACIONES EXTERIORES;ac001;Ministro de Relaciones Exteriores;11-12-2014;FIESTAS DE FIN DE AÑO 
2014;4;ac0011173;LICOR Y UN PRESENTE ;Heraldo Muñoz Valenzuela;AC001497;SUBSECRETARÍA DE RELACIONES EXTERIORES;ac001;Ministro de Relaciones Exteriores;09-12-2014;FIESTAS DE FIN DE AÑO 
2014;4;ac0011183;UN PRESENTE ;Heraldo Muñoz Valenzuela;AC001497;SUBSECRETARÍA DE RELACIONES EXTERIORES;ac001;Ministro de Relaciones Exteriores;10-12-2014;FIESTAS DE FIN DE AÑO 
2014;4;ac0011193;LIBRO ;Heraldo Muñoz Valenzuela;AC001497;SUBSECRETARÍA DE RELACIONES EXTERIORES;ac001;Ministro de Relaciones Exteriores;11-12-2014;FIESTAS DE FIN DE AÑO  
2014;4;ac0011203;LICOR;Heraldo Muñoz Valenzuela;AC001497;SUBSECRETARÍA DE RELACIONES EXTERIORES;ac001;Ministro de Relaciones Exteriores;16-12-2014;FIESTAS DE FIN DE AÑO 
2014;4;ac0011213;FIGURA DECORATIVA ;Heraldo Muñoz Valenzuela;AC001497;SUBSECRETARÍA DE RELACIONES EXTERIORES;ac001;Ministro de Relaciones Exteriores;17-12-2014;FIESTAS DE FIN DE AÑO 
2014;4;ac0011223;LIBRO ;Heraldo Muñoz Valenzuela;AC001497;SUBSECRETARÍA DE RELACIONES EXTERIORES;ac001;Ministro de Relaciones Exteriores;18-12-2014;FIESTAS DE FIN DE AÑO 
2014;4;ac0011273; BANDERA;Heraldo Muñoz Valenzuela;AC001497;SUBSECRETARÍA DE RELACIONES EXTERIORES;ac001;Ministro de Relaciones Exteriores;16-12-2014;REUNION DE TRABAJO CON INTENDENTE DE MAGALLENES
2014;4;ac0011503;LIBRO;Heraldo Muñoz Valenzuela;AC001497;SUBSECRETARÍA DE RELACIONES EXTERIORES;ac001;Ministro de Relaciones Exteriores;19-12-2014;FIESTA DE FIN DE AÑO
2014;4;ac0011973;LIBRO;Heraldo Muñoz Valenzuela;AC001497;SUBSECRETARÍA DE RELACIONES EXTERIORES;ac001;Ministro de Relaciones Exteriores;22-12-2014;FIESTAS DE FIN DE AÑO 
2014;4;ac0011983;VINO;Heraldo Muñoz Valenzuela;AC001497;SUBSECRETARÍA DE RELACIONES EXTERIORES;ac001;Ministro de Relaciones Exteriores;22-12-2014;FIESTAS DE FIN DE AÑO 
2014;4;ac0011993;LIBRO;Heraldo Muñoz Valenzuela;AC001497;SUBSECRETARÍA DE RELACIONES EXTERIORES;ac001;Ministro de Relaciones Exteriores;22-12-2014;FIESTA DE FIN DE AÑO 
2014;4;ac0012183;CHAMPAÑA  ;Heraldo Muñoz Valenzuela;AC001497;SUBSECRETARÍA DE RELACIONES EXTERIORES;ac001;Ministro de Relaciones Exteriores;23-12-2014;fiestas fin de año 
2014;4;ac0012203;BOLSA  CON PRODUCTOS TAILANDESES ;Heraldo Muñoz Valenzuela;AC001497;SUBSECRETARÍA DE RELACIONES EXTERIORES;ac001;Ministro de Relaciones Exteriores;23-12-2014;FIESTAS DE FIN DE AÑO 
2014;4;ac0012213;LIBRO;Heraldo Muñoz Valenzuela;AC001497;SUBSECRETARÍA DE RELACIONES EXTERIORES;ac001;Ministro de Relaciones Exteriores;23-12-2014;FIESTAS DE FIN DE AÑO
2014;4;ac0012223;CAJA CON CEREZAS;Heraldo Muñoz Valenzuela;AC001497;SUBSECRETARÍA DE RELACIONES EXTERIORES;ac001;Ministro de Relaciones Exteriores;18-12-2014;FIESTA DE FIN DE AÑO 
2014;4;ac0012323;COLECCION DE DVD;Heraldo Muñoz Valenzuela;AC001497;SUBSECRETARÍA DE RELACIONES EXTERIORES;ac001;Ministro de Relaciones Exteriores;23-12-2014;FIESTAS DE FIN DE AÑO 
2014;4;ac0014613;CAJA DE CHOCOLATES;Alejandro Bahamondes Saavedra;AC001690;SUBSECRETARÍA DE RELACIONES EXTERIORES;ac001;Embajador de Chile en Paraguay;31-12-2014;SALUDO FIN DE AÑO
2014;4;ac0014623;CANASTA DE PRODUCTOS LACTEOS;Alejandro Bahamondes Saavedra;AC001690;SUBSECRETARÍA DE RELACIONES EXTERIORES;ac001;Embajador de Chile en Paraguay;31-12-2014;SALUDO FIN DE AÑO
2014;4;ac0014633;TAZON;Alejandro Bahamondes Saavedra;AC001690;SUBSECRETARÍA DE RELACIONES EXTERIORES;ac001;Embajador de Chile en Paraguay;31-12-2014;SALUDO FIN DE AÑO
2014;4;ac0014643;"LIBRO: ""MUSEO NACIONAL DE BELLAS ARTES, COLECCION GODOY";Alejandro Bahamondes Saavedra;AC001690;SUBSECRETARÍA DE RELACIONES EXTERIORES;ac001;Embajador de Chile en Paraguay;31-12-2014;SALUDO FIN DE AÑO
2014;4;ac0014653;AGENDA PEQUEÑA;Alejandro Bahamondes Saavedra;AC001690;SUBSECRETARÍA DE RELACIONES EXTERIORES;ac001;Embajador de Chile en Paraguay;31-12-2014;SALUDO FIN DE AÑO
2014;4;ac001103;Marco de Foto de aluminio de 5x7;Cristian Pedro Barros Melet;AC001695;SUBSECRETARÍA DE RELACIONES EXTERIORES;ac001;Embajador de Chile en Mision ONU;01-12-2014;Navidad 2014
2014;4;ac0015693;Caja de chocolates Lindt surtidos 500 grs. y Panettone Perbellini Tradicional;Hector Casanueva Ojeda;AC001702;SUBSECRETARÍA DE RELACIONES EXTERIORES;ac001;Embajador de Chile en Mision OMC;19-12-2014;Saludo de Fin de Año
2014;4;ac0015703;Chocolates surtido imperial Koon Haakon 1000 grs.;Hector Casanueva Ojeda;AC001702;SUBSECRETARÍA DE RELACIONES EXTERIORES;ac001;Embajador de Chile en Mision OMC;19-12-2014;Saludo de fin de año
2014;4;ac0015713;1 botella de Vino Pinot Noir Craggie Range;Hector Casanueva Ojeda;AC001702;SUBSECRETARÍA DE RELACIONES EXTERIORES;ac001;Embajador de Chile en Mision OMC;19-12-2014;Saludo de fin de año
2014;4;ac0015723;Caja de chocolates Vdohnovenie 400 grs.;Hector Casanueva Ojeda;AC001702;SUBSECRETARÍA DE RELACIONES EXTERIORES;ac001;Embajador de Chile en Mision OMC;18-12-2014;Saludo de fin de año
2014;4;ac0015733;1 botella de Vino Fanagoria Saperavi Numeric Reserve;Hector Casanueva Ojeda;AC001702;SUBSECRETARÍA DE RELACIONES EXTERIORES;ac001;Embajador de Chile en Mision OMC;18-12-2014;Saludo de Fin de Año
2014;4;ac0015743;"Caja de chocolates ´Lindt ""Praliné du Confiseur"" 1000 grs.";Hector Casanueva Ojeda;AC001702;SUBSECRETARÍA DE RELACIONES EXTERIORES;ac001;Embajador de Chile en Mision OMC;17-12-2014;Saludo de fin de año
2014;4;ac0015753;1 Agenda 2015;Hector Casanueva Ojeda;AC001702;SUBSECRETARÍA DE RELACIONES EXTERIORES;ac001;Embajador de Chile en Mision OMC;16-12-2014;Saludo de fin de año
2014;4;ac0015763;1 botella de vino Jaillance espumante;Hector Casanueva Ojeda;AC001702;SUBSECRETARÍA DE RELACIONES EXTERIORES;ac001;Embajador de Chile en Mision OMC;16-12-2014;saludo de fin de año
2014;4;ac0015773;1 botella de licor de Tannat Pisano;Hector Casanueva Ojeda;AC001702;SUBSECRETARÍA DE RELACIONES EXTERIORES;ac001;Embajador de Chile en Mision OMC;15-12-2014;Saludo de fin de año
2014;4;ac0014073;Vino;Francisco Cruz Fuenzalida;AC001705;SUBSECRETARÍA DE RELACIONES EXTERIORES;ac001;Embajador de Chile en Panamá;04-12-2014;Cortesía
2014;4;ac0014083;Canasta con Licores y Vinos;Francisco Cruz Fuenzalida;AC001705;SUBSECRETARÍA DE RELACIONES EXTERIORES;ac001;Embajador de Chile en Panamá;22-12-2014;Fiestas de Fin de Año
2014;4;ac0014093;Hielera;Francisco Cruz Fuenzalida;AC001705;SUBSECRETARÍA DE RELACIONES EXTERIORES;ac001;Embajador de Chile en Panamá;19-12-2014;Fiestas de Fin de Año
2014;4;ac001433;2 cubre cojines de seda;Jose Miguel Cruz Sanchez;AC001706;SUBSECRETARÍA DE RELACIONES EXTERIORES;ac001;Embajador de Chile en Noruega;03-12-2014;Cena en honor del Sr Kjell Ovtum.
2014;4;ac001443;muestras de café y té Monsson Malabak, India;Jose Miguel Cruz Sanchez;AC001706;SUBSECRETARÍA DE RELACIONES EXTERIORES;ac001;Embajador de Chile en Noruega;03-12-2014;Cena en honor del Sr Kjell Ovtum.
2014;4;ac001453;una botella de Vino tinto Rioja 2001;Jose Miguel Cruz Sanchez;AC001706;SUBSECRETARÍA DE RELACIONES EXTERIORES;ac001;Embajador de Chile en Noruega;03-12-2014;Cena en honor del Sr Kjell Ovtum.
2014;4;ac001473;1 botella de Ron Flor de Caña;Jose Miguel Cruz Sanchez;AC001706;SUBSECRETARÍA DE RELACIONES EXTERIORES;ac001;Embajador de Chile en Noruega;03-12-2014;Cena en honor del Sr Kjell Ovtum.
2014;4;ac001483;1 botella de Champagne Veuve Clicquot Brut;Jose Miguel Cruz Sanchez;AC001706;SUBSECRETARÍA DE RELACIONES EXTERIORES;ac001;Embajador de Chile en Noruega;03-12-2014;Cena en honor del Sr Kjell Ovtum.
2014;4;ac0012373;Botella de vino, donada a la Embajada para actividades oficiales;Marcelo Diaz Diaz;AC001709;SUBSECRETARÍA DE RELACIONES EXTERIORES;ac001;Embajador de Chile en Argentina;22-12-2014;Navidad 2014
2014;4;ac0012383;1 botella de Vino, donada a la Embajada para el desarrollo de actividades oficiales;Marcelo Diaz Diaz;AC001709;SUBSECRETARÍA DE RELACIONES EXTERIORES;ac001;Embajador de Chile en Argentina;22-12-2014;Navidad
2014;4;ac0012393;2 botellas de Vino, donadas a la Embajada para el desarrollo de actividades oficiales;Marcelo Diaz Diaz;AC001709;SUBSECRETARÍA DE RELACIONES EXTERIORES;ac001;Embajador de Chile en Argentina;23-12-2014;Navidad
2014;4;ac0012693;3 botellas de Champagne, donadas a la Embajada para el desarrollo de actividades oficiales;Marcelo Diaz Diaz;AC001709;SUBSECRETARÍA DE RELACIONES EXTERIORES;ac001;Embajador de Chile en Argentina;23-12-2014;Navidad
2014;4;ac0012713;6 botellas de Vino, donadas a la Embajada para el desarrollo de actividades oficiales;Marcelo Diaz Diaz;AC001709;SUBSECRETARÍA DE RELACIONES EXTERIORES;ac001;Embajador de Chile en Argentina;19-12-2014;Navidad
2014;4;ac0017873;Una botella de ron Medellín Gran Reserva ;Juan Pablo Lira Bianchi;AC001729;SUBSECRETARÍA DE RELACIONES EXTERIORES;ac001;Embajador de Chile en Mision OEA;12-12-2014;Obsequio de Navidad al Jefe de Mision
2014;4;ac0017883;Una botella de ron de Mount Gay de Barbados;Juan Pablo Lira Bianchi;AC001729;SUBSECRETARÍA DE RELACIONES EXTERIORES;ac001;Embajador de Chile en Mision OEA;17-12-2014;Obsequio de Navidad al Jefe de Misión
2014;4;ac0017893;Una botella de ron Antiguo de Solera de Venezuela ;Juan Pablo Lira Bianchi;AC001729;SUBSECRETARÍA DE RELACIONES EXTERIORES;ac001;Embajador de Chile en Mision OEA;22-12-2014;Obsequio de Fin de Año al Jefe de Misión
2014;4;ac0017903;Una botelle de vino francés Chateau Clos de Verdun;Juan Pablo Lira Bianchi;AC001729;SUBSECRETARÍA DE RELACIONES EXTERIORES;ac001;Embajador de Chile en Mision OEA;30-12-2014;Obsequio al Jefe de Misión con motivo Fin de Año
2014;4;ac0011113;Un Pañuelo (Pashimina);Marta Mauras Pérez;AC001731;SUBSECRETARÍA DE RELACIONES EXTERIORES;ac001;Embajador(a) de Chile en Mision Ginebra;03-12-2014;presente  de navidad embajador de Pakistan
2014;4;ac0011123;Una Botella De Vino y una botella de Champagne;Marta Mauras Pérez;AC001731;SUBSECRETARÍA DE RELACIONES EXTERIORES;ac001;Embajador(a) de Chile en Mision Ginebra;09-12-2014;Presente navideño
2014;4;ac0011133;Una Botella de aceite de Oliva, Un Tomillo;Marta Mauras Pérez;AC001731;SUBSECRETARÍA DE RELACIONES EXTERIORES;ac001;Embajador(a) de Chile en Mision Ginebra;10-12-2014;Presente navideño
2014;4;ac0011473;Un kilo de arroz Gourmet;Marta Mauras Pérez;AC001731;SUBSECRETARÍA DE RELACIONES EXTERIORES;ac001;Embajador(a) de Chile en Mision Ginebra;19-12-2014;presente navideño
2014;4;ac0014273;Caja de té verde  Chino;Carlos Olguin Cigarroa;AC001737;SUBSECRETARÍA DE RELACIONES EXTERIORES;ac001;Embajador Alterno de Chile en Mision ONU;19-12-2014;Presente con ocasión de Termino del año
2014;4;ac0014283;Botella Licor de Cachaca;Carlos Olguin Cigarroa;AC001737;SUBSECRETARÍA DE RELACIONES EXTERIORES;ac001;Embajador Alterno de Chile en Mision ONU;22-12-2014;Presente con ocasión de Fiestas de Fin de Año
2014;4;ac0014293;Caja de Higos ;Carlos Olguin Cigarroa;AC001737;SUBSECRETARÍA DE RELACIONES EXTERIORES;ac001;Embajador Alterno de Chile en Mision ONU;23-12-2014;Presente con ocasión de fiestas de Fin de año
2014;4;ac0015363;Cuadro Típico ;Carlos Olguin Cigarroa;AC001737;SUBSECRETARÍA DE RELACIONES EXTERIORES;ac001;Embajador Alterno de Chile en Mision ONU;05-12-2014;Reciprocidad, regalo de Chad con ocasión de la Presidencia al Consejo de Seguridad 
2014;4;ac0014303;Una botella de Vodka;Eduardo Pablo Tapia Riepel;AC001747;SUBSECRETARÍA DE RELACIONES EXTERIORES;ac001;Embajador de Chile en Finlandia;10-12-2014;Saludo Navidad
2014;4;ad008363;01 Lapiz;Jorge Robles Mella;AD00833;FUERZA AÉREA DE CHILE;ad008;Comandante en Jefe;03-12-2014;Saludo Protocolar
2014;4;ad0104483;CDS Selecciòn Programa Pro Fondo CNTV y tarjeta de Navidad.;Marcos Vasquez Meza;AD010214;POLICÍA DE INVESTIGACIONES DE CHILE;ad010;Director General de la Policía de Investigaciones de Chile;22-12-2014;Saludo de Navidad
2014;4;ad0104493;"Libro: Vicente Huidobro ""En la Constelaciòn Cantante de las Aguas y tarjeta de Navidad""";Marcos Vasquez Meza;AD010214;POLICÍA DE INVESTIGACIONES DE CHILE;ad010;Director General de la Policía de Investigaciones de Chile;23-12-2014;Saludo de Navidad
2014;4;ad0104503;01 Vino y tarjeta de Navidad.;Marcos Vasquez Meza;AD010214;POLICÍA DE INVESTIGACIONES DE CHILE;ad010;Director General de la Policía de Investigaciones de Chile;23-12-2014;Saludo de Navidad.
2014;4;ad0104513;01 Vino y tarjeta navideña;Marcos Vasquez Meza;AD010214;POLICÍA DE INVESTIGACIONES DE CHILE;ad010;Director General de la Policía de Investigaciones de Chile;26-12-2014;Saludo de Navidad.
2014;4;ad0212783;Botella de Licor de 750 ml (Lee Gang Ju).;Marcos Robledo Hoecker;AD02138;SUBSECRETARIA DE DEFENSA;ad021;Subsecretario(a);19-12-2014;Obsequio de Navidad.
2014;4;ad0221233;Galvano de reconocimiento;Jorge Alfonso Burgos Varela;AD02260;SUBSECRETARIA PARA LAS FUERZAS ARMADAS;ad022;Ministro(a);18-12-2014;En el día nacional antilavado de activos
2014;4;ad022183;Merchandising empresa: 4 llaveros;Jorge Alfonso Burgos Varela;AD02260;SUBSECRETARIA PARA LAS FUERZAS ARMADAS;ad022;Ministro(a);02-12-2014;Exponaval
2014;4;ad0221883;Revista Defensa Global N° 9 / Botella de vino;Jorge Alfonso Burgos Varela;AD02260;SUBSECRETARIA PARA LAS FUERZAS ARMADAS;ad022;Ministro(a);22-12-2014;Saludos de fin de año
2014;4;ad022193;Merchandising empresa: Tazón, lapices, folletería y gorro tipo jockey.;Jorge Alfonso Burgos Varela;AD02260;SUBSECRETARIA PARA LAS FUERZAS ARMADAS;ad022;Ministro(a);02-12-2014;Exponaval
2014;4;ad022203;Merchandising empresa: Lapiceras y porta lápiz ;Jorge Alfonso Burgos Varela;AD02260;SUBSECRETARIA PARA LAS FUERZAS ARMADAS;ad022;Ministro(a);02-12-2014;Exponaval
2014;4;ad022213;Medallas decorativas;Jorge Alfonso Burgos Varela;AD02260;SUBSECRETARIA PARA LAS FUERZAS ARMADAS;ad022;Ministro(a);02-12-2014;Exponaval
2014;4;ad0222233;Canasto con artículos de comida y bebestibles;Jorge Alfonso Burgos Varela;AD02260;SUBSECRETARIA PARA LAS FUERZAS ARMADAS;ad022;Ministro(a);22-12-2014;Saludo de navidad
2014;4;ad0222243;Libro Matilde Pérez;Jorge Alfonso Burgos Varela;AD02260;SUBSECRETARIA PARA LAS FUERZAS ARMADAS;ad022;Ministro(a);07-12-2014;Saludo de Navidad
2014;4;ad0222253;Libros: Fundamentos de la Sociedad Libre / La Otra Mirada de Niall Ferguson;Jorge Alfonso Burgos Varela;AD02260;SUBSECRETARIA PARA LAS FUERZAS ARMADAS;ad022;Ministro(a);17-12-2014;Saludo navideño
2014;4;ad0222263;Libro Santiago desde el aire;Jorge Alfonso Burgos Varela;AD02260;SUBSECRETARIA PARA LAS FUERZAS ARMADAS;ad022;Ministro(a);18-12-2014;Saludo de Navidad
2014;4;ad0222273;Calendario decorativo;Jorge Alfonso Burgos Varela;AD02260;SUBSECRETARIA PARA LAS FUERZAS ARMADAS;ad022;Ministro(a);12-12-2014;Saludo navideño
2014;4;ad0222333;Cuchillo decorativo;Jorge Alfonso Burgos Varela;AD02260;SUBSECRETARIA PARA LAS FUERZAS ARMADAS;ad022;Ministro(a);22-12-2014;"Botadura del B.E. ""Unión"" (Perú)"
2014;4;ad0222553;Agenda;Jorge Alfonso Burgos Varela;AD02260;SUBSECRETARIA PARA LAS FUERZAS ARMADAS;ad022;Ministro(a);22-12-2014;Saludo de Navidad
2014;4;ad0222563;Libro Museo Histórico Nacional;Jorge Alfonso Burgos Varela;AD02260;SUBSECRETARIA PARA LAS FUERZAS ARMADAS;ad022;Ministro(a);22-12-2014;Saludo de Navidad
2014;4;ad0222573;Colección DVD/CNTV;Jorge Alfonso Burgos Varela;AD02260;SUBSECRETARIA PARA LAS FUERZAS ARMADAS;ad022;Ministro(a);23-12-2014;Saludo de Navidad
2014;4;ad0222583;Merchandising empresa / taco;Jorge Alfonso Burgos Varela;AD02260;SUBSECRETARIA PARA LAS FUERZAS ARMADAS;ad022;Ministro(a);23-12-2014;Saludo de Navidad
2014;4;ad0222593;Libro El avión de Havilland Vampire;Jorge Alfonso Burgos Varela;AD02260;SUBSECRETARIA PARA LAS FUERZAS ARMADAS;ad022;Ministro(a);23-12-2014;En el marco del 60° aniversario del primer vuelo de un reactor nacional.
2014;4;ad0222603;Libro Grandes Firmas del Mundo en El Mercurio;Jorge Alfonso Burgos Varela;AD02260;SUBSECRETARIA PARA LAS FUERZAS ARMADAS;ad022;Ministro(a);22-12-2014;Saludo de Navidad
2014;4;ad0222613;Revista PUCV;Jorge Alfonso Burgos Varela;AD02260;SUBSECRETARIA PARA LAS FUERZAS ARMADAS;ad022;Ministro(a);22-12-2014;Informativa
2014;4;ad0222623;CD Amores Notables / Grupo Dial;Jorge Alfonso Burgos Varela;AD02260;SUBSECRETARIA PARA LAS FUERZAS ARMADAS;ad022;Ministro(a);23-12-2014;Merchandising promocional
2014;4;ad022503;"Libro ""The History of Embraer"".";Jorge Alfonso Burgos Varela;AD02260;SUBSECRETARIA PARA LAS FUERZAS ARMADAS;ad022;Ministro(a);11-12-2014;Audiencia
2014;4;ad022513;Cuadro decorativo;Jorge Alfonso Burgos Varela;AD02260;SUBSECRETARIA PARA LAS FUERZAS ARMADAS;ad022;Ministro(a);11-12-2014;Visita del Embajador de Vietnam, Ngo Duc Thang
2014;4;ad022603;Agenda y cajón de Fruta;Jorge Alfonso Burgos Varela;AD02260;SUBSECRETARIA PARA LAS FUERZAS ARMADAS;ad022;Ministro(a);12-12-2014;Regalo de Navidad
2014;4;ad022823;Libro/ Espacio Público memoria anual 2014;Jorge Alfonso Burgos Varela;AD02260;SUBSECRETARIA PARA LAS FUERZAS ARMADAS;ad022;Ministro(a);17-12-2014;memoria institucional
2014;4;ad02293;"Libro ""Un alma de Dios"" / Gustave Flaubert";Jorge Alfonso Burgos Varela;AD02260;SUBSECRETARIA PARA LAS FUERZAS ARMADAS;ad022;Ministro(a);01-12-2014;Regalo de Navidad
2014;4;ae0013313;1 Libro sobre Caballos;Alberto  Arenas de Mesa;AE00185;SUBSECRETARÍA DE HACIENDA;ae001;Ministro;28-11-2014;Regalo de Navidad
2014;4;ae0013323;"1 Libro ""Mar de Chile""";Alberto  Arenas de Mesa;AE00185;SUBSECRETARÍA DE HACIENDA;ae001;Ministro;28-11-2014;Regalo de Navidad
2014;4;ae0013333;1 Caja de Chocolates;Alberto  Arenas de Mesa;AE00185;SUBSECRETARÍA DE HACIENDA;ae001;Ministro;04-12-2014;Regalo de Navidad
2014;4;ae0013343;1 Bolso de Viaje;Alberto  Arenas de Mesa;AE00185;SUBSECRETARÍA DE HACIENDA;ae001;Ministro;05-12-2014;Regalo de Navidad
2014;4;ae0013353;1 Caja de cerezas y 1 agenda;Alberto  Arenas de Mesa;AE00185;SUBSECRETARÍA DE HACIENDA;ae001;Ministro;10-12-2014;Regalo de Navidad
2014;4;ae0013363;1 Libro de Pintura de Matilde Pérez;Alberto  Arenas de Mesa;AE00185;SUBSECRETARÍA DE HACIENDA;ae001;Ministro;10-12-2014;Regalo de Navidad
2014;4;ae0013373;"1 Libro ""Otra mirada""";Alberto  Arenas de Mesa;AE00185;SUBSECRETARÍA DE HACIENDA;ae001;Ministro;16-12-2014;Regalo de Navidad
2014;4;ae0013383;1 Bolso y 1 tarjeta de navidad;Alberto  Arenas de Mesa;AE00185;SUBSECRETARÍA DE HACIENDA;ae001;Ministro;17-12-2014;Regalo de Navidad
2014;4;ae0013393;1 Libro Santiago desde el Aire;Alberto  Arenas de Mesa;AE00185;SUBSECRETARÍA DE HACIENDA;ae001;Ministro;17-12-2014;Regalo de Navidad
2014;4;ae0013403;1 Calendario 2015;Alberto  Arenas de Mesa;AE00185;SUBSECRETARÍA DE HACIENDA;ae001;Ministro;19-12-2014;Regalo de Navidad
2014;4;ae0013413;1 Agenda 2015 Turkiye;Alberto  Arenas de Mesa;AE00185;SUBSECRETARÍA DE HACIENDA;ae001;Ministro;19-12-2014;Regalo de Navidad
2014;4;ae0013423;1 Libro de Prat;Alberto  Arenas de Mesa;AE00185;SUBSECRETARÍA DE HACIENDA;ae001;Ministro;19-12-2014;Regalo de Navidad
2014;4;ae0013433;1 Libro Vicente Huidobro;Alberto  Arenas de Mesa;AE00185;SUBSECRETARÍA DE HACIENDA;ae001;Ministro;19-12-2014;Regalo de Navidad
2014;4;ae0013443;1 Cuadro de Francisco Bustamante;Alberto  Arenas de Mesa;AE00185;SUBSECRETARÍA DE HACIENDA;ae001;Ministro;19-12-2014;Regalo de Navidad
2014;4;ae0013453;1 Calendario y caja de dulces;Alberto  Arenas de Mesa;AE00185;SUBSECRETARÍA DE HACIENDA;ae001;Ministro;19-12-2014;Regalo de Navidad
2014;4;ae0013463;1 Calendario 2015;Alberto  Arenas de Mesa;AE00185;SUBSECRETARÍA DE HACIENDA;ae001;Ministro;17-12-2014;Regalo de Navidad
2014;4;ae0013473;"1 Disco Compacto CD ""Amores Notables""";Alberto  Arenas de Mesa;AE00185;SUBSECRETARÍA DE HACIENDA;ae001;Ministro;22-12-2014;Regalo de Navidad
2014;4;ae0013483;1 Libro Grandes firmas del mundo ;Alberto  Arenas de Mesa;AE00185;SUBSECRETARÍA DE HACIENDA;ae001;Ministro;22-12-2014;Regalo de Navidad
2014;4;ae0013503;"1 Libro  ""El nuevo valle costero""";Alberto  Arenas de Mesa;AE00185;SUBSECRETARÍA DE HACIENDA;ae001;Ministro;23-12-2014;Regalo de Navidad
2014;4;ae0013513;1 Hielera y 1 coctelera;Alberto  Arenas de Mesa;AE00185;SUBSECRETARÍA DE HACIENDA;ae001;Ministro;24-12-2014;Regalo de Navidad
2014;4;ae0013523;1 Set de DVD Cine Chileno;Alberto  Arenas de Mesa;AE00185;SUBSECRETARÍA DE HACIENDA;ae001;Ministro;26-12-2014;Regalo de Navidad
2014;4;af0011253;Publicación del Museo Histórico Nacional  y tarjeta navideña;Ximena Cecilia  Rincon Gonzalez;AF001219;SUBSECRETARÍA GENERAL DE LA PRESIDENCIA;af001;Ministro(a);18-12-2014;Regalo Navidad 
2014;4;af0011263;Agenda 2015 del Ministerio de Relaciones Exteriores de Turquía y tarjeta navideña;Ximena Cecilia  Rincon Gonzalez;AF001219;SUBSECRETARÍA GENERAL DE LA PRESIDENCIA;af001;Ministro(a);18-12-2014;Regalo Navidad
2014;4;af0011603;Libro Prat y tarjeta navideña;Ximena Cecilia  Rincon Gonzalez;AF001219;SUBSECRETARÍA GENERAL DE LA PRESIDENCIA;af001;Ministro(a);19-12-2014;obsequio navidad
2014;4;af0011623;CD´s  con Selección programas financiados por Fondo - CNTV;Ximena Cecilia  Rincon Gonzalez;AF001219;SUBSECRETARÍA GENERAL DE LA PRESIDENCIA;af001;Ministro(a);19-12-2014;obsequio navidad
2014;4;af0011643;Calendario 2015;Ximena Cecilia  Rincon Gonzalez;AF001219;SUBSECRETARÍA GENERAL DE LA PRESIDENCIA;af001;Ministro(a);19-12-2014;obsequio navidad
2014;4;af0012053;Canasta con productos delicatessen y tarjeta navideña;Ximena Cecilia  Rincon Gonzalez;AF001219;SUBSECRETARÍA GENERAL DE LA PRESIDENCIA;af001;Ministro(a);22-12-2014;Regalo Navidad
2014;4;af0012473;Caja de galletas;Ximena Cecilia  Rincon Gonzalez;AF001219;SUBSECRETARÍA GENERAL DE LA PRESIDENCIA;af001;Ministro(a);23-12-2014;Navidad
2014;4;af0012523;"Libro ""La Autobiografía de Nelson Mandela - El Largo Camino hacia la Libertad";Ximena Cecilia  Rincon Gonzalez;AF001219;SUBSECRETARÍA GENERAL DE LA PRESIDENCIA;af001;Ministro(a);23-12-2014;Saludo Navideño
2014;4;af001773;Libro Vicente Huidobro en la Constelación Cantante de las Aguas - Publicación de Aguas Andinas y tarjeta navideña;Ximena Cecilia  Rincon Gonzalez;AF001219;SUBSECRETARÍA GENERAL DE LA PRESIDENCIA;af001;Ministro(a);17-12-2014;Regalo Navidad
2014;4;af001813;"Publicación ""Santiago desde el aire"" de Entel";Ximena Cecilia  Rincon Gonzalez;AF001219;SUBSECRETARÍA GENERAL DE LA PRESIDENCIA;af001;Ministro(a);17-12-2014;Regalo Navidad
2014;4;af001883;Caja con 1 kilo de cerezas y agenda de notas;Ximena Cecilia  Rincon Gonzalez;AF001219;SUBSECRETARÍA GENERAL DE LA PRESIDENCIA;af001;Ministro(a);11-12-2014;Regalo Navidad
2014;4;af001963;Libro Discursos de Sobremesa de Nicanor Parra y tarjeta navideña;Ximena Cecilia  Rincon Gonzalez;AF001219;SUBSECRETARÍA GENERAL DE LA PRESIDENCIA;af001;Ministro(a);16-12-2014;Regalo Navidad
2014;4;af0012463;Una caja de galletas (con 5 galletas navideñas);PATRICIA ELIZABETH MARTA  SILVA MELENDEZ;AF001220;SUBSECRETARÍA GENERAL DE LA PRESIDENCIA;af001;Subsecretario(a);23-12-2014;Saludo Navidad 
2014;4;af001563;Agenda y una caja con aproximadamente  un kilo y medio  de guindas;PATRICIA ELIZABETH MARTA  SILVA MELENDEZ;AF001220;SUBSECRETARÍA GENERAL DE LA PRESIDENCIA;af001;Subsecretario(a);11-12-2014;Recibida a través de la oficina de partes del Ministerio 
2014;4;af001763;"LIBRO ""Vicente Huidobro en la constelación cantante de las aguas";PATRICIA ELIZABETH MARTA  SILVA MELENDEZ;AF001220;SUBSECRETARÍA GENERAL DE LA PRESIDENCIA;af001;Subsecretario(a);17-12-2014;Presente de Navidad
2014;4;ag0011303;"Libro, Obras de ""Vicente Huidobro en la constelación cantante de las aguas""";Álvaro Antonio Elizalde Soto;AG00115;SUBSECRETARIA GENERAL DE GOBIERNO;ag001;Ministro(a);18-12-2014;Regalo Navideño
2014;4;ag0011423;AGENDA 2015;Álvaro Antonio Elizalde Soto;AG00115;SUBSECRETARIA GENERAL DE GOBIERNO;ag001;Ministro(a);18-12-2014;REGALO NAVIDAD
2014;4;ag0011433;LIBRO;Álvaro Antonio Elizalde Soto;AG00115;SUBSECRETARIA GENERAL DE GOBIERNO;ag001;Ministro(a);18-12-2014;REGALO DE NAVIDAD
2014;4;ag0011443;"LIBRO ""GRANDES FIRMAS DEL MUNDO EN EL MERCURIO""";Álvaro Antonio Elizalde Soto;AG00115;SUBSECRETARIA GENERAL DE GOBIERNO;ag001;Ministro(a);18-12-2014;REGALO DE NAVIDAD
2014;4;ag0011673;"Libro ""PRAT""";Álvaro Antonio Elizalde Soto;AG00115;SUBSECRETARIA GENERAL DE GOBIERNO;ag001;Ministro(a);19-12-2014;Regalo Navidad
2014;4;ag0011683;CALENDARIO 2015;Álvaro Antonio Elizalde Soto;AG00115;SUBSECRETARIA GENERAL DE GOBIERNO;ag001;Ministro(a);19-12-2014;REGALO NAVIDEÑO
2014;4;ag0012063;JABONES ARTESANALES;Álvaro Antonio Elizalde Soto;AG00115;SUBSECRETARIA GENERAL DE GOBIERNO;ag001;Ministro(a);22-12-2014;REGALO DE NAVIDAD
2014;4;ag0012083;CD (KULMAPU) ESPECIAS  MAPUCHES (MERKÉN);Álvaro Antonio Elizalde Soto;AG00115;SUBSECRETARIA GENERAL DE GOBIERNO;ag001;Ministro(a);22-12-2014;REGALO NAVIDEÑO
2014;4;ag0012313;CHOCOLATES;Álvaro Antonio Elizalde Soto;AG00115;SUBSECRETARIA GENERAL DE GOBIERNO;ag001;Ministro(a);23-12-2014;REGALO NAVIDEÑO
2014;4;ag001403;Agenda 2015 y caja conmemorativa navideña de frutas;Álvaro Antonio Elizalde Soto;AG00115;SUBSECRETARIA GENERAL DE GOBIERNO;ag001;Ministro(a);10-12-2014;Regalo de Navidad
2014;4;ag0014423;"LIBRO ""SANTIAGO DESE EL AIRE""";Álvaro Antonio Elizalde Soto;AG00115;SUBSECRETARIA GENERAL DE GOBIERNO;ag001;Ministro(a);24-12-2014;Regalo Navideño
2014;4;ag001733;Caja de Galletas;Álvaro Antonio Elizalde Soto;AG00115;SUBSECRETARIA GENERAL DE GOBIERNO;ag001;Ministro(a);16-12-2014;Con Motivo de Fiestas navideñas
2014;4;ag0011533;Libro en Homenaje a Vicente Huidobro;Rodolfo Andrés Baier Esteban;AG00116;SUBSECRETARIA GENERAL DE GOBIERNO;ag001;Subsecretario(a);18-12-2014;Navidad
2014;4;ag0012073;Video Kulmapu (#kulmapuchizate) y un frasco de 50 gramos de especias mapuches (merkén);Rodolfo Andrés Baier Esteban;AG00116;SUBSECRETARIA GENERAL DE GOBIERNO;ag001;Subsecretario(a);22-12-2014;Navidad
2014;4;ag001493;Agenda Corporativa-Frutas de temporada guindas;Rodolfo Andrés Baier Esteban;AG00116;SUBSECRETARIA GENERAL DE GOBIERNO;ag001;Subsecretario(a);10-12-2014;Navidad
2014;4;ag003167073;Vino reserva;Oscar Reyes Peña;AG00363523;CONSEJO NACIONAL DE TELEVISIÓN (CNTV);ag003;Ex Presidente CNTV;22-12-2014;Fiestas de fin de año 2014
2014;4;ag003167093;Grabado digital de Toty Zamudio;Oscar Reyes Peña;AG00363523;CONSEJO NACIONAL DE TELEVISIÓN (CNTV);ag003;Ex Presidente CNTV;22-12-2014;Fiestas de fin de año 2014
2014;4;ag003167113;"Set de condimentos y cocina programa ""Master Chef""";Oscar Reyes Peña;AG00363523;CONSEJO NACIONAL DE TELEVISIÓN (CNTV);ag003;Ex Presidente CNTV;22-12-2014;Fiestas de fin de año 2014
2014;4;ag003167123;"DvDs miniserie ""El Niño Rojo"" de Megavisión";Oscar Reyes Peña;AG00363523;CONSEJO NACIONAL DE TELEVISIÓN (CNTV);ag003;Ex Presidente CNTV;22-12-2014;Fiestas de fin de año 2014
2014;4;ag003167133;"DvD serie ""Kulmapu y un Merkén""";Oscar Reyes Peña;AG00363523;CONSEJO NACIONAL DE TELEVISIÓN (CNTV);ag003;Ex Presidente CNTV;22-12-2014;Fiestas de fin de año 2014
2014;4;ag003167143;Dvds películas chilenas;Oscar Reyes Peña;AG00363523;CONSEJO NACIONAL DE TELEVISIÓN (CNTV);ag003;Ex Presidente CNTV;22-12-2014;Fiestas de fin de año 2014
2014;4;ag003167163;Chardonnay Brut Viña La Rosa;Oscar Reyes Peña;AG00363523;CONSEJO NACIONAL DE TELEVISIÓN (CNTV);ag003;Ex Presidente CNTV;22-12-2014;Fiestas de fin de año 2014
2014;4;ah0012963;Macetero con Araucaria;KATIA  TRUSICH ORTIZ ;AH001101;SUBSECRETARÍA DE ECONOMÍA;ah001;Subsecretario(a);22-12-2014;Obsequio de Fin de Año
2014;4;ah0012983;Caja con productos comestibles;KATIA  TRUSICH ORTIZ ;AH001101;SUBSECRETARÍA DE ECONOMÍA;ah001;Subsecretario(a);24-12-2014;Obsequi de Fin de Año
2014;4;ah0012993;Productos de Cobre Hielera, Coctelera y pinzas para el hielo;KATIA  TRUSICH ORTIZ ;AH001101;SUBSECRETARÍA DE ECONOMÍA;ah001;Subsecretario(a);26-12-2014;Obsequi de Fin de Año
2014;4;ah0013013;"Libro "" La Mujer India""";KATIA  TRUSICH ORTIZ ;AH001101;SUBSECRETARÍA DE ECONOMÍA;ah001;Subsecretario(a);22-12-2014;Obsequio de Fin de Año
2014;4;ah0013083;"Libro ""Vicente Huidobro en la contelacion cantante de las aguas""";KATIA  TRUSICH ORTIZ ;AH001101;SUBSECRETARÍA DE ECONOMÍA;ah001;Subsecretario(a);22-12-2014;Obsequio de Fin de Año
2014;4;ah0013093;Productos Gourmet;KATIA  TRUSICH ORTIZ ;AH001101;SUBSECRETARÍA DE ECONOMÍA;ah001;Subsecretario(a);23-12-2014;Obsequio de Fin de Año
2014;4;ah0013153;dos cuadernos, lapices, una botella de vino ;KATIA  TRUSICH ORTIZ ;AH001101;SUBSECRETARÍA DE ECONOMÍA;ah001;Subsecretario(a);29-12-2014;Obsequio de Fin de Año
2014;4;ah0014193;Video Kulmapuchizate y Merken;KATIA  TRUSICH ORTIZ ;AH001101;SUBSECRETARÍA DE ECONOMÍA;ah001;Subsecretario(a);23-12-2014;Obsequio de Fin de Año
2014;4;ah001523;agenda y caja con guindas de exportación;KATIA  TRUSICH ORTIZ ;AH001101;SUBSECRETARÍA DE ECONOMÍA;ah001;Subsecretario(a);11-12-2014;Obsequi de Fin de Año 
2014;4;ah001573;"Libro ""El Caballo de Raza Chilena""";KATIA  TRUSICH ORTIZ ;AH001101;SUBSECRETARÍA DE ECONOMÍA;ah001;Subsecretario(a);01-12-2014;Obsequio de Fin de Año
2014;4;ah0011003;libro;Luis Felipe Céspedes Cifuentes;AH00178;SUBSECRETARÍA DE ECONOMÍA;ah001;Ministro de Economía, Fomento y Turismo;17-12-2014;presente de navidad
2014;4;ah0011013;LIBRO;Luis Felipe Céspedes Cifuentes;AH00178;SUBSECRETARÍA DE ECONOMÍA;ah001;Ministro de Economía, Fomento y Turismo;17-12-2014;SIN MOTIVO ESPECIFICO
2014;4;ah0011033;LIBRO;Luis Felipe Céspedes Cifuentes;AH00178;SUBSECRETARÍA DE ECONOMÍA;ah001;Ministro de Economía, Fomento y Turismo;17-12-2014;SIN MOTIVO ESPECIFICO
2014;4;ah0011043;LIBRO;Luis Felipe Céspedes Cifuentes;AH00178;SUBSECRETARÍA DE ECONOMÍA;ah001;Ministro de Economía, Fomento y Turismo;17-12-2014;PRESENTE DE NAVIDAD
2014;4;ah0011363;SALMON;Luis Felipe Céspedes Cifuentes;AH00178;SUBSECRETARÍA DE ECONOMÍA;ah001;Ministro de Economía, Fomento y Turismo;18-12-2014;PRESENTE DE NAVIDAD
2014;4;ah0011373;LIBRO;Luis Felipe Céspedes Cifuentes;AH00178;SUBSECRETARÍA DE ECONOMÍA;ah001;Ministro de Economía, Fomento y Turismo;18-12-2014;PRESENTE DE NAVIDAD
2014;4;ah0011393;1 AGENDA;Luis Felipe Céspedes Cifuentes;AH00178;SUBSECRETARÍA DE ECONOMÍA;ah001;Ministro de Economía, Fomento y Turismo;18-12-2014;PRESENTE DE NAVIDAD
2014;4;ah0011403;LIBRO;Luis Felipe Céspedes Cifuentes;AH00178;SUBSECRETARÍA DE ECONOMÍA;ah001;Ministro de Economía, Fomento y Turismo;18-12-2014;PRESENTE DE NAVIDAD
2014;4;ah0011413;LIBRO;Luis Felipe Céspedes Cifuentes;AH00178;SUBSECRETARÍA DE ECONOMÍA;ah001;Ministro de Economía, Fomento y Turismo;18-12-2014;PRESENTE DE NAVIDAD
2014;4;ah0011583;1 LIBRO (GUÍA);Luis Felipe Céspedes Cifuentes;AH00178;SUBSECRETARÍA DE ECONOMÍA;ah001;Ministro de Economía, Fomento y Turismo;19-12-2014;PRESENTE DE NAVIDAD
2014;4;ah0011593;1 LIBRO ;Luis Felipe Céspedes Cifuentes;AH00178;SUBSECRETARÍA DE ECONOMÍA;ah001;Ministro de Economía, Fomento y Turismo;19-12-2014;PRESENTE DE NAVIDAD
2014;4;ah0011613;1 CALENDARIO Y 1 UNA LATA DE GALLETAS;Luis Felipe Céspedes Cifuentes;AH00178;SUBSECRETARÍA DE ECONOMÍA;ah001;Ministro de Economía, Fomento y Turismo;19-12-2014;PRESENTE DE NAVIDAD
2014;4;ah0011633;1 CALENDARIO DE PARED;Luis Felipe Céspedes Cifuentes;AH00178;SUBSECRETARÍA DE ECONOMÍA;ah001;Ministro de Economía, Fomento y Turismo;19-12-2014;PRESENTE DE NAVIDAD
2014;4;ah0011653;CANASTA;Luis Felipe Céspedes Cifuentes;AH00178;SUBSECRETARÍA DE ECONOMÍA;ah001;Ministro de Economía, Fomento y Turismo;19-12-2014;PRESENTE DE NAVIDAD
2014;4;ah0011663;Cuadro de Francisco Bustamante;Luis Felipe Céspedes Cifuentes;AH00178;SUBSECRETARÍA DE ECONOMÍA;ah001;Ministro de Economía, Fomento y Turismo;19-12-2014;PRESENTE DE NAVIDAD
2014;4;ah0012023;CHOCOLATES;Luis Felipe Céspedes Cifuentes;AH00178;SUBSECRETARÍA DE ECONOMÍA;ah001;Ministro de Economía, Fomento y Turismo;22-12-2014;PRESENTE DE NAVIDAD
2014;4;ah0012043;COLECCIÓN DE PELICULAS;Luis Felipe Céspedes Cifuentes;AH00178;SUBSECRETARÍA DE ECONOMÍA;ah001;Ministro de Economía, Fomento y Turismo;22-12-2014;PRESENTE DE NAVIDAD
2014;4;ah0012303;VINOS;Luis Felipe Céspedes Cifuentes;AH00178;SUBSECRETARÍA DE ECONOMÍA;ah001;Ministro de Economía, Fomento y Turismo;23-12-2014;PRESENTE DE NAVIDAD
2014;4;ah0012433;3 LIBROS Y 1 CALENDARIO;Luis Felipe Céspedes Cifuentes;AH00178;SUBSECRETARÍA DE ECONOMÍA;ah001;Ministro de Economía, Fomento y Turismo;23-12-2014;PRESENTE DE NAVIDAD
2014;4;ah0013033;HIELERA Y COCKTELERA;Luis Felipe Céspedes Cifuentes;AH00178;SUBSECRETARÍA DE ECONOMÍA;ah001;Ministro de Economía, Fomento y Turismo;26-12-2014;PRESENTE DE NAVIDAD
2014;4;ah001863;caja de guindas y agenda ;Luis Felipe Céspedes Cifuentes;AH00178;SUBSECRETARÍA DE ECONOMÍA;ah001;Ministro de Economía, Fomento y Turismo;11-12-2014;presente de navidad
2014;4;ah001873;LIBRO;Luis Felipe Céspedes Cifuentes;AH00178;SUBSECRETARÍA DE ECONOMÍA;ah001;Ministro de Economía, Fomento y Turismo;03-12-2014;PRESENTE DE NAVIDAD
2014;4;ah0021023;caja conteniendo productos perecibles;Raúl Súnico Galdames;AH002171;SUBSECRETARÍA DE PESCA;ah002;Subsecretario(a);12-12-2014;Presente de Navidad
2014;4;ah002293;calendario de pared año 2015;Raúl Súnico Galdames;AH002171;SUBSECRETARÍA DE PESCA;ah002;Subsecretario(a);04-12-2014;presente de navidad 
2014;4;ah011163;"Disco compacto ""Brotes del canto campesino. Cultores de Santa Bárbara""";Javiera Montes Cruz;AH011212;SUBSECRETARÍA DE TURISMO;ah011;Subsecretario(a);01-12-2014;Seminario Nacional “Patrimonio Ferroviario y propuestas para su revalorización turística”
2014;4;ah0111933;Bandeja de vidrio para aperitivo;Javiera Montes Cruz;AH011212;SUBSECRETARÍA DE TURISMO;ah011;Subsecretario(a);22-12-2014;Navidad
2014;4;ah0112163;Kulmapu, serie televisiva sobre cultura mapuche;Javiera Montes Cruz;AH011212;SUBSECRETARÍA DE TURISMO;ah011;Subsecretario(a);22-12-2014;Navidad
2014;4;ah011243;"Libro y DVD ""Plan maestro turístico. Ramal Talca Constitución""";Javiera Montes Cruz;AH011212;SUBSECRETARÍA DE TURISMO;ah011;Subsecretario(a);01-12-2014;Seminario Nacional “Patrimonio Ferroviario y propuestas para su revalorización turística”
2014;4;ah011253;"Dos ejemplares del libro ""Me lo contaron mis viejos"". Historias ferroviarias de San Rosendo""";Javiera Montes Cruz;AH011212;SUBSECRETARÍA DE TURISMO;ah011;Subsecretario(a);01-12-2014;Seminario Nacional “Patrimonio Ferroviario y propuestas para su revalorización turística”
2014;4;ah011323;"Libro ""El caballo de raza chilena""";Javiera Montes Cruz;AH011212;SUBSECRETARÍA DE TURISMO;ah011;Subsecretario(a);05-12-2014;Cortesía
2014;4;ah0113303;Frasco de merkén;Javiera Montes Cruz;AH011212;SUBSECRETARÍA DE TURISMO;ah011;Subsecretario(a);22-12-2014;Navidad
2014;4;ah0113823;Strudel;Javiera Montes Cruz;AH011212;SUBSECRETARÍA DE TURISMO;ah011;Subsecretario(a);22-12-2014;Navidad
2014;4;ah0113833;Frasco de miel;Javiera Montes Cruz;AH011212;SUBSECRETARÍA DE TURISMO;ah011;Subsecretario(a);22-12-2014;Navidad
2014;4;ah0113843;Dos vinos;Javiera Montes Cruz;AH011212;SUBSECRETARÍA DE TURISMO;ah011;Subsecretario(a);23-12-2014;Navidad
2014;4;ah0113873;Dos vinos;Javiera Montes Cruz;AH011212;SUBSECRETARÍA DE TURISMO;ah011;Subsecretario(a);23-12-2014;Navidad
2014;4;ah0113883;Agenda 2015;Javiera Montes Cruz;AH011212;SUBSECRETARÍA DE TURISMO;ah011;Subsecretario(a);23-12-2014;Navidad
2014;4;ah0113893;Condimentos Sabores del Sur (Rica-Rica y merquén);Javiera Montes Cruz;AH011212;SUBSECRETARÍA DE TURISMO;ah011;Subsecretario(a);23-12-2014;Navidad
2014;4;ah0114323;Caja con productos comestibles;Javiera Montes Cruz;AH011212;SUBSECRETARÍA DE TURISMO;ah011;Subsecretario(a);24-12-2014;Navidad
2014;4;ah0114333;Cuatro jugos;Javiera Montes Cruz;AH011212;SUBSECRETARÍA DE TURISMO;ah011;Subsecretario(a);24-12-2014;Navidad
2014;4;ah011723;Artesanía de madera Observatorio Turístico Astronómico Collowara, Andacollo;Javiera Montes Cruz;AH011212;SUBSECRETARÍA DE TURISMO;ah011;Subsecretario(a);15-12-2014;Seminario sobre turismo astronómico en Andacollo
2014;4;ai0072013;Agenda;Heidi Berner Herrera;AI007122;SUBSECRETARIA DE EVALUACIÓN SOCIAL;ai007;Subsecretario(a);18-12-2014;Regalo Navidad
2014;4;ai0074453;Libro sobre Estudio y propuestas para la inclusión sociolaboral de migrantes en Arica;Heidi Berner Herrera;AI007122;SUBSECRETARIA DE EVALUACIÓN SOCIAL;ai007;Subsecretario(a);23-12-2014;Migración y Trabajo
2014;4;ai0074553;"Libro ""Santiago desde el aire""";María Fernanda Villegas Acevedo;AI007222;SUBSECRETARIA DE EVALUACIÓN SOCIAL;ai007;Ministro(a);19-12-2014;Obsequio de la Dieccion General de Aeronautica Civil 
2014;4;ai0074563;"Libro ""El Principito""";María Fernanda Villegas Acevedo;AI007222;SUBSECRETARIA DE EVALUACIÓN SOCIAL;ai007;Ministro(a);16-12-2014;"Participacion en el programa de lanzamiento del libro ""El Principito"" en formato inclusivo"
2014;4;ai0074573;Galvano (moneda) ;María Fernanda Villegas Acevedo;AI007222;SUBSECRETARIA DE EVALUACIÓN SOCIAL;ai007;Ministro(a);06-12-2014;Participacion de Ministra en Primer Cobgreso de Mujeres de Maipu
2014;4;aj0012513;COLECCION DE PELICULAS DEL CONSEJO NACIONAL DE TELEVISIÓN;Nicolás Eyzaguirre Guzmán;AJ00141;SUBSECRETARÍA DE EDUCACIÓN;aj001;Ministro ;23-12-2014;SALUDO DE NAVIDAD
2014;4;aj0012533;"LIBRO ""PRAT"" ";Nicolás Eyzaguirre Guzmán;AJ00141;SUBSECRETARÍA DE EDUCACIÓN;aj001;Ministro ;23-12-2014;SALUDO 
2014;4;aj0012633;GRUPO DIAL CD MUSICA;Nicolás Eyzaguirre Guzmán;AJ00141;SUBSECRETARÍA DE EDUCACIÓN;aj001;Ministro ;23-12-2014;REGALO DE NAVIDAD
2014;4;aj0012663;"LIBRO ""CHILE - BOLIVIA. BREVE HISTORIAS DE SUS CONTROVERSIAS""(donado a la Biblioteca Mineduc)";Nicolás Eyzaguirre Guzmán;AJ00141;SUBSECRETARÍA DE EDUCACIÓN;aj001;Ministro ;23-12-2014;SALUDO
2014;4;aj0012673;"LIBRO ""JORNADAS SOBRE LA REFORMA EDUCACIONAL. REFLEXIONES DESDE LA UNIVERSIDAD DE SANTIAGO DE CHILE"" ";Nicolás Eyzaguirre Guzmán;AJ00141;SUBSECRETARÍA DE EDUCACIÓN;aj001;Ministro ;23-12-2014;DOCUMENTO DE TRABAJO (donado a la Biblioteca Mineduc)
2014;4;aj0012683;PRODUCTOS NATURA;Nicolás Eyzaguirre Guzmán;AJ00141;SUBSECRETARÍA DE EDUCACIÓN;aj001;Ministro ;23-12-2014;SALUDO NAVIDAD
2014;4;aj0012703;MEMORIA 2014(donado a la Biblioteca Mineduc);Nicolás Eyzaguirre Guzmán;AJ00141;SUBSECRETARÍA DE EDUCACIÓN;aj001;Ministro ;23-12-2014;INFORMACION Y DIFUSION
2014;4;aj0012723;CALENDARIO 2015 Y LIBROS FLORA RESERVA BIOLOGICA HUILO HUILO  VOLUMEN I II Y III;Nicolás Eyzaguirre Guzmán;AJ00141;SUBSECRETARÍA DE EDUCACIÓN;aj001;Ministro ;23-12-2014;DIFUSIÓN (donado a la Biblioteca Mineduc)
2014;4;aj0013123;"LIBRO ""CONSTRUYENDO UN FONDO LATINOAMERICANO DE RESERVAS"" LOS 35 AÑOS DEL FLAR.(donado a la Biblioteca Mineduc)";Nicolás Eyzaguirre Guzmán;AJ00141;SUBSECRETARÍA DE EDUCACIÓN;aj001;Ministro ;29-12-2014;REGALO (donado a la Biblioteca Mineduc)
2014;4;aj0014783;porta post-It con post-it de colores y lapiz con logo de Bandera de Estados Unidos;Nicolás Eyzaguirre Guzmán;AJ00141;SUBSECRETARÍA DE EDUCACIÓN;aj001;Ministro ;31-12-2014;saludos
2014;4;aj001783;CAJA DE FRUTAS CEREZAS CHERRY ;Nicolás Eyzaguirre Guzmán;AJ00141;SUBSECRETARÍA DE EDUCACIÓN;aj001;Ministro ;12-12-2014;SALUDO NAVIDEÑO
2014;4;aj001793;AGENDA 2015 FRUIT NOTEBOOK  - donación a recepcion de gabinete ;Nicolás Eyzaguirre Guzmán;AJ00141;SUBSECRETARÍA DE EDUCACIÓN;aj001;Ministro ;12-12-2014;SALUDO NAVIDEÑO
2014;4;aj001803;"LIBRO ""LA TAREA NUMERO UNO DE CHILE"" ";Nicolás Eyzaguirre Guzmán;AJ00141;SUBSECRETARÍA DE EDUCACIÓN;aj001;Ministro ;11-12-2014;REGALO 
2014;4;aj001853;COLECCION NUMISMATICA DEL BANCO DE MEXICO 3 TOMOS  (DONADO A BIBLIOTECA MINEDUC);Nicolás Eyzaguirre Guzmán;AJ00141;SUBSECRETARÍA DE EDUCACIÓN;aj001;Ministro ;05-12-2014;REGALO   DE AGUSTIN GUILLERMO CARSTENS CARSTENS -  MEXICO
2014;4;aj001893;LIBRO SANTIAGO DESDE EL AIRE ;Nicolás Eyzaguirre Guzmán;AJ00141;SUBSECRETARÍA DE EDUCACIÓN;aj001;Ministro ;17-12-2014;SALUDO DE NAVIDAD 
2014;4;aj001903;LIBRO - 20 POEMAS AL ARBOL Y UN CACTUS DE LA COSTA DE PABLO NERUDA;Nicolás Eyzaguirre Guzmán;AJ00141;SUBSECRETARÍA DE EDUCACIÓN;aj001;Ministro ;12-12-2014;SALUDO DE NAVIDAD 
2014;4;aj001913;LIBRO ANUARIO AUTOMOTRIZ 2014- 2015          (donado a la Biblioteca Mineduc);Nicolás Eyzaguirre Guzmán;AJ00141;SUBSECRETARÍA DE EDUCACIÓN;aj001;Ministro ;10-12-2014;PARA  DIFUSIÓN
2014;4;aj001923;"LIBRO  ""LAS RAICES DE UNA COMUNIDAD"" HUERTOS OBREROS Y FAMILIARES LAS ROSAS   (donado a la Biblioteca Mineduc)";Nicolás Eyzaguirre Guzmán;AJ00141;SUBSECRETARÍA DE EDUCACIÓN;aj001;Ministro ;09-12-2014;PARA CONOCIMIENTO.
2014;4;aj0012343;AGENDA 2015;Valentina Karina Quiroga Canahuate;AJ00143;SUBSECRETARÍA DE EDUCACIÓN;aj001;Subsecretaria;19-12-2014;Con motivo de Navidad 2014
2014;4;aj0012353;COLECCIÓN DE PELÍCULAS DEL CONSEJO NACIONAL DE TELEVISIÓN;Valentina Karina Quiroga Canahuate;AJ00143;SUBSECRETARÍA DE EDUCACIÓN;aj001;Subsecretaria;22-12-2014;Saludo
2014;4;aj0012933;PRODUCTOS NATURA;Valentina Karina Quiroga Canahuate;AJ00143;SUBSECRETARÍA DE EDUCACIÓN;aj001;Subsecretaria;23-12-2014;Fiestas de Navidad
2014;4;aj0012943;LIBRO CHILE - BOLIVIA BREVE HISTORIA DE SUS CONTROVERSIAS;Valentina Karina Quiroga Canahuate;AJ00143;SUBSECRETARÍA DE EDUCACIÓN;aj001;Subsecretaria;23-12-2014;Saludo
2014;4;ak0013543;"1 C.D. Y PUBLICACIÓN ""LAS RAÍCES DE UNA COMUNIDAD""";José Antonio Gómez Urrutia;AK00144;SUBSECRETARÍA DE JUSTICIA;ak001;Ministro de Justicia;17-12-2014;Cortesía
2014;4;ak0013553;"1 EJEMPLAR DEL LIBRO ""CÓDIGO ORGÁNICO INTEGRAL PENAL""";José Antonio Gómez Urrutia;AK00144;SUBSECRETARÍA DE JUSTICIA;ak001;Ministro de Justicia;17-12-2014;Cortesía
2014;4;ak0013563;"PUBLICACIÓN ""LA RESPONSABILIDAD SOCIAL CONSTRUYENDO SENTIDOS ÉTICOS PARA EL DESARROLLO""";José Antonio Gómez Urrutia;AK00144;SUBSECRETARÍA DE JUSTICIA;ak001;Ministro de Justicia;17-12-2014;Cortesía
2014;4;ak0013573;1 CALENDARIO AÑO 2015;José Antonio Gómez Urrutia;AK00144;SUBSECRETARÍA DE JUSTICIA;ak001;Ministro de Justicia;17-12-2014;Cortesía
2014;4;ak0013583;"1 EJEMPLAR DEL LIBRO ""UN AÑO SIN PRIMAVERA""  ";José Antonio Gómez Urrutia;AK00144;SUBSECRETARÍA DE JUSTICIA;ak001;Ministro de Justicia;17-12-2014;Cortesía
2014;4;ak0013593;MEMORIA FUNDACIÓN EDUCACIONAL SÚMATE  (HOGAR DE CRISTO);José Antonio Gómez Urrutia;AK00144;SUBSECRETARÍA DE JUSTICIA;ak001;Ministro de Justicia;17-12-2014;Cortesía
2014;4;ak0013603;LIBRETA DE APUNTES Y AGENDA;José Antonio Gómez Urrutia;AK00144;SUBSECRETARÍA DE JUSTICIA;ak001;Ministro de Justicia;17-12-2014;Cortesía
2014;4;ak0013613;1 LIBRETA DE APUNTES Y 1 CAJA DE CEREZAS (TAMAÑO 28 cm largo, 22 cm ancho y 10 cm alto, aprox.);José Antonio Gómez Urrutia;AK00144;SUBSECRETARÍA DE JUSTICIA;ak001;Ministro de Justicia;17-12-2014;Cortesía
2014;4;ak0013623;1 EJEMPLAR DEL LIBRO OBRA TEMPRANA - VICENTE HUIDOBRO;José Antonio Gómez Urrutia;AK00144;SUBSECRETARÍA DE JUSTICIA;ak001;Ministro de Justicia;17-12-2014;Navidad
2014;4;ak0013633;1 AGENDA AÑO 2015;José Antonio Gómez Urrutia;AK00144;SUBSECRETARÍA DE JUSTICIA;ak001;Ministro de Justicia;17-12-2014;Navidad
2014;4;ak0013643;1 CALENDARIO AÑO 2015;José Antonio Gómez Urrutia;AK00144;SUBSECRETARÍA DE JUSTICIA;ak001;Ministro de Justicia;17-12-2014;Cortesía
2014;4;ak0013653;1 ANUARIO AUTOMOTRIZ;José Antonio Gómez Urrutia;AK00144;SUBSECRETARÍA DE JUSTICIA;ak001;Ministro de Justicia;17-12-2014;Cortesía
2014;4;ak0013663;1 CALENDARIO AÑO 2015 ;José Antonio Gómez Urrutia;AK00144;SUBSECRETARÍA DE JUSTICIA;ak001;Ministro de Justicia;17-12-2014;Cortesía
2014;4;ak0013673;1 EJEMPLAR DEL LIBRO TEXTO COMPLETO OBRA DE TEATRO AL FINAL;José Antonio Gómez Urrutia;AK00144;SUBSECRETARÍA DE JUSTICIA;ak001;Ministro de Justicia;22-12-2014;Cortesía
2014;4;ak0013683;1 CD-AMORES NOTABLES;José Antonio Gómez Urrutia;AK00144;SUBSECRETARÍA DE JUSTICIA;ak001;Ministro de Justicia;22-12-2014;Cortesía
2014;4;ak0013693;COLECCIÓN FONDO CNTV;José Antonio Gómez Urrutia;AK00144;SUBSECRETARÍA DE JUSTICIA;ak001;Ministro de Justicia;23-12-2014;Cortesía
2014;4;ak0013703;GALLETAS DE NAVIDAD;José Antonio Gómez Urrutia;AK00144;SUBSECRETARÍA DE JUSTICIA;ak001;Ministro de Justicia;23-12-2014;Cortesía
2014;4;ak0013713;SENTENCIAS ARBITRALES (DOS TOMOS);José Antonio Gómez Urrutia;AK00144;SUBSECRETARÍA DE JUSTICIA;ak001;Ministro de Justicia;23-12-2014;Cortesía
2014;4;ak0013723;1 EJEMPLAR DEL LIBRO GRANDES FIRMAS DEL MUNDO;José Antonio Gómez Urrutia;AK00144;SUBSECRETARÍA DE JUSTICIA;ak001;Ministro de Justicia;23-12-2014;Cortesía
2014;4;ak0013733;1 EJEMPLAR DEL LIBRO EL SILENCIO DE LOS JUECES;José Antonio Gómez Urrutia;AK00144;SUBSECRETARÍA DE JUSTICIA;ak001;Ministro de Justicia;29-12-2014;Cortesía
2014;4;ak0013743;1 EJEMPLAR DEL LIBRO SANTIAGO DESDE EL AIRE;José Antonio Gómez Urrutia;AK00144;SUBSECRETARÍA DE JUSTICIA;ak001;Ministro de Justicia;29-12-2014;Navidad
2014;4;ak0013173;1 EJEMPLAR DEL REPORTE DE SOSTENIBILIDAD 2013 (85 AÑOS 1928-2013);Marcelo Albornoz Serrano;AK001689;SUBSECRETARÍA DE JUSTICIA;ak001;Subsecretario(a);01-12-2014;Cortesía
2014;4;ak0013193;1 EJEMPLAR DEL ANUARIO AUTOMOTRIZ 2014 - 2015;Marcelo Albornoz Serrano;AK001689;SUBSECRETARÍA DE JUSTICIA;ak001;Subsecretario(a);10-12-2014;Cortesía
2014;4;ak0013203;1 LIBRETA DE APUNTES Y 1 CAJA DE CEREZAS (TAMAÑO 28 cm largo, 22 cm ancho y 10 cm alto, aprox.);Marcelo Albornoz Serrano;AK001689;SUBSECRETARÍA DE JUSTICIA;ak001;Subsecretario(a);17-12-2014;Cortesía
2014;4;ak0013223;"1 EJEMPLAR DEL LIBRO ""CUÁN SUSTENTABLE ES LA REGIÓN DE ANTOFAGASTA"" (INDICADORES Y TENDENCIAS PARA UN DESARROLLO REGIONAL SUSTENTABLE)";Marcelo Albornoz Serrano;AK001689;SUBSECRETARÍA DE JUSTICIA;ak001;Subsecretario(a);19-12-2014;Cortesía
2014;4;ak0013233;1 CALENDARIO AÑO 2015;Marcelo Albornoz Serrano;AK001689;SUBSECRETARÍA DE JUSTICIA;ak001;Subsecretario(a);19-12-2014;Cortesía
2014;4;ak0013253;1 EJEMPLAR DE LA REVISTA GERENCIA N°194 EDICIÓN DE DICIEMBRE 2014;Marcelo Albornoz Serrano;AK001689;SUBSECRETARÍA DE JUSTICIA;ak001;Subsecretario(a);30-12-2014;Cortesía
2014;4;ak0013263;1 EJEMPLAR DE LA REVISTA DINERO N°73 EDICIÓN DICIEMBRE 2014;Marcelo Albornoz Serrano;AK001689;SUBSECRETARÍA DE JUSTICIA;ak001;Subsecretario(a);30-12-2014;Cortesía
2014;4;ak0013273;"LIBRO ""EL SILENCIO DE LOS JUECES"" DE VÍCTOR ILICH";Marcelo Albornoz Serrano;AK001689;SUBSECRETARÍA DE JUSTICIA;ak001;Subsecretario(a);30-12-2014;Cortesía
2014;4;al0012893;"libro ""Vicente Huidobro""";Javiera Blanco Suarez;AL001193;SUBSECRETARÍA DEL TRABAJO;al001;Ministra del Trabajo y Previsión Social;17-12-2014;Saludo de Navidad. Ministra dona a Fundación Paternitas
2014;4;al0012903;Selección de Películas Chilenas  ;Javiera Blanco Suarez;AL001193;SUBSECRETARÍA DEL TRABAJO;al001;Ministra del Trabajo y Previsión Social;19-12-2014;Saludo de Navidad. Ministra dona a Fundación paternitas
2014;4;al001303;Caja de Chocolates;Javiera Blanco Suarez;AL001193;SUBSECRETARÍA DEL TRABAJO;al001;Ministra del Trabajo y Previsión Social;04-12-2014;Saludo de Navidad 
2014;4;al0013113;Libro Museo Histórico Nacional;Javiera Blanco Suarez;AL001193;SUBSECRETARÍA DEL TRABAJO;al001;Ministra del Trabajo y Previsión Social;19-12-2014;Saludo de Navidad. Ministra dona a Fundación Paternitas
2014;4;al001543;Agenda 2015 y Caja de Cerezas;Javiera Blanco Suarez;AL001193;SUBSECRETARÍA DEL TRABAJO;al001;Ministra del Trabajo y Previsión Social;11-12-2014;Saludo de Navidad. Ministra dona a Fundación Paternitas
2014;4;al001553;Agenda 2015 y caja de cerezas;Francisco Javier Diaz Verdugo;AL001199;SUBSECRETARÍA DEL TRABAJO;al001;Subsecretario del Trabajo;11-12-2014;saludo de navidad
2014;4;al0021053;"4 Invitaciones a la 3ra versión de ""Concierto de Navidad"" (día función 18/12/14), Movistar Arena";Marcos Barraza Gómez;AL002217;SUBSECRETARÍA DE PREVISIÓN SOCIAL;al002;Subsecretario de Previsión Social;16-12-2014;Saludo Navideño
2014;4;al0023103;Caja de 250 grs. de galletas navideñas;Marcos Barraza Gómez;AL002217;SUBSECRETARÍA DE PREVISIÓN SOCIAL;al002;Subsecretario de Previsión Social;26-12-2014;Saludo Navideño
2014;4;al002583;1 Agenda Corporativa y 1 caja (2 Kg. Aprox.) cerezas de exportación;Marcos Barraza Gómez;AL002217;SUBSECRETARÍA DE PREVISIÓN SOCIAL;al002;Subsecretario de Previsión Social;11-12-2014;Presente Navideño
2014;4;al002713;1 Caja Mixta de Bombones y Calugas, marca La Fete, 680 grs;Marcos Barraza Gómez;AL002217;SUBSECRETARÍA DE PREVISIÓN SOCIAL;al002;Subsecretario de Previsión Social;16-12-2014;Saludo Navideño
2014;4;ac001463;un salero de porcelana Vista Alegre;Jose Miguel Cruz Sanchez;AC001706;SUBSECRETARÍA DE RELACIONES EXTERIORES;ac001;Embajador de Chile en Noruega;03-12-2014;Cena en honor del Sr Kjell Ovtum.
2014;4;ad022223;Merchandising empresa: Libro, llavero y otros. ;Jorge Alfonso Burgos Varela;AD02260;SUBSECRETARIA PARA LAS FUERZAS ARMADAS;ad022;Ministro(a);02-12-2014;Exponaval
2014;4;ad022233;Plato decorativo;Jorge Alfonso Burgos Varela;AD02260;SUBSECRETARIA PARA LAS FUERZAS ARMADAS;ad022;Ministro(a);02-12-2014;Exponaval
2014;4;ag0011353;Canasta Navideña;Álvaro Antonio Elizalde Soto;AG00115;SUBSECRETARIA GENERAL DE GOBIERNO;ag001;Ministro(a);17-12-2014;Regalo Navidad
2014;4;aj0012483;CALENDARIO 2015  ;Nicolás Eyzaguirre Guzmán;AJ00141;SUBSECRETARÍA DE EDUCACIÓN;aj001;Ministro ;23-12-2014;REGALO DE NAVIDAD - donado a oficina gabinete
2014;4;am0013803;"Libro ""Santiago desde el Aire""  ( En  exhibición oficina Ministro)";Alberto Undurraga Vicuña;AM001197;SUBSECRETARÍA DE OBRAS PÚBLICAS;am001;Ministro de Obras Públicas;19-12-2014;Regalo de Navidad 
2014;4;am0013813;"Libro ""Vicente Huidobro en la constelación cantante de las aguas"" ( En exhibición oficina Ministro)";Alberto Undurraga Vicuña;AM001197;SUBSECRETARÍA DE OBRAS PÚBLICAS;am001;Ministro de Obras Públicas;19-12-2014;Regalo de Navidad
2014;4;am0013863;Pierna de Jamón (enviado a Servicio de Bienestar,  para fines Solidarios, mediante Oficio Ord. N° 3389, 31/12/2014);Alberto Undurraga Vicuña;AM001197;SUBSECRETARÍA DE OBRAS PÚBLICAS;am001;Ministro de Obras Públicas;22-12-2014;Regalo de Navidad 
2014;4;am0013913;Cafetera, Café y Chocolate Coquinaria (enviado a Servicio de Bienestar para fines  Solidarios, mediante Oficio Ord. N° 3389 , 31/12/2014);Alberto Undurraga Vicuña;AM001197;SUBSECRETARÍA DE OBRAS PÚBLICAS;am001;Ministro de Obras Públicas;17-12-2014;Regalo de Navidad
2014;4;am0013923;Caja 2 botellas de vino Viña Portal del Alto (enviado a Servicio de Bienestar para fines  Solidarios, mediante Oficio Ord. N° 3389 , 31/12/2014);Alberto Undurraga Vicuña;AM001197;SUBSECRETARÍA DE OBRAS PÚBLICAS;am001;Ministro de Obras Públicas;12-12-2014;Regalo de Navidad
2014;4;am0013933;Coctelera de Cobre (enviado a Servicio de Bienestar,  para fines Solidarios,  mediante Oficio Ord. N° 3389, 31/12/2014);Alberto Undurraga Vicuña;AM001197;SUBSECRETARÍA DE OBRAS PÚBLICAS;am001;Ministro de Obras Públicas;26-12-2014;Regalo de Navidad
2014;4;am0013943;Canasta Navideña con comestibles y bebestibles (enviado a Servicio de Bienestar, para fines Solidarios, mediante  Oficio Ord. N° 3389, 31/12/2014);Alberto Undurraga Vicuña;AM001197;SUBSECRETARÍA DE OBRAS PÚBLICAS;am001;Ministro de Obras Públicas;18-12-2014;Regalo de Navidad
2014;4;am001673;Cajita de chocolate Varsovienne (Enviado a Servicio de Bienestar, para fines Solidarios, mediante  Oficio Ord. N°3273, 17/12/2014) ;Alberto Undurraga Vicuña;AM001197;SUBSECRETARÍA DE OBRAS PÚBLICAS;am001;Ministro de Obras Públicas;02-12-2014;Desayuno Banco Estado
2014;4;am001683;1 botella de vino Viña Pérez Cruz  (Enviado a Servicio de Bienestar,  para fines Solidarios, mediante Oficio Ord. N°3273, 17/12/2014);Alberto Undurraga Vicuña;AM001197;SUBSECRETARÍA DE OBRAS PÚBLICAS;am001;Ministro de Obras Públicas;13-12-2014;Ceremonia 50 años del Programa de Agua  Potable Rural en Chile
2014;4;am001693;Caja de Cerezas y Agenda  (Sólo agenda enviada a Servicio de Bienestar,  para fines Solidarios, mediante Oficio Ord. N°3273, 17/12/2014);Alberto Undurraga Vicuña;AM001197;SUBSECRETARÍA DE OBRAS PÚBLICAS;am001;Ministro de Obras Públicas;12-12-2014;Navidad y fin de año
2014;4;am0011463;agenda;Sergio Galilea Ocon;AM001210;SUBSECRETARÍA DE OBRAS PÚBLICAS;am001;Subsecretario de Obras Públicas;19-12-2014;Regalo de Navidad
2014;4;am0011513;1 BOTELLA DE CHAMPAGNE ;Sergio Galilea Ocon;AM001210;SUBSECRETARÍA DE OBRAS PÚBLICAS;am001;Subsecretario de Obras Públicas;12-12-2014;REGALO DE NAVIDAD
2014;4;am0012193;JAMÓN SERRANO TRUJILLO;Sergio Galilea Ocon;AM001210;SUBSECRETARÍA DE OBRAS PÚBLICAS;am001;Subsecretario de Obras Públicas;23-12-2014;NAVIDAD
2014;4;am0012283;CARGADOR PORTATIL DE CELULAR;Sergio Galilea Ocon;AM001210;SUBSECRETARÍA DE OBRAS PÚBLICAS;am001;Subsecretario de Obras Públicas;23-12-2014;NAVIDAD
2014;4;am0012293;CAFÉ EN GRANO Y CHOCOLATES;Sergio Galilea Ocon;AM001210;SUBSECRETARÍA DE OBRAS PÚBLICAS;am001;Subsecretario de Obras Públicas;23-12-2014;NAVIDAD
2014;4;am001263;2 botellas de vino en caja de madera;Sergio Galilea Ocon;AM001210;SUBSECRETARÍA DE OBRAS PÚBLICAS;am001;Subsecretario de Obras Públicas;03-12-2014;regalo de navidad
2014;4;am0013143;UN RELOJ DE ESCRITORIO;Sergio Galilea Ocon;AM001210;SUBSECRETARÍA DE OBRAS PÚBLICAS;am001;Subsecretario de Obras Públicas;30-12-2014;Navidad
2014;4;am001663;libro;Sergio Galilea Ocon;AM001210;SUBSECRETARÍA DE OBRAS PÚBLICAS;am001;Subsecretario de Obras Públicas;15-12-2014;Regalo de Navidad
2014;4;an0011853;"libro ""La Niña que Soñaba en Colores""";Cristian Andrés Bowen Garfias;AN00169;SUBSECRETARIA DE TRANSPORTES;an001;Subsecretario de Transportes;19-12-2014;Atención
2014;4;an0012863;Figura de Madera y Botella vacía para guardar líquidos;Cristian Andrés Bowen Garfias;AN00169;SUBSECRETARIA DE TRANSPORTES;an001;Subsecretario de Transportes;24-12-2014;Navidad
2014;4;an0012923;Libro;Cristian Andrés Bowen Garfias;AN00169;SUBSECRETARIA DE TRANSPORTES;an001;Subsecretario de Transportes;26-12-2014;Atención
2014;4;an00133;"Libro ""Valparaíso, Un siglo de Historia Visual del Transporte Público""";Cristian Andrés Bowen Garfias;AN00169;SUBSECRETARIA DE TRANSPORTES;an001;Subsecretario de Transportes;28-11-2014;Atención
2014;4;an001593;"Libro ""La Carretera Austral""";Cristian Andrés Bowen Garfias;AN00169;SUBSECRETARIA DE TRANSPORTES;an001;Subsecretario de Transportes;12-12-2014;Atención
2014;4;an0011073;"Libro ""Museo Histórico Nacional"" (Ingresado al Inventario MTT Acta N°24294)";Andrés Gómez - Lobo Echenique;AN00170;SUBSECRETARIA DE TRANSPORTES;an001;Ministro de Transportes;17-12-2014;Navidad
2014;4;an0011083;"Libro ""Santiago desde el Aire"" (Ingresado al inventario MTT Acta N° 24306)";Andrés Gómez - Lobo Echenique;AN00170;SUBSECRETARIA DE TRANSPORTES;an001;Ministro de Transportes;17-12-2014;Navidad
2014;4;an0011093;"Libro ""Vicente Huidobro: En la Constelación Cantante de las Aguas"" (Ingresado al Inventario MTT Acta N° 24303)";Andrés Gómez - Lobo Echenique;AN00170;SUBSECRETARIA DE TRANSPORTES;an001;Ministro de Transportes;18-12-2014;Navidad
2014;4;an0011563;"Libro ""Prat"" (Ingresado al Inventario MTT, Acta N° 24305)";Andrés Gómez - Lobo Echenique;AN00170;SUBSECRETARIA DE TRANSPORTES;an001;Ministro de Transportes;19-12-2014;Navidad
2014;4;an0012033;"Libro: "" La niña que soñaba en Colores""";Andrés Gómez - Lobo Echenique;AN00170;SUBSECRETARIA DE TRANSPORTES;an001;Ministro de Transportes;19-12-2014;Navidad
2014;4;an0013283;Grabado de Totoy Zamudio (Ingresado al Inventario MTT, Acta N° 24308);Andrés Gómez - Lobo Echenique;AN00170;SUBSECRETARIA DE TRANSPORTES;an001;Ministro de Transportes;29-12-2014;Navidad
2014;4;an0024943;Grabado de Totoy Zamudio;PEDRO MARIANO HUICHALAF ROA;AN00228;SUBSECRETARÍA DE TELECOMUNICACIONES;an002;Subsecretario(a);29-12-2014;Navidad
2014;4;an0024953;"Libro ""Prat""";PEDRO MARIANO HUICHALAF ROA;AN00228;SUBSECRETARÍA DE TELECOMUNICACIONES;an002;Subsecretario(a);19-12-2014;Navidad
2014;4;an0024963;"Libro ""Santiago desde el Aire""";PEDRO MARIANO HUICHALAF ROA;AN00228;SUBSECRETARÍA DE TELECOMUNICACIONES;an002;Subsecretario(a);17-12-2014;Navidad
2014;4;ao0011103;"LIBRO ""SANTIAGO VISTO DESDE EL AIRE""";Helia Molina Milman;AO001632;SUBSECRETARÍA DE SALUD PÚBLICA ;ao001;Ministra;17-12-2014;FIESTA NAVIDEÑA
2014;4;ao0011453;"LIBRO  ""VICENTE HUIDOBRO"" EN LA CONSTELACION CANTANTE DE LAS AGUAS";Helia Molina Milman;AO001632;SUBSECRETARÍA DE SALUD PÚBLICA ;ao001;Ministra;18-12-2014;FIESTA NAVIDEÑA
2014;4;ao0011693;SELECCION PROGRAMAS FINANCIADOS POR EL FONDO DE FOMENTO A LA CALIDAD DE LA TELEVISION;Helia Molina Milman;AO001632;SUBSECRETARÍA DE SALUD PÚBLICA ;ao001;Ministra;19-12-2014;FIESTA DE NAVIDAD
2014;4;ao0012763;AGENDA Y CALENDARIO;Helia Molina Milman;AO001632;SUBSECRETARÍA DE SALUD PÚBLICA ;ao001;Ministra;23-12-2014;FIESTA DE NAVIDAD
2014;4;ao0012773;AGENDA;Helia Molina Milman;AO001632;SUBSECRETARÍA DE SALUD PÚBLICA ;ao001;Ministra;23-12-2014;FIESTA DE NAVIDAD
2014;4;ao0012913;2 BOTELLAS DE VINO Y UN JUEGO DE AJEDREZ;Helia Molina Milman;AO001632;SUBSECRETARÍA DE SALUD PÚBLICA ;ao001;Ministra;25-12-2014;NAVIDAD
2014;4;ao0013133;1 CAJITA DE CHOCOLATES;Helia Molina Milman;AO001632;SUBSECRETARÍA DE SALUD PÚBLICA ;ao001;Ministra;24-12-2014;NAVIDAD
2014;4;ao001333;CALENDARIO;Helia Molina Milman;AO001632;SUBSECRETARÍA DE SALUD PÚBLICA ;ao001;Ministra;02-12-2014;MES NAVIDEÑO
2014;4;ao001393;CAJA CON CEREZAS Y AGENDA;Helia Molina Milman;AO001632;SUBSECRETARÍA DE SALUD PÚBLICA ;ao001;Ministra;10-12-2014;NAVIDAD
2014;4;ao00173;"LIBRO ""EL CABALLO DE RAZA CHILENA";Helia Molina Milman;AO001632;SUBSECRETARÍA DE SALUD PÚBLICA ;ao001;Ministra;28-11-2014;OBSEQUIO DE LA FEDERACIÓN DE CRIADORES DE CABALLOS CHILENOS
2014;4;ao0013073;DVD/  COLECCION FONDO - CNTV;Jaime Burrows Oyarzún;AO001635;SUBSECRETARÍA DE SALUD PÚBLICA ;ao001;Subsecretario de Salud Pública;19-12-2014;RECOPILACIÓN DEL AÑOS 2014/ CONSEJO NACIONAL DE TELEVISIÓN  
2014;4;ao0014413;Agenda ;Jaime Burrows Oyarzún;AO001635;SUBSECRETARÍA DE SALUD PÚBLICA ;ao001;Subsecretario de Salud Pública;30-12-2014;Fiestas de fin de año
2014;4;ao0014543;Libro El Caballo de Raza Chilena;Angélica Verdugo Sobral;AO001766;SUBSECRETARÍA DE SALUD PÚBLICA ;ao001;Subsecretaria de Redes Asistenciales - SRA;16-12-2014;Obsequio Federación de criadores de caballos chilenos
2014;4;ap0011293;caja con vino, frasco de aceitunas verdes descorazadas y mini tarro de pate.;Paulina Saball Astaburuaga;AP001248;SUBSECRETARIA DE VIVIENDA Y URBANISMO;ap001;Ministro(a);18-12-2014;Reunión almuerzo Comité de Vivienda C.CH.C.
2014;4;ap0011313;Canasto  Navideño (chocolates, champagne, vinos);Paulina Saball Astaburuaga;AP001248;SUBSECRETARIA DE VIVIENDA Y URBANISMO;ap001;Ministro(a);17-12-2014;Navidad 
2014;4;ap0011723;pelicula;Paulina Saball Astaburuaga;AP001248;SUBSECRETARIA DE VIVIENDA Y URBANISMO;ap001;Ministro(a);19-12-2014;Navidad
2014;4;ap0011743;Gorro de lana y Llavero;Paulina Saball Astaburuaga;AP001248;SUBSECRETARIA DE VIVIENDA Y URBANISMO;ap001;Ministro(a);19-12-2014;ceremonia primera piedra en Paillaco, visita en terreno en la Región de Los Ríos
2014;4;ap0011753;corderito de lana (artesanía de la zona);Paulina Saball Astaburuaga;AP001248;SUBSECRETARIA DE VIVIENDA Y URBANISMO;ap001;Ministro(a);19-12-2014;Visita Región de Los Ríos
2014;4;ap0011773;Ramo de Flores;Paulina Saball Astaburuaga;AP001248;SUBSECRETARIA DE VIVIENDA Y URBANISMO;ap001;Ministro(a);19-12-2014;Visita a la Región de Los Ríos
2014;4;ap0011783;Colgante de Madera;Paulina Saball Astaburuaga;AP001248;SUBSECRETARIA DE VIVIENDA Y URBANISMO;ap001;Ministro(a);20-12-2014;Visita Región de Los Ríos
2014;4;ap0011793;Pluma de Madera;Paulina Saball Astaburuaga;AP001248;SUBSECRETARIA DE VIVIENDA Y URBANISMO;ap001;Ministro(a);20-12-2014;Visita Región de  Los Ríos
2014;4;ap0011803;Ramo de Flores;Paulina Saball Astaburuaga;AP001248;SUBSECRETARIA DE VIVIENDA Y URBANISMO;ap001;Ministro(a);20-12-2014;Visita Región de Los Ríos
2014;4;ap0011813;Galletas de Navidad;Paulina Saball Astaburuaga;AP001248;SUBSECRETARIA DE VIVIENDA Y URBANISMO;ap001;Ministro(a);20-12-2014;VIisita Región de Los Ríos
2014;4;ap0011943;Agenda año 2015;Paulina Saball Astaburuaga;AP001248;SUBSECRETARIA DE VIVIENDA Y URBANISMO;ap001;Ministro(a);22-12-2014;Navidad
2014;4;ap0011963;Chocolates;Paulina Saball Astaburuaga;AP001248;SUBSECRETARIA DE VIVIENDA Y URBANISMO;ap001;Ministro(a);22-12-2014;Navidad
2014;4;ap0012173;libros Flora  Volumén 1, 2 y 3, Reserva Biológica Huilo Huilo;Paulina Saball Astaburuaga;AP001248;SUBSECRETARIA DE VIVIENDA Y URBANISMO;ap001;Ministro(a);23-12-2014;Navidad
2014;4;ap0012733;"Libro ""Vicente Huidobro - en la constelación cantante de las aguas";Paulina Saball Astaburuaga;AP001248;SUBSECRETARIA DE VIVIENDA Y URBANISMO;ap001;Ministro(a);23-12-2014;Navidad
2014;4;ap0012793;Caja Navideña, con cajas de chocolate, vino, champagne;Paulina Saball Astaburuaga;AP001248;SUBSECRETARIA DE VIVIENDA Y URBANISMO;ap001;Ministro(a);24-12-2014;Navidad
2014;4;ap0012823;"Ejemplar Libro ""Aguas Nuevas ";Paulina Saball Astaburuaga;AP001248;SUBSECRETARIA DE VIVIENDA Y URBANISMO;ap001;Ministro(a);24-12-2014;Navidad
2014;4;ap001283;bandeja de madera;Paulina Saball Astaburuaga;AP001248;SUBSECRETARIA DE VIVIENDA Y URBANISMO;ap001;Ministro(a);02-12-2014;visita en terreno obra vial Manso de Velasco, San Fernado, Comité Adulto Mayor Barrio San Ramón, VI Región
2014;4;ap0014523;una caja de chocolates;Paulina Saball Astaburuaga;AP001248;SUBSECRETARIA DE VIVIENDA Y URBANISMO;ap001;Ministro(a);24-12-2014;Navidad
2014;4;ap00153;1 piecera de lana cruda ;Paulina Saball Astaburuaga;AP001248;SUBSECRETARIA DE VIVIENDA Y URBANISMO;ap001;Ministro(a);01-12-2014;Reunión con Alcalde Vichuquén
2014;4;ap001633;"Figura de madera y greda ""Cueva Milodón"", Punta Arenas";Paulina Saball Astaburuaga;AP001248;SUBSECRETARIA DE VIVIENDA Y URBANISMO;ap001;Ministro(a);15-12-2014;Visita de la Sra. Ministra a Puerto Natales.
2014;4;ap001643;Cuadro de Madera y Ceramica;Paulina Saball Astaburuaga;AP001248;SUBSECRETARIA DE VIVIENDA Y URBANISMO;ap001;Ministro(a);15-12-2014;Visita Sra. Ministra a la XII Región
2014;4;ap001653;Telar madera pequeño;Paulina Saball Astaburuaga;AP001248;SUBSECRETARIA DE VIVIENDA Y URBANISMO;ap001;Ministro(a);15-12-2014;Visita de la Ministra a la XII Región
2014;4;ap001953;Libro Santiago Desde El Aire;Paulina Saball Astaburuaga;AP001248;SUBSECRETARIA DE VIVIENDA Y URBANISMO;ap001;Ministro(a);17-12-2014;Navidad
2014;4;ap0011733;tejido de lana;Paulina Saball Astaburuaga;AP001248;SUBSECRETARIA DE VIVIENDA Y URBANISMO;ap001;Ministro(a);19-12-2014;visita Región de Los Ríos
2014;4;ap001273;Salame Italliano Cecinas Llanquihue;Jaime Rodrigo Romero Alvarez;AP001251;SUBSECRETARIA DE VIVIENDA Y URBANISMO;ap001;Subsecretario(a);02-12-2014;Reunión con comites de vivienda de la comuna de Llanquihue
2014;4;aq001613;Libro Museo Histórico Nacional;Víctor Hugo Osorio Reyes;AQ001683;SUBSECRETARÍA DE BIENES NACIONALES;aq001;Sr. Ministro;11-12-2014;Cortesía
2014;4;aq001623;Libro Parque Nacional Monte Leon;Víctor Hugo Osorio Reyes;AQ001683;SUBSECRETARÍA DE BIENES NACIONALES;aq001;Sr. Ministro;10-12-2014;Cortesía
2014;4;ar0011543;Agenda;Carlos Guillermo Furche Guajardo;AR001392;SUBSECRETARÍA DE AGRICULTURA;ar001;Ministro(a);19-12-2014;Fiestas Navideñas
2014;4;ar0011553;Libro de poesía;Carlos Guillermo Furche Guajardo;AR001392;SUBSECRETARÍA DE AGRICULTURA;ar001;Ministro(a);19-12-2014;Fiesta Navideña
2014;4;ar0011863;Canasta Navideña;Carlos Guillermo Furche Guajardo;AR001392;SUBSECRETARÍA DE AGRICULTURA;ar001;Ministro(a);19-12-2014;Fiesta Navideña
2014;4;ar0011873;Vinos;Carlos Guillermo Furche Guajardo;AR001392;SUBSECRETARÍA DE AGRICULTURA;ar001;Ministro(a);19-12-2014;Fiesta Navideña
2014;4;ar0011893;Plantin;Carlos Guillermo Furche Guajardo;AR001392;SUBSECRETARÍA DE AGRICULTURA;ar001;Ministro(a);18-12-2014;Fiesta Navideña
2014;4;ar0011903;Quesos;Carlos Guillermo Furche Guajardo;AR001392;SUBSECRETARÍA DE AGRICULTURA;ar001;Ministro(a);22-12-2014;Fiesta Navideña
2014;4;ar001983;Poncho de Alpaca;Carlos Guillermo Furche Guajardo;AR001392;SUBSECRETARÍA DE AGRICULTURA;ar001;Ministro(a);03-12-2014;Visita a Iquique y sus comunas
2014;4;ar001993;Libro Santiago Desde El Aire;Carlos Guillermo Furche Guajardo;AR001392;SUBSECRETARÍA DE AGRICULTURA;ar001;Ministro(a);17-12-2014;Obsequio
2014;4;ar0011523;Plantín de almácigos ;Claudio Armando Ternicier González;AR001394;SUBSECRETARÍA DE AGRICULTURA;ar001;Subsecretario(a);19-12-2014;Regalo navideño
2014;4;ar0012873;Carne;Claudio Armando Ternicier González;AR001394;SUBSECRETARÍA DE AGRICULTURA;ar001;Subsecretario(a);23-12-2014;Regalo navideño
2014;4;ar00143;Tazón;Claudio Armando Ternicier González;AR001394;SUBSECRETARÍA DE AGRICULTURA;ar001;Subsecretario(a);01-12-2014;"Seminario ""Cosechando eficiencia en la horticultura protegida Chilena"""
2014;4;ar001973;Caja de cerezas y 1 agenda;Claudio Armando Ternicier González;AR001394;SUBSECRETARÍA DE AGRICULTURA;ar001;Subsecretario(a);16-12-2014;Regalo navideño
2014;4;as0014013;"Libro ""Santiago desde el Aire""";Aurora Elvira Williams Baussa;AS001380;SUBSECRETARÍA DE MINERÍA;as001;Ministro(a);15-12-2014;navidad 2014
2014;4;as0014023;Agenda;Aurora Elvira Williams Baussa;AS001380;SUBSECRETARÍA DE MINERÍA;as001;Ministro(a);16-12-2014;Navidad 2014
2014;4;as0014033;Agenda;Aurora Elvira Williams Baussa;AS001380;SUBSECRETARÍA DE MINERÍA;as001;Ministro(a);17-12-2014;Navidad 2014
2014;4;as0014043;"libro ""García Huidobro""";Aurora Elvira Williams Baussa;AS001380;SUBSECRETARÍA DE MINERÍA;as001;Ministro(a);17-12-2014;Navidad 2014
2014;4;as0014053;libro;Aurora Elvira Williams Baussa;AS001380;SUBSECRETARÍA DE MINERÍA;as001;Ministro(a);18-12-2014;Navidad 2014
2014;4;as0014063;Calendario 2015;Aurora Elvira Williams Baussa;AS001380;SUBSECRETARÍA DE MINERÍA;as001;Ministro(a);19-12-2014;Navidad 2014
2014;4;as0012803;"Libro ""Ministry of Foreing Affairs of the Republic of Poland""";Ignacio Moreno Fernández;AS001381;SUBSECRETARÍA DE MINERÍA;as001;Subsecretario(a);22-12-2014;Navidad
2014;4;as0012813;"Libro ""Vicente Huidobro, en la Constelación Cantante de las Aguas""";Ignacio Moreno Fernández;AS001381;SUBSECRETARÍA DE MINERÍA;as001;Subsecretario(a);23-12-2014;Navidad
2014;4;as0013953;1 botella de licor y 1 libreta de notas con agenda 2015;Ignacio Moreno Fernández;AS001381;SUBSECRETARÍA DE MINERÍA;as001;Subsecretario(a);30-12-2014;Navidad
2014;4;at0013983;"Libro ""Mujeres Chilenas Inolvidables""";Gloria Andrea Maira Vargas;AT001686;SERVICIO NACIONAL DE LA MUJER (SERNAM);at001;Subdirectora Gloria Maira Vargas;15-12-2014;Obsequio de navidad
2014;4;at0013993;Cuaderno;Gloria Andrea Maira Vargas;AT001686;SERVICIO NACIONAL DE LA MUJER (SERNAM);at001;Subdirectora Gloria Maira Vargas;29-12-2014;Obsequio de navidad
2014;4;at0013963;caja de guindas ;Claudia Pascual Grau;AT001792;SERVICIO NACIONAL DE LA MUJER (SERNAM);at001;Ministro(a);15-12-2014;obsequio de navidad
2014;4;at0013973;libro;Claudia Pascual Grau;AT001792;SERVICIO NACIONAL DE LA MUJER (SERNAM);at001;Ministro(a);29-12-2014;obsequio de navidad
2014;4;at0014003;1 Vino;Claudia Pascual Grau;AT001792;SERVICIO NACIONAL DE LA MUJER (SERNAM);at001;Ministro(a);22-12-2014;Obsequio de navidad
2014;4;at0014103;Espumante;Claudia Pascual Grau;AT001792;SERVICIO NACIONAL DE LA MUJER (SERNAM);at001;Ministro(a);31-12-2014;Obsequio de navidad
2014;4;au0022093;libro,  El buen Alcalde Ideas y Experiencias para el Bienestar Comunal. ;Maximo Jorge Pacheco Matte;AU002421;SUBSECRETARIA DE ENERGÍA;au002;Ministro(a);19-12-2014;Navidad
2014;4;au0022103;Agenga 2014;Maximo Jorge Pacheco Matte;AU002421;SUBSECRETARIA DE ENERGÍA;au002;Ministro(a);22-12-2014;Navidad
2014;4;au0022113;"libro ""Grandes Firmas del Mundo""";Maximo Jorge Pacheco Matte;AU002421;SUBSECRETARIA DE ENERGÍA;au002;Ministro(a);22-12-2014;Navidad
2014;4;au0022123;Mini Parlante Bluetooth;Maximo Jorge Pacheco Matte;AU002421;SUBSECRETARIA DE ENERGÍA;au002;Ministro(a);19-12-2014;Navidad
2014;4;au0022973;Libro Chile - Araucania, Patagonia.;Maximo Jorge Pacheco Matte;AU002421;SUBSECRETARIA DE ENERGÍA;au002;Ministro(a);26-12-2014;Navidad
2014;4;au0023003;Botella Castillo de Melina y Chocolates;Maximo Jorge Pacheco Matte;AU002421;SUBSECRETARIA DE ENERGÍA;au002;Ministro(a);26-12-2014;Navidad
2014;4;au0023023;Colleras;Maximo Jorge Pacheco Matte;AU002421;SUBSECRETARIA DE ENERGÍA;au002;Ministro(a);12-12-2014;Invitación al Foro Inversión Australia
2014;4;au0023783;Libro Vicente Huidobro;Maximo Jorge Pacheco Matte;AU002421;SUBSECRETARIA DE ENERGÍA;au002;Ministro(a);23-12-2014;Navidad
2014;4;av0016303;LIBRO VOCES DE ORIGEN MAPUDUNGUM;Claudia Barattini Contreras;AV001793;CONSEJO NACIONAL DE LA CULTURA Y LAS ARTES (CNCA);av001;Ministro(a);26-12-2014;NINGUNO
2014;4;aw0024663;Libro Aguas Nuevas . Por una vida Mejor ;Pablo Esteban Badenier Martínez;AW002400;SUBSECRETARÍA DEL MEDIO AMBIENTE;aw002;Ministro(a);22-12-2014;Obsequio de Navidad
2014;4;aw0024693;Libro Santiago Desde El Aire ;Pablo Esteban Badenier Martínez;AW002400;SUBSECRETARÍA DEL MEDIO AMBIENTE;aw002;Ministro(a);19-12-2014;Obsequio de Navidad 
2014;4;aw0024713;"Libro ""Bird Of Chile""";Pablo Esteban Badenier Martínez;AW002400;SUBSECRETARÍA DEL MEDIO AMBIENTE;aw002;Ministro(a);22-12-2014;Obsequio de Navidad 
2014;4;aw0024723;"Libro "" Chile Silvestre""";Pablo Esteban Badenier Martínez;AW002400;SUBSECRETARÍA DEL MEDIO AMBIENTE;aw002;Ministro(a);19-12-2014;Obsequio de Navidad 
2014;4;aw0024733;"Libro "" Policía de Investigaciones de Chile Nuestro Espíritu de Servir""";Pablo Esteban Badenier Martínez;AW002400;SUBSECRETARÍA DEL MEDIO AMBIENTE;aw002;Ministro(a);22-12-2014;Obsequio de Navidad 
2014;4;aw0024743;Libros de Flora Reserva Biológica Huilo Huilo  Volumen I, II, III ;Pablo Esteban Badenier Martínez;AW002400;SUBSECRETARÍA DEL MEDIO AMBIENTE;aw002;Ministro(a);22-12-2014;Obsequio de Navidad 
2014;4;aw0024753;Productos de Natura ;Pablo Esteban Badenier Martínez;AW002400;SUBSECRETARÍA DEL MEDIO AMBIENTE;aw002;Ministro(a);19-12-2014;Obsequio de Navidad 
2014;4;aw0024773;"Libro "" El Caballo de Raza Chilena """;Pablo Esteban Badenier Martínez;AW002400;SUBSECRETARÍA DEL MEDIO AMBIENTE;aw002;Ministro(a);05-12-2014;Enviado directamente a Gabinete del Ministro
2014;4;aw0024793;"Libro "" Bosques de Chile""";Pablo Esteban Badenier Martínez;AW002400;SUBSECRETARÍA DEL MEDIO AMBIENTE;aw002;Ministro(a);19-12-2014;Obsequio de Navidad
2014;4;aw0024823;"Libro "" Vicente Huidobro""";Pablo Esteban Badenier Martínez;AW002400;SUBSECRETARÍA DEL MEDIO AMBIENTE;aw002;Ministro(a);22-12-2014;Obsequio directamente a Gabinete del Ministro 
2014;4;aw0022403;Vino Espumante ;Marcelo Mena Carrasco;AW002404;SUBSECRETARÍA DEL MEDIO AMBIENTE;aw002;Subsecretario;23-12-2014;Regalo navideño 
2014;4;aw0022413;Vino, chocolates y calendario 2015;Marcelo Mena Carrasco;AW002404;SUBSECRETARÍA DEL MEDIO AMBIENTE;aw002;Subsecretario;23-12-2014;Obsequio de Navidad
2014;4;aw0022423;Calendario 2015;Marcelo Mena Carrasco;AW002404;SUBSECRETARÍA DEL MEDIO AMBIENTE;aw002;Subsecretario;23-12-2014;Regalo Navideño 
2014;4;aw0022443;Libro y calendario 2015;Marcelo Mena Carrasco;AW002404;SUBSECRETARÍA DEL MEDIO AMBIENTE;aw002;Subsecretario;23-12-2014;Regalo Navideño
2014;4;aw0022453;Libro ;Marcelo Mena Carrasco;AW002404;SUBSECRETARÍA DEL MEDIO AMBIENTE;aw002;Subsecretario;23-12-2014;Regalo Navideño 
2014;4;aw0022493;Libreta de notas ;Marcelo Mena Carrasco;AW002404;SUBSECRETARÍA DEL MEDIO AMBIENTE;aw002;Subsecretario;23-12-2014;Regalo de Navidad 
2014;4;aw0022503;Libro ;Marcelo Mena Carrasco;AW002404;SUBSECRETARÍA DEL MEDIO AMBIENTE;aw002;Subsecretario;23-12-2014;Obsequio de Navidad
2014;4;aw0022543;Libro;Marcelo Mena Carrasco;AW002404;SUBSECRETARÍA DEL MEDIO AMBIENTE;aw002;Subsecretario;23-12-2014;Obsequio de Navidad
2014;4;aw002343;Libro;Marcelo Mena Carrasco;AW002404;SUBSECRETARÍA DEL MEDIO AMBIENTE;aw002;Subsecretario;04-12-2014;Enviado directamente al Gabinete del Subsecretario 
2014;4;aw002353;Libreta de notas;Marcelo Mena Carrasco;AW002404;SUBSECRETARÍA DEL MEDIO AMBIENTE;aw002;Subsecretario;03-12-2014;Conferencia de las partes sobre Cambio Climatico, COP 20 Lima 2014
2014;4;ax0011283;LIBROS;JUAN IGNACIO PIÑA ROCHEFORT;AX001623;CONSEJO DE DEFENSA DEL ESTADO (CDE);ax001;Consejero;18-12-2014;NAVIDAD
2014;4;ba0013853;Cajas de Bombones;Natalia Odette Riffo Alonso;BA00171;SUBSECRETARIA DEL DEPORTE;ba001;Ministro(a);19-12-2014;Presente de Navidad
2014;4;ba0013903;Agenda / Caja de fruta;Natalia Odette Riffo Alonso;BA00171;SUBSECRETARIA DEL DEPORTE;ba001;Ministro(a);22-12-2014;Presente de Navidad
2014;4;ba001703;Sable esgrima;Natalia Odette Riffo Alonso;BA00171;SUBSECRETARIA DEL DEPORTE;ba001;Ministro(a);16-12-2014;Saludos a la Ministra
2014;4;co001donativo-013;Libro La Huella del hombre, The Human Trace;Lorena Fries Monleón;CO001CO001-SP001;INSTITUTO NACIONAL DE DERECHOS HUMANOS;co001;Consejera del Instituto Nacional de Derechos Humanos (Directora);22-12-2014;Obsequio institucional por lanzamiento
2014;4;co001donativo-023;Libro Cattetera Austral;Lorena Fries Monleón;CO001CO001-SP001;INSTITUTO NACIONAL DE DERECHOS HUMANOS;co001;Consejera del Instituto Nacional de Derechos Humanos (Directora);22-12-2014;Obsequio institucional por lanzamiento
2014;4;ct0012143;Libro - Prat (1948 - 1879);Vivianne Amelia Blanlot Soza;CT00145;CONSEJO PARA LA TRANSPARENCIA;ct001;Consejero(a) del Consejo para la Transparencia;19-12-2014;Fiestas de Fin de Año
2014;4;ct0012153;Toalla de Playa - CrediCorp Capital;Vivianne Amelia Blanlot Soza;CT00145;CONSEJO PARA LA TRANSPARENCIA;ct001;Consejero(a) del Consejo para la Transparencia;22-12-2014;Fiestas de Fin de Año
2014;4;nr0013043;BANDEJA DE PLATA;SERGIO MUÑOZ GAJARDO;NR001402;CORPORACIÓN ADMINISTRATIVA DEL PODER JUDICIAL;nr001;Presidente Consejo Superior Corporación Administrativa del Poder Judicial;01-12-2014;Visita de Estado a Chile
2014;4;nr0013053;CAJA DE BOMBONES. PORTALÁPIZ Y LÁPIZ DE TINTA  MEMORIA ANUAL 2013 DEL PODER JUDICIAL DEL PERU. LIBRO IURIS OMNES. LIBRO YA VUELVO MAMI. LIBRETA DE ANOTACIONES. BUFANDA. BOTELLA DE PISCO ITALIA. ESCULTURA DE LA CORTE SUPERIOR DE JUSTICIA DE AREQUIPA;SERGIO MUÑOZ GAJARDO;NR001402;CORPORACIÓN ADMINISTRATIVA DEL PODER JUDICIAL;nr001;Presidente Consejo Superior Corporación Administrativa del Poder Judicial;09-12-2014;VISITA DELEGACION DE AUTORIDADES JUDICIALES DE AREQUIPA, PERÚ 
2014;4;nr0013063;PRODUCTOS ALIMENTICIOS DE TAILANDIA;SERGIO MUÑOZ GAJARDO;NR001402;CORPORACIÓN ADMINISTRATIVA DEL PODER JUDICIAL;nr001;Presidente Consejo Superior Corporación Administrativa del Poder Judicial;23-12-2014;CON MOTIVO DE LA NAVIDAD, ENVIADO POR CORREO
2014;4;nr0015333;Lápiz institucional (Parker);MARCELO BAEZA ALVAREZ;NR001493;CORPORACIÓN ADMINISTRATIVA DEL PODER JUDICIAL;nr001;Consejero Consejo Coordinación Zonal de Copiapó;23-12-2014;Presente
2014;4;nr0016633;Chocolates;NANCY VILLARREAL VILLALOBOS;NR001528;CORPORACIÓN ADMINISTRATIVA DEL PODER JUDICIAL;nr001;Consejera Consejo Coordinación Zonal de Rancagua;22-12-2014;Regalo de Navidad
2014;4;nr002113;LIBRO;RAMIRO MENDOZA ZUÑIGA;NR0021;CONTRALORIA GENERAL DE LA REPUBLICA;nr002;CONTRALOR GENERAL;17-12-2014;SALUDO NAVIDEÑO
2014;4;nr002133;LIBRO;RAMIRO MENDOZA ZUÑIGA;NR0021;CONTRALORIA GENERAL DE LA REPUBLICA;nr002;CONTRALOR GENERAL;18-12-2014;SALUDO NAVIDEÑO
2014;4;nr002193;CAJA CON ACEITES DE OLIVA;RAMIRO MENDOZA ZUÑIGA;NR0021;CONTRALORIA GENERAL DE LA REPUBLICA;nr002;CONTRALOR GENERAL;23-12-2014;SALUDO NAVIDEÑO
2014;4;nr002223;LIBRO;RAMIRO MENDOZA ZUÑIGA;NR0021;CONTRALORIA GENERAL DE LA REPUBLICA;nr002;CONTRALOR GENERAL;30-12-2014;REGALO DE CORTESIA
2014;4;nr00243;LIBRO INSTITUCIONAL;RAMIRO MENDOZA ZUÑIGA;NR0021;CONTRALORIA GENERAL DE LA REPUBLICA;nr002;CONTRALOR GENERAL;03-12-2014;CEREMONIA
2014;4;nr002103;PRESENTE INSTITUCIONAL - CALCULADORA MADERA;RAMIRO MENDOZA ZUÑIGA;NR0021;CONTRALORIA GENERAL DE LA REPUBLICA;nr002;CONTRALOR GENERAL;17-12-2014;FIRMA CONVENIO
2014;4;nr002123;LIBRO;RAMIRO MENDOZA ZUÑIGA;NR0021;CONTRALORIA GENERAL DE LA REPUBLICA;nr002;CONTRALOR GENERAL;17-12-2014;SALUDO NAVIDEÑO
2014;4;nr002143;REGALO DE CORTESIA;RAMIRO MENDOZA ZUÑIGA;NR0021;CONTRALORIA GENERAL DE LA REPUBLICA;nr002;CONTRALOR GENERAL;19-12-2014;SALUDO NAVIDEÑO
2014;4;nr002153;AGENDA;RAMIRO MENDOZA ZUÑIGA;NR0021;CONTRALORIA GENERAL DE LA REPUBLICA;nr002;CONTRALOR GENERAL;19-12-2014;SALUDO NAVIDEÑO
2014;4;nr002173;CD;RAMIRO MENDOZA ZUÑIGA;NR0021;CONTRALORIA GENERAL DE LA REPUBLICA;nr002;CONTRALOR GENERAL;22-12-2014;SALUDO NAVIDEÑO
2014;4;nr002183;LIBRO;RAMIRO MENDOZA ZUÑIGA;NR0021;CONTRALORIA GENERAL DE LA REPUBLICA;nr002;CONTRALOR GENERAL;22-12-2014;SALUDO NAVIDEÑO
2014;4;nr002203;REGALO DE CORTESIA;RAMIRO MENDOZA ZUÑIGA;NR0021;CONTRALORIA GENERAL DE LA REPUBLICA;nr002;CONTRALOR GENERAL;24-12-2014;SALUDO NAVIDEÑO
2014;4;nr002213;LIBRO;RAMIRO MENDOZA ZUÑIGA;NR0021;CONTRALORIA GENERAL DE LA REPUBLICA;nr002;CONTRALOR GENERAL;30-12-2014;REGALO DE CORTESIA
2014;4;nr00263;LIBRO INSTITUCIONAL;RAMIRO MENDOZA ZUÑIGA;NR0021;CONTRALORIA GENERAL DE LA REPUBLICA;nr002;CONTRALOR GENERAL;12-12-2014;SALUDO DE FIN DE AÑO
2014;4;nr00273;REGALO DE CORTESIA;RAMIRO MENDOZA ZUÑIGA;NR0021;CONTRALORIA GENERAL DE LA REPUBLICA;nr002;CONTRALOR GENERAL;16-12-2014;SALUDO NAVIDEÑO
2014;4;nr00233;BANDEJA CON LOGO INSTITUCIONAL EFS FILIPINAS;PATRICIA ARRIAGADA VILLOUTA;NR0022;CONTRALORIA GENERAL DE LA REPUBLICA;nr002;SUBCONTRALOR GENERAL;10-12-2014;28 REUNIÓN COMITÉ ASESOR AUDITORÍA INDEPENDIENTE NACIONES UNIDAS
2014;4;nr002163;AGENDA 2015;PATRICIA ARRIAGADA VILLOUTA;NR0022;CONTRALORIA GENERAL DE LA REPUBLICA;nr002;SUBCONTRALOR GENERAL;19-12-2014;SALUDO DE FIN DE AÑO
2014;4;nr00253;CALENDARIO Y LIBRO INSTITUCIONAL AUDITORIA SUPERIOR DEL ESTADO DE PUEBLA;PATRICIA ARRIAGADA VILLOUTA;NR0022;CONTRALORIA GENERAL DE LA REPUBLICA;nr002;SUBCONTRALOR GENERAL;15-12-2014;SALUDO DE FIN DE AÑO
2014;4;nr00283;CALENDARIO Y AGENDA 2015;PATRICIA ARRIAGADA VILLOUTA;NR0022;CONTRALORIA GENERAL DE LA REPUBLICA;nr002;SUBCONTRALOR GENERAL;17-12-2014;SALUDO DE FIN DE AÑO
2014;4;nr00293;LIBRO: SANTIAGO DESDE EL AIRE;PATRICIA ARRIAGADA VILLOUTA;NR0022;CONTRALORIA GENERAL DE LA REPUBLICA;nr002;SUBCONTRALOR GENERAL;17-12-2014;SALUDO DE FIN DE AÑO
2014;4;nr005403;Una caja con dos botellas de vino y un juego de ajedrez;Carolina Goic Boroevic;NR00513;SENADO;nr005;Senador ;22-12-2014;Saludo de Navidad y agradecimiento por colaboración de la Senadora en Aniversario Fundación Arturo López Pérez
2014;4;nr00533;Cofre de madera con 1 vino marca Lapostolle;Felipe Harboe Bascuñán;NR00514;SENADO;nr005;Senador ;16-12-2014;S/I
2014;4;nr005273;1 Libro titulado: Santiago desde el Aire;Manuel José Ossandón Irarrázabal;NR00520;SENADO;nr005;Senador ;23-12-2014;Regalo Navidad
2014;4;nr005293;1 libro titulado: Vicente Huidobro. En la Constelación Cantante de las Aguas. Obra Temprana;Manuel José Ossandón Irarrázabal;NR00520;SENADO;nr005;Senador ;22-12-2014;Regalo Navidad
2014;4;nr005193;Canasta de Navidad;Andrés Zaldívar Larraín;NR00524;SENADO;nr005;Senador ;22-12-2014;Regalo por tener cuenta corriente en Banco Chile
2014;4;nr005123;"Libro ""Una visión de universidad de clase mundial""";Eugenio Tuma Zedán;NR00536;SENADO;nr005;Senador ;22-12-2014;"Libro ""Educación Superior, Una visión de Universidad de Clase mundial"" Universidad de Santiago de Chile"
2014;4;nr005113;"Libro ""VOCES DE ORIGEN MAPUDUNGUN""";Eugenio Tuma Zedán;NR00536;SENADO;nr005;Senador ;29-12-2014;Enviado por  Sergio Urbina Squella, Director de asuntos corporativos y Gerente General La Corporación Cultural La Araucana
2014;4;nr00543;Surtido de Cecinas San Jorge;Eugenio Tuma Zedán;NR00536;SENADO;nr005;Senador ;22-12-2014;S/I
2014;4;nr00553;Botella de Champagne Valdivieso;Eugenio Tuma Zedán;NR00536;SENADO;nr005;Senador ;22-12-2014;S/I
2014;4;nr00563;Surtido de Chocolates Árabes;Eugenio Tuma Zedán;NR00536;SENADO;nr005;Senador ;22-12-2014;S/I
2014;4;nr00573;Colección de películas chilenas;Eugenio Tuma Zedán;NR00536;SENADO;nr005;Senador ;22-12-2014;S/I
2014;4;nr00583;Caja con productos varios (pastas, quesos, vino, jamón);Eugenio Tuma Zedán;NR00536;SENADO;nr005;Senador ;22-12-2014;S/I
2014;4;nr00593;Pintura en lienzo de Seda;Eugenio Tuma Zedán;NR00536;SENADO;nr005;Senador ;16-12-2014;Delegación China de visita en el Senado de la República.
2014;4;nr005103;Grabado de Francisco Bustamante;Ena Von Baer Jahn;NR0059;SENADO;nr005;Senador ;22-12-2014;Regalo de Navidad
2014;4;nr006don783;Libro Parques Nacionales de Chile, Tomo I;Marcos Espinosa Monardes;NR006NR006-SP022;CAMARA DE DIPUTADOS;nr006;Diputado;30-12-2014;Regalo Navidad
2014;4;nr006don823;LIBRO;Marcela Sabat Fernández;NR006NR006-SP043;CAMARA DE DIPUTADOS;nr006;Diputado;23-12-2014;RECIBIDO EN PREVENCION DE RIESGOS
2014;4;nr006don1033;Publicación Mar de Chile;Cristián Monckeberg Bruner;NR006NR006-SP044;CAMARA DE DIPUTADOS;nr006;Diputado;19-12-2014;Navidad
2014;4;nr006don1023;Publicación Santiago desde el Aire;Cristián Monckeberg Bruner;NR006NR006-SP044;CAMARA DE DIPUTADOS;nr006;Diputado;22-12-2014;Navidad
2014;4;nr006don1073;Caja de madera con pesebre;Ernesto Silva Méndez;NR006NR006-SP045;CAMARA DE DIPUTADOS;nr006;Diputado;31-12-2014;Regalo por Navidad
2014;4;nr006don1093;Libro: Parque Nacional de Chile Tomo I;Ernesto Silva Méndez;NR006NR006-SP045;CAMARA DE DIPUTADOS;nr006;Diputado;31-12-2014;Obsequio por Navidad
2014;4;nr006don1063;Libro Santiago desde el Aire;Ernesto Silva Méndez;NR006NR006-SP045;CAMARA DE DIPUTADOS;nr006;Diputado;31-12-2014;Por navidad
2014;4;nr006don1083;Libro Huellas;Ernesto Silva Méndez;NR006NR006-SP045;CAMARA DE DIPUTADOS;nr006;Diputado;31-12-2014;Regalo de Navidad
2014;4;nr006don1103;Libro: Vicente Huidobro;Ernesto Silva Méndez;NR006NR006-SP045;CAMARA DE DIPUTADOS;nr006;Diputado;31-12-2014;Obsequio por Navidad
2014;4;nr006don973;libro: Parque Nacional de Chile.;Carlos Abel Jarpa Wevar;NR006NR006-SP067;CAMARA DE DIPUTADOS;nr006;Diputado;30-12-2014;Regalo recepcionado en oficina Congreso Nacional
2014;4;nr006don723;LIBRO PARQUE NACIONAL DE CHILE-TOMO I;Marcela Hernando Pérez;NR006NR006-SP092;CAMARA DE DIPUTADOS;nr006;Diputado;29-12-2014;Regalo Navidad
2014;4;nr006don693;libro;Daniel Melo Contreras;NR006NR006-SP107;CAMARA DE DIPUTADOS;nr006;Diputado;29-12-2014;obsequio
2014;4;nr006don703;LIBRO;Daniel Melo Contreras;NR006NR006-SP107;CAMARA DE DIPUTADOS;nr006;Diputado;29-12-2014;obsequio
2014;4;nr006don473;Libro de Vicente Huidobro;Jaime Bellolio Avaria;NR006NR006-SP108;CAMARA DE DIPUTADOS;nr006;Diputado;22-12-2014;Navidad
2014;4;nr006don493;Libro sobre el Mar;Jaime Bellolio Avaria;NR006NR006-SP108;CAMARA DE DIPUTADOS;nr006;Diputado;22-12-2014;navidad
2014;4;nr006don713;LIBRO;Leonardo Soto Ferrada;NR006NR006-SP109;CAMARA DE DIPUTADOS;nr006;Diputado;30-12-2014;obsequio
2014;4;nr006don683;Libro;Leonardo Soto Ferrada;NR006NR006-SP109;CAMARA DE DIPUTADOS;nr006;Diputado;30-12-2014;obsequio
2014;4;nr006don533;Libro;Juan Antonio Coloma Alamos;NR006NR006-SP110;CAMARA DE DIPUTADOS;nr006;Diputado;17-12-2014;Navidad
2014;4;nr006don1643;Vino;Jorge Rathgeb Schifferli;NR006NR006-SP114;CAMARA DE DIPUTADOS;nr006;Diputado;26-12-2014;Cumpleaños
2014;4;nr006don583;LIBRO;Felipe De Mussy Hiriart;NR006NR006-SP118;CAMARA DE DIPUTADOS;nr006;Diputado;15-12-2014;REGALO NAVIDAD 
2014;4;nr00822014143;Caja de galletas navideñas ;PAZ DEL PILAR PEREZ  RAMIREZ;NR008DERCN;MINISTERIO PUBLICO;nr008;DIRECTOR EJECUTIVO REGIONAL METROPOLITANO CENTRO NORTE ;29-12-2014;Navidad
2014;4;nr00812014993;"Recibe ejemplar de libro ""Entre vuelos y trazos"" editado por la Fuerza Aérea de Chile.";JORGE JOSE WINSTON ABBOTT  CHARME;NR008FN;MINISTERIO PUBLICO;nr008;Fiscal Nacional;03-12-2014;Audiencia de presentación de saludos protocolares del Comandante en Jefe de la Fuerza Aérea de Chile, General del Aire Jorge Robles Mella.
2014;4;nr00822014993;Caja de chocolates. Oficina de Prensa, Cultura y Programas de Inglés, Embajada de los Estados Unidos de América.;JORGE JOSE WINSTON ABBOTT  CHARME;NR008FN;MINISTERIO PUBLICO;nr008;Fiscal Nacional;29-12-2014;Obsequio corporativo, ocasión no especificada por donante.
2014;4;nr00832014993;"Libro ilustrado ""Prat"" editado por la Armada de Chile.";JORGE JOSE WINSTON ABBOTT  CHARME;NR008FN;MINISTERIO PUBLICO;nr008;Fiscal Nacional;31-12-2014;Obsequio corporativo, ocasión no especificada por donante.
