"codigoViaje","destino","pasivo","codigoPasivo","organismo","IdOrPortal","cargo","fechaInicio","fechaTermino","descripcion","costo","financistas"
"ac0011397602","Ciudad de Castelo Branco, Portugal","German Guerrero Pavez","AC001721","SUBSECRETARÍA DE RELACIONES EXTERIORES","ac001","Embajador de Chile en Portugal",2014-11-28,2014-11-28,"Seminario Oportunidades de Negocios en América Latina - ",0,"   Alcaldía de Castelo Branco  IPDAL e Instituto Politécnico de Castelo Branco - "
"ac0011480272","Évora, Portugal","German Guerrero Pavez","AC001721","SUBSECRETARÍA DE RELACIONES EXTERIORES","ac001","Embajador de Chile en Portugal",2014-12-05,2014-12-05,"Reunión con Alcalde Évora - ",50000,"   Embajada de Chile - "
"ac0011922","PUNTA ARENAS, CHILE","Heraldo Muñoz Valenzuela","AC001497","SUBSECRETARÍA DE RELACIONES EXTERIORES","ac001","Ministro de Relaciones Exteriores",2014-12-16,2014-12-16,"REUNIÓN CONSEJO POLITICA ANTARTICA - ",40827,"   MINISTERIO DE RELACIONES EXTERIORES - "
"aj0101263152","Santiago","Sandra Flores Contreras","AJ0103749","JUNTA NACIONAL DE JARDINES INFANTILES (JUNJI)","aj010","Directora Regional de Arica y Parinacota",2014-12-02,2014-12-03,"Seminario Internacional ""Equidad y Calidad, Los desafíos de la Educación Parvularia del siglo XXI"". Resolución Exenta15-3531 - ",370805,"   JUNJI - "
"ao0011044942","Olmué","Mauricio Gomez Chamorro","AO00115687","SUBSECRETARÍA DE SALUD PÚBLICA ","ao001","Jefe Departamento de Salud Mental - DIPRECE SSP",2014-12-15,2014-12-15,"Jornada Anual de Evaluación 2014 y Planificación 2015 del Depto. de Salud Mental. - ",0,"   Subsecretaría de Salud Pública - "
"ao0011048482","Aysén","Mauricio Gomez Chamorro","AO00115687","SUBSECRETARÍA DE SALUD PÚBLICA ","ao001","Jefe Departamento de Salud Mental - DIPRECE SSP",2014-12-10,2014-12-12,"Coordinación evento de telepsiquiatría en depresión adolescente de la región de Aysén. - ",121387,"   Subsecretaría de Salud Pública - "
"mu1872818382","LAGO OHIGGINS","Lorena Molina Mansilla","MU18723545","MUNICIPALIDAD DE O'HIGGINS","mu187","Concejala",2014-11-28,2014-11-29,"REUNION JJVV LAGO OHIGGINS, GOBIERNO EN TERRENO SECTOR ISLA CENTRAL - ",66799,"   ILUSTRE MUNICIPALIDAD OHIGGINS - "
"ao0253449752","error","Juan Ramón Alvarado Maldonado","AO02530939","SERVICIO DE SALUD MAULE","ao025","Jefe de Inversiones",2014-11-28,2014-11-28,"error - ",0,"   S/I - "
"ao0253453962","error","Patricio Fernando Orellana Pinto","AO02577187","SERVICIO DE SALUD MAULE","ao025","Jefe Departamento de Recursos Físicos",2014-11-28,2014-11-28,"error - ",0,"   S/I - "
"ad022482","Perú","Jorge Alfonso Burgos Varela","AD02260","SUBSECRETARIA PARA LAS FUERZAS ARMADAS","ad022","Ministro(a)",2014-12-21,2014-12-22,"Botadura del B.E. ""Unión"" (Perú) - ",311305,"   Subsecretaría para las Fuerzas Armadas - "
"ad02252","Coquimbo","Jorge Alfonso Burgos Varela","AD02260","SUBSECRETARIA PARA LAS FUERZAS ARMADAS","ad022","Ministro(a)",2014-12-05,2014-12-05,"Lanzamiento consulta ciudadana del Nuevo Reglamento de Concesiones Marítimas - ",0,"   SSFFAA - "
"ad022732","Punta Arenas","Jorge Alfonso Burgos Varela","AD02260","SUBSECRETARIA PARA LAS FUERZAS ARMADAS","ad022","Ministro(a)",2014-12-16,2014-12-16,"Consejo Política Antartica - ",0,"   Subsecretaría para las Fuerzas Armadas - "
"am0011492","Montevideo,Uruguay","Sergio Galilea Ocon","AM001210","SUBSECRETARÍA DE OBRAS PÚBLICAS","am001","Subsecretario de Obras Públicas",2014-11-30,2014-12-05,"Reuniones con Autoridades del Ministerio de Transportes y Obras Públicas del Uruguay, Participar XXV Reunión de COSIPLAN e IIRSA; En la V Reunión Ordinaria de Ministros COSIPLAN y en la II Reunión del Grupo de Trabajo Infraestructura para Integración física del Transporte, las Telecomunicaciones y la Integración    Fronteriza. - .CELAC. - ",2809400,"   Ministerio de Obras Públicas, Subsecretarria -     Ministerio de Obras Públicas, Subsecretaria -     Ministerio de Obras Publicas, Subsecretaria - "
"ao001132","ANTOFAGASTA","Helia Molina Milman","AO001632","SUBSECRETARÍA DE SALUD PÚBLICA ","ao001","Ministra",2014-11-26,2014-11-28,"Agenda Ministra de Salud  Antofagasta Nº Vuelo                                                     salida                               fecha               hora salida             hora llegada LA 322 Operado por     A. MERINO BENITEZ      26-NOV-14                 18:20               20:20 LAN AIRLINES         26 noviembre 21:00  Cena. Participa Intendente, Seremi, Director Servicio Salud, parlamentarios. Hasta el momento se han excusado los parlamentarios.   27 noviembre  08:00 - 09:00  Reunión Equipo Directivo Salud Región Antofagasta  (Seremi Salud y Director Servicio Salud). Lugar: Servicio Salud. Bolivar # 523.  09:00 - 09:30  Visita Laboratorio Regional - SEREMI. Anuncios Agenda Medio Ambiental. Bolivar # 523. Directivos del servicio de salud, SEREMI, gremios de la salud, representantes colegios profesionales 09:45 - 10:30  Visita y bendición ecuménica obras realizadas en Unidad de Urgencias, Hospital Regional Antofagasta. Invitados: Representante Iglesia Católica e Iglesia Evangélica, Concejo Consultivo HRA, Parlamentarios, CORE Salud, gremios de la salud, representantes colegios profesionales 11:00 - 11:45  Punto Prensa Inversión en Salud Región de Antofagasta (Salud Pública y Redes Asistenciales) y Recorrido obras Hospital Concesionado Antofagasta. Representante Iglesia Católica e Iglesia Evangélica, Concejo Consultivo HRA, Parlamentarios, CORE Salud, Consejo Asesor Seremi y JJVV. Gremios de la salud, representantes colegios profesionales.    12:15 - 13:00  Recorrido obras y bendición ecuménica CESFAM Maria Cristina Rojas. Invitados: Representante Iglesia Católica e Iglesia Evangélica, Concejo Consultivo HRA, Parlamentarios, CORE Salud, Concejo Asesor Seremi, Comunidad, Alcaldesa Antofagasta. Gremios de la salud, representantes colegios profesionales 13:30 - 15:00  Almuerzo con alcaldes de la región, Intendente, Seremi y Director Servicio de Salud. Lugar: Hotel Diego de Almagro.  15:30 - 16:00  Inauguración Foro Regional de Salud. Lugar: Sala Ossa, Intendencia Antofagasta. Tema: Prevención de Cáncer en la Mujer. Convocados: 22 actores de institucionalidad pública, sociedad civil, CORES, Universidades, entre otros. 16:00 - 16:15  Punto de prensa Foro Regional de Salud 16:30 – 16:50  Entrevista Mercurio Antofagasta 17:00 – 17:40  Entrevista TVN red Antofagasta  18:00 – 18:20  Entrevista  Radio Madero (cobertura regional) (telefónica) 18:30 - 19:30  Reunión de trabajo con Intendente, Sector Salud y CORES. Lugar: Sala CORE – Intendencia.  28 de Noviembre  08:30 – 09:30 Desayuno con representantes de los gremios de la salud (APS – Hospitales –              SEREMI – Colegios profesionales).Ministra de salud -  Seremi de salud y equipo directivo del Servicio de salud.   10:00 – 10:30  Actividad Difusión VPH. Lugar: Auditorio Biblioteca Regional. Convocados: Centros de Padres y Apoderados, Sostenedores, Directores, Profesores, Seremi Educación. 10:45 – 11:00  Reunión representantes organización “Este Polvo Te mata “Lugar – Biblioteca regional – Ministra de salud, Seremi de Salud – Intendente Regional 11:15 – 11:45 Visita Centro de Rehabilitación Teletón Antofagasta. Ministra de salud – Intendente – Director de servicio de salud. 12:30 horas    Salida desde aeropuerto Cerro Moreno    Nº Vuelo                                                     salida                               fecha               hora salida            hora llegada                       Santiago LA 165 Operado por LAN AIRLINES       CERRO MORENO              28-NOV-14            13:15          15:05 - ",694203,"   MINISTERIO DE SALUD - "
"ap001112","Valparaiso","Paulina Saball Astaburuaga","AP001248","SUBSECRETARIA DE VIVIENDA Y URBANISMO","ap001","Ministro(a)",2014-11-28,2014-11-28,"Entrega de subsidios reconstrucción Valpo - ",38516,"   Ministerio de Vivienda y Urbanismo - "
"ap0011432","Valparaiso, Chile","Paulina Saball Astaburuaga","AP001248","SUBSECRETARIA DE VIVIENDA Y URBANISMO","ap001","Ministro(a)",2014-12-10,2014-12-10,"Reunión en el Senado, presentación Programas Habitacionales de la región de Valparaiso - ",40828,"   Ministerio de Vivienda y Urbanismo - "
"nr00252","NUEVA YORK, ESTADOS UNIDOS DE AMÉRICA","PATRICIA ARRIAGADA VILLOUTA","NR0022","CONTRALORIA GENERAL DE LA REPUBLICA","nr002","SUBCONTRALOR GENERAL",2014-12-10,2014-12-12,"ENTREVISTAS, REUNIONES O AUDIENCIAS - ",5820000,"   CONTRALORÍA GENERAL DE LA REPÚBLICA -     ORGANIZACIÓN DE NACIONES UNIDAS - "
"nr0081201412","Santiago","RAUL ENRIQUE ARANCIBIA CERDA","NR008FRI","MINISTERIO PUBLICO","nr008","FISCAL REGIONAL DE TARAPACA",2014-12-05,2014-12-12,"Entrevistas, reuniones o audiencias - ",543870,"   MINISTERIO PUBLICO - "
"nr0082201412","Santiago","RAUL ENRIQUE ARANCIBIA CERDA","NR008FRI","MINISTERIO PUBLICO","nr008","FISCAL REGIONAL DE TARAPACA",2014-12-29,2014-12-30,"Otro - ",451794,"   MINISTERIO PUBLICO - "
"nr00282","WASHINGTON, ESTADOS UNIDOS DE AMÉRICA","RAMIRO MENDOZA ZUÑIGA","NR0021","CONTRALORIA GENERAL DE LA REPUBLICA","nr002","CONTRALOR GENERAL",2014-12-08,2014-12-10,"SEMINARIOS, CONFERENCIAS O CONGRESOS - ",888600,"   CONTRALORÍA GENERAL DE LA REPÚBLICA -     GRUPO BANCO MUNDIAL - "
"nr00292","CONCEPCIÓN, CHILE","RAMIRO MENDOZA ZUÑIGA","NR0021","CONTRALORIA GENERAL DE LA REPUBLICA","nr002","CONTRALOR GENERAL",2014-12-04,2014-12-05,"SEMINARIOS, CONFERENCIAS O CONGRESOS - ",0,"   UNIVERSIDAD DE CONCEPCIÓN -     CONTRALORÍA GENERAL DE LA REPÚBLICA - "
"ab0021472","Vallenar, Región de Atacama","Ricardo Cifuentes Lillo","AB002648","SUBSECRETARÍA DE DESARROLLO REGIONAL Y ADMINISTRATIVO (SUBDERE)","ab002","Subsecretario(a)",2014-12-26,2014-12-26,"1. Participación de la entrega del terreno en el sector Chacra Martínez, comuna de Vallenar, que permitirá la construcción más de 500 viviendas sociales. 2. Reunión con el alcalde de la comuna de Vallenar. - ",74827,"   Subdere - "
"ab0021482","Región de Los Lagos","Ricardo Cifuentes Lillo","AB002648","SUBSECRETARÍA DE DESARROLLO REGIONAL Y ADMINISTRATIVO (SUBDERE)","ab002","Subsecretario(a)",2014-12-30,2014-12-30,"1. Participación de la gira Presidencial a la Región de Los Lagos.  2. Asistencia a la ceremonia de firma de proyecto de Reforma Constitucional que establece la elección directa del Órgano Ejecutivo del Gobierno Regional, Teatro Diego Rivera, Puerto Montt. - ",0,"   Subdere - "
"ab002162","Concepción, Chile","Ricardo Cifuentes Lillo","AB002648","SUBSECRETARÍA DE DESARROLLO REGIONAL Y ADMINISTRATIVO (SUBDERE)","ab002","Subsecretario(a)",2014-11-27,2014-11-29,"1. Reunión con Intendente Región del Bío Bío y Gabinete Regional. 2. Reunión con Alcalde de Concepción. 3. Expositor del seminario “Descentralización y Desarrollo Regional”, organizado por la Universidad Católica de la Santísima Concepción y el Centro de Extensión del Senado. 4. Supervisión del Plan de Desarrollo para Territorios Rezagados de las comunas de la provincia de Arauco. 5. Reunión con los Consejeros Regionales de la Región del Bío Bío. 6. Traslado a la comuna de Tomé: Reunión con Alcaldesa y visita técnica al Proyecto Reposición Mejorada Edificio Consistorial de Tomé, con financiamiento del Fondo de Recuperación de Ciudades. 7. Traslado a la comuna de de Penco y Reunión con Alcalde. 8. Traslado a la comuna de Talcahuano y reunión con Alcalde y Equipo Municipal. - ",469444,"   SUBDERE - "
"ab002192","Región de Magallanes, Chile","Ricardo Cifuentes Lillo","AB002648","SUBSECRETARÍA DE DESARROLLO REGIONAL Y ADMINISTRATIVO (SUBDERE)","ab002","Subsecretario(a)",2014-11-30,2014-12-04,"1.  Reunión con Alcalde de Punta Arenas para examinar programas de inversión SUBDERE. 2. Entrevista en el Matinal: ""Una Mañana Familiar"", de Canal ITV Patagonia. 3. Inspección de obra de Agua Potable Rural en Pampa Redonda, Punta Arenas. 4. Inspección de obra a la remodelación Archivos y Biblioteca Regional, ex Cárcel de Punta Arena; obras ejecutadas con financiamiento del Programa Puesta en Valor del Patrimonio. Fondos BID. 5. Visita a Puerto Dársena y Centro Científico. 6. Participación en la Cuenta Pública del Consejo Regional de Magallanes. Auditórium Contraloría. 7. Reunión con el Consejo Regional de Magallanes, Intendencia Regional. 8. Traslado a comuna de Cabo de Hornos para sostener reunión con Alcaldesa de Cabo de Hornos y Gobernador de la Provincia de la Antártica Chilena. 9. Visita al Parque Etnobotánico Omora. 10. Visita técnica a la Construcción de Plaza Mirador, sector Simón Bolívar, Punta Arenas.   11. Visita a la Construcción de Plaza Progreso, Barrio Croata, Punta Arenas. 12. Traslado a Puerto Natales y reuniones de trabajo con Gobernador de la Provincia de Última Esperanza y Alcalde de la comuna de Puerto Natales. 13. Visita a paso Kirke. 14. Traslado a la comuna de Laguna Blanca y reunión almuerzo con Alcalde de la Comuna. 15. Retorno a Punta Arenas. - ",655593,"   SUBDERE - "
"ab002452","Región de Coquimbo","Ricardo Cifuentes Lillo","AB002648","SUBSECRETARÍA DE DESARROLLO REGIONAL Y ADMINISTRATIVO (SUBDERE)","ab002","Subsecretario(a)",2014-12-05,2014-12-06,"1. Participación en la inauguración de la plaza Víctor Domingo Silva (El Cohete), comuna de Coquimbo. 2. Asistencia a la gala de la Escuela de Artes Pedro Aguirre Cerda de la comuna de La Serena. 3. Recoger opiniones sobre el proceso de descentralización en la sesión del Consejo Regional realizada en la comuna de Ovalle, provincia de Limarí. - ",329461,"   Subdere - "
"ab002462","Valparaíso","Ricardo Cifuentes Lillo","AB002648","SUBSECRETARÍA DE DESARROLLO REGIONAL Y ADMINISTRATIVO (SUBDERE)","ab002","Subsecretario(a)",2014-12-09,2014-12-09,"Convocado por la Comisión de Hacienda del Senado. Discusión del proyecto de ley, en segundo trámite constitucional, que efectúa aporte extraordinario al Fondo Común Municipal. - ",75127,"   SUBDERE - "
"ab002472","Valparaíso","Ricardo Cifuentes Lillo","AB002648","SUBSECRETARÍA DE DESARROLLO REGIONAL Y ADMINISTRATIVO (SUBDERE)","ab002","Subsecretario(a)",2014-12-10,2014-12-10,"Convocado por la Comisión de Hacienda del Senado a la discusión del Proyecto de ley, en segundo trámite constitucional, que modifica la ley N° 19.175, Orgánica Constitucional sobre Gobierno y Administración Regional fortaleciendo los consejos regionales. - ",78527,"   Subdere - "
"ab002602","Provincia de Quillota","Ricardo Cifuentes Lillo","AB002648","SUBSECRETARÍA DE DESARROLLO REGIONAL Y ADMINISTRATIVO (SUBDERE)","ab002","Subsecretario(a)",2014-12-14,2014-12-14,"1. Visita de anuncio de compra de terreno con recursos del Programa de Mejoramiento de Barrios, para proyecto habitacional en la comuna de Nogales, sector El Almendro. 2. Visita de anuncio de compra de terreno con recursos del Programa de Mejoramiento de Barrios, para proyecto habitacional en la comuna de Nogales, villa El Rosario. - ",74727,"   Subdere - "
"ab0061282","Montevideo, Uruguay","Patricio Santamaría Mutis","AB006833","SERVICIO ELECTORAL (SERVEL)","ab006","Consejero(a) del Consejo Directivo del Servicio Electoral",2014-11-28,2014-12-01,"Invitación Segunda Elección para elegir Presidente y Vicepresidente de la República de Uruguay - ",447880,"   Servicio Electoral - "
"ab0062132","París, Francia","Juan Emilio Cheyre Espinosa","AB006836","SERVICIO ELECTORAL (SERVEL)","ab006","Consejero(a) del Consejo Directivo del Servicio Electoral",2014-12-02,2014-12-05,"Invitación a ""Forum on Financing Democracy and Averting Policy Capture"", organizado por la OCDE en cooperación con internacional IDEA y la Organización de Estados Americanos. La actividad consistió en asistir y participar en los debates como asimismo ser uno de los expositores del foro   en la OCDE en el tema ""Ensuring compliance through effective incentive mechanisms"", como representante del Servicio Electoral - ",2945924,"   Organización para la Cooperación y Desarrollo Económico, OCDE -   Juan Emilio Cheyre Espinosa. Dinero que será reembolsado por el Federal Department of Foreign Affairs, Suiza. Debido a su participación en calidad de experto en Taller organizado por el FDFA, lo que permitió su paso por Francia en la fecha del Foro OCDE.   - "
"ac0011792","Punta Arenas, Chile","Edgardo Riveros Marin","AC001463","SUBSECRETARÍA DE RELACIONES EXTERIORES","ac001","Subsecretario de Relaciones Exteriores",2014-12-12,2014-12-14,"Reuniónes con cuerpo Diplomático - ",274090,"   Ministerio de Relaciones Exteriores - "
"ac0011802","Paraná, Argentina","Edgardo Riveros Marin","AC001463","SUBSECRETARÍA DE RELACIONES EXTERIORES","ac001","Subsecretario de Relaciones Exteriores",2014-12-15,2014-12-18,"Participar en reunión de Ministros del Mercosur y cumbre de Jefes de Estado Mercosur y Estados Asociados - ",2750502,"   Ministerio de Relaciones Exteriores - "
"ac0011812","Valparaiso, Chile","Edgardo Riveros Marin","AC001463","SUBSECRETARÍA DE RELACIONES EXTERIORES","ac001","Subsecretario de Relaciones Exteriores",2014-12-09,2014-12-09,"Asistir a Comisión de Relaciones Exteriores del Senado - ",40827,"   Ministerio de Relaciones Exteriores - "
"ac001702","Bristol","Rolando Custodio Drago Rodriguez","AC001710","SUBSECRETARÍA DE RELACIONES EXTERIORES","ac001","Embajador de Chile en Reino Unido",2014-12-11,2014-12-11,"Visita cortesía a Alcalde y reuniones de trabajo con autoridades Universidad de Bristol. Encuentro con representantes de comunidad chilena y de estudiantes becados. - ",60000,"   Miniterio de Relaciones Exteriores (PAEE) - "
"ac001982","GUAYAQUIL, QUITO, ECUADOR","Heraldo Muñoz Valenzuela","AC001497","SUBSECRETARÍA DE RELACIONES EXTERIORES","ac001","Ministro de Relaciones Exteriores",2014-12-04,2014-12-05,"ACOMPAÑA A S.E. AL TRASPASO TPP, CUMBRE UNASUR Y CUMBRES DE JEFES DE ESTADO, UNASUR - ",503324,"   MINISTERIO DE RELACIONES EXTERIORES - "
"ac001992","VERACRUZ Y LIMA, PERU","Heraldo Muñoz Valenzuela","AC001497","SUBSECRETARÍA DE RELACIONES EXTERIORES","ac001","Ministro de Relaciones Exteriores",2014-12-07,2014-12-10,"ACOMPAÑA A S.E. LA PRESIDENTA DE LA REPUBLICA E INTEGRA GIRA PRESIDENCIAL A LA XXIV CUMBRE IBEROAMERICANA DE JEFES DE ESTADO Y DE GOBIERNO EN VERACRUZ  Y A LA REUNIÓN COP20 EN LIMA - ",478762,"   MINISTERIO DE RELACIONES EXTERIORES - "
"ad0211042","Montevideo, Uruguay","Marcos Robledo Hoecker","AD02138","SUBSECRETARIA DE DEFENSA","ad021","Subsecretario(a)",2014-12-09,2014-12-11,"Participar en reunión de Viceministros de instancia ejecutiva del Consejo de Defensa Suramericano (CDS) UNASUR. - ",2516915,"   Subsecretaría para las Fuerzas Armadas -     Subsecretaria de Defensa -     Comando Logístico Fuerza Aérea de Chile - "
"ad0211132","Valparaiso","Marcos Robledo Hoecker","AD02138","SUBSECRETARIA DE DEFENSA","ad021","Subsecretario(a)",2014-12-18,2014-12-25,"Participar de las ceremonias de  graduación de las Academias de Guerra, Politécnica y Escuela Naval. - ",40400,"   Subsecretaría de Defensa - "
"ad021212","Concón, Valparaiso","Marcos Robledo Hoecker","AD02138","SUBSECRETARIA DE DEFENSA","ad021","Subsecretario(a)",2014-12-02,2014-12-02,"Asistir a la inauguración de la EXPONAVAL 2014, con la asistencia de SE la Presidenta de la República. - ",40600,"   Subsecretaría de Defensa - "
"ad021362","Valparaiso, Chile","Marcos Robledo Hoecker","AD02138","SUBSECRETARIA DE DEFENSA","ad021","Subsecretario(a)",2014-12-09,2014-12-09,"Asistir a una reunión al Congreso Nacional acompañando al Sr. MDN. - ",40400,"   Subsecretaría de Defensa - "
"ad02162","Concepción, Chile","Marcos Robledo Hoecker","AD02138","SUBSECRETARIA DE DEFENSA","ad021","Subsecretario(a)",2014-11-28,2014-11-29,"Base Armada de Chile, Isla Quiriquina. - ",201570,"   Subsecretaría de Defensa - "
"ad0221252","Valparaíso","Gabriel  Gaspar Tapia","AD02268","SUBSECRETARIA PARA LAS FUERZAS ARMADAS","ad022","Subsecretario(a)",2014-12-18,2014-12-18,"Asistencia Graduaciones de las Escuelas Matrices de la Armada de Chile. - ",0,"   Subsecretaría para las Fuerzas Armadas - "
"ad0221262","Isla de Pascua","Gabriel  Gaspar Tapia","AD02268","SUBSECRETARIA PARA LAS FUERZAS ARMADAS","ad022","Subsecretario(a)",2014-12-20,2014-12-21,"Visita en terreno de instalaciones y recinto de la DGAC. - ",0,"   Subsecretaría para las Fuerzas Armadas - "
"ad022332","Valparaíso","Jorge Alfonso Burgos Varela","AD02260","SUBSECRETARIA PARA LAS FUERZAS ARMADAS","ad022","Ministro(a)",2014-12-09,2014-12-09,"Comisión de Defensa, Senado y Comisión de Hacienda, Cámara de Diputados - ",0,"   Subsecretaría para las Fuerzas Armadas - "
"ad02242","Con Con","Jorge Alfonso Burgos Varela","AD02260","SUBSECRETARIA PARA LAS FUERZAS ARMADAS","ad022","Ministro(a)",2014-12-02,2014-12-02,"Inaguración Exponaval - ",0,"   Subsecretaría para las Fuerzas Armadas - "
"ad022522","Coquimbo","Gabriel  Gaspar Tapia","AD02268","SUBSECRETARIA PARA LAS FUERZAS ARMADAS","ad022","Subsecretario(a)",2014-12-05,2014-12-05,"Lanzamiento de consulta ciudadana del nuevo Reglamento de Concesiones Marítimas. - ",0,"   Subsecretaría para las Fuerzas Armadas - "
"ad022532","Viña del Mar","Gabriel  Gaspar Tapia","AD02268","SUBSECRETARIA PARA LAS FUERZAS ARMADAS","ad022","Subsecretario(a)",2014-12-04,2014-12-04,"Visita a la Exponaval - ",0,"   Subsecretaría para las Fuerzas Armadas - "
"ad022752","Valparaíso","Jorge Alfonso Burgos Varela","AD02260","SUBSECRETARIA PARA LAS FUERZAS ARMADAS","ad022","Ministro(a)",2014-12-18,2014-12-18,"Graduación Escuela Naval - ",0,"   Subsecretaría para las Fuerzas Armadas - "
"ad0231052","Punta Arenas","JoséMiguel Romero Aguirre","AD02340","ESTADO MAYOR CONJUNTO","ad023","Jefe del Estado Mayor Conjunto",2014-12-15,2014-12-16,"Reunión del Comité de Planificación Antártica - ",522000,"   Estado Mayor Conjunto - "
"ad0231142","VALPARAÍSO","JoséMiguel Romero Aguirre","AD02340","ESTADO MAYOR CONJUNTO","ad023","Jefe del Estado Mayor Conjunto",2014-12-09,2014-12-11,"Asistir a EXPONAVAL 2014 - ",184000,"   Estado Mayor Conjunto - "
"ad0231152","VALPARAÍSO","JoséMiguel Romero Aguirre","AD02340","ESTADO MAYOR CONJUNTO","ad023","Jefe del Estado Mayor Conjunto",2014-12-12,2014-12-12,"Despedida Oficiales Superiores que se acogen a retiro - ",41000,"   Estado Mayor Conjunto - "
"ad0231162","VALPARAÍSO","JoséMiguel Romero Aguirre","AD02340","ESTADO MAYOR CONJUNTO","ad023","Jefe del Estado Mayor Conjunto",2014-12-17,2014-12-18,"Reunión del Comité de Planificación Estratégica de la Armada Vacunación previa a viaje a Haití. Asistir a las ceremonias de: Despedida de Oficiales Generales que se acogen a retiro. Graduación de la Academia Politécnica Naval. Graduación de la Academia de Guerra Naval. Graduación de la Escuela Naval. - ",143000,"   Estado Mayor Conjunto - "
"ad023152","Iquique","Ricardo Martínez Menanteau","AD02342","ESTADO MAYOR CONJUNTO","ad023","Subjefe del Estado Mayor Conjunto",2014-11-30,2014-12-01,"Representar al Jefe del Estado Mayor Conjunto en la ceremonia de conmemoración del aniversario del Comando Conjunto Norte - ",469713,"   Estado Mayor Conjunto - "
"ad023322","Haití","Jorge Rodríguez Urria","AD023803","ESTADO MAYOR CONJUNTO","ad023","Director de la Dirección de Operaciones y Conducción Conjunta (DOPCON)",2014-11-30,2014-12-08,"Revista de los Bienes Muebles Inventariables, de las tropas que se encuentran en el área de misión de MINUSTAH. - ",7967855,"   Estado Mayor Conjunto - "
"ae0011502","Nueva York, Estados Unidos","Alberto  Arenas de Mesa","AE00185","SUBSECRETARÍA DE HACIENDA","ae001","Ministro",2014-12-02,2014-12-04,"Reuniones con potenciales inversionistas para una futura colocación de bonos soberanos chilenos en los mercados internacionales. - ",174688,"   Ministerio de Hacienda - "
"ae0011532","Concepción, Chile","Alberto  Arenas de Mesa","AE00185","SUBSECRETARÍA DE HACIENDA","ae001","Ministro",2014-12-16,2014-12-17,"Seminario “Visión Económica y Empresarial”. - ",283429,"   Ministerio de Hacienda - "
"ae0011582","Puerto Montt","Alberto  Arenas de Mesa","AE00185","SUBSECRETARÍA DE HACIENDA","ae001","Ministro",2014-12-30,2014-12-30,"Viaje Presidencial a la Región de los Lagos - ",0,"   Secretaría y Administración General del Ministerio de Hacienda - "
"ae0011592","Valparaíso","Alberto  Arenas de Mesa","AE00185","SUBSECRETARÍA DE HACIENDA","ae001","Ministro",2014-12-16,2014-12-16,"Sesión Congreso Nacional - ",0,"   Secretaría y Administración General del Ministerio de Hacienda - "
"af0011932","Region de los Lagos","PATRICIA ELIZABETH MARTA  SILVA MELENDEZ","AF001220","SUBSECRETARÍA GENERAL DE LA PRESIDENCIA","af001","Subsecretario(a)",2014-12-30,2014-12-30,"Acompaña como Ministras (S), a S.E. la Presidenta de la República Michelle Bachelet, en visita a la región de los Lagos - ",0,"   Presidencia de la Republica - "
"af0011952","Valparasío","PATRICIA ELIZABETH MARTA  SILVA MELENDEZ","AF001220","SUBSECRETARÍA GENERAL DE LA PRESIDENCIA","af001","Subsecretario(a)",2014-12-09,2014-12-09,"Asiste a sesiones en el Congreso Nacional, Valparaíso - ",41000,"   Ministerio Secretaría General de la Presidencia - "
"af0011962","Valparasío","PATRICIA ELIZABETH MARTA  SILVA MELENDEZ","AF001220","SUBSECRETARÍA GENERAL DE LA PRESIDENCIA","af001","Subsecretario(a)",2014-12-10,2014-12-10,"Asiste a sesiones en el Congreso Nacional, Valparaíso - ",41000,"   Ministerio Secretaría General de la Presidencia - "
"af0011982","Valparasío","PATRICIA ELIZABETH MARTA  SILVA MELENDEZ","AF001220","SUBSECRETARÍA GENERAL DE LA PRESIDENCIA","af001","Subsecretario(a)",2014-12-16,2014-12-16,"Asiste a sesiones en el Congreso Nacional, Valparaíso - ",41000,"   Ministeiro Secretaría General de la Presidencia - "
"af001942","Valparaíso","Ximena Cecilia  Rincon Gonzalez","AF001219","SUBSECRETARÍA GENERAL DE LA PRESIDENCIA","af001","Ministro(a)",2014-12-16,2014-12-18,"Asiste a sesiones en el Congreso Nacional, Valparaíso - ",142897,"   Ministerio Secretaría General de la Presidencia - "
"af001952","Valparaíso","Ximena Cecilia  Rincon Gonzalez","AF001219","SUBSECRETARÍA GENERAL DE LA PRESIDENCIA","af001","Ministro(a)",2014-12-09,2014-12-09,"Asiste a sesiones en el Congreso Nacional, Valparaíso - ",40828,"   Ministerio Secretaría General de la Presidencia - "
"af001962","Valparaíso","Ximena Cecilia  Rincon Gonzalez","AF001219","SUBSECRETARÍA GENERAL DE LA PRESIDENCIA","af001","Ministro(a)",2014-12-10,2014-12-10,"Asiste a sesiones en el Congreso Nacional, Valparaíso - ",40828,"   Ministerio Secretaría General de la Presidencia - "
"af001972","Cartagena de Indias, Colombia","Ximena Cecilia  Rincon Gonzalez","AF001219","SUBSECRETARÍA GENERAL DE LA PRESIDENCIA","af001","Ministro(a)",2014-12-03,2014-12-05,"Recibe invitación del Gobierno Colombiano para participar en VIII Reunión de la Red de Gobierno Electrónico de América Latina y el Caribe (GEALC), en Cartagena de Indias, Colombia - ",923378,"   Ministerio Secretaría General de la Presidencia - "
"ag001292","Puerto Montt","Rodolfo Andrés Baier Esteban","AG00116","SUBSECRETARIA GENERAL DE GOBIERNO","ag001","Subsecretario(a)",2014-12-05,2014-12-06,"Ceremonia Finnalizacion Actividades Consejo de Desarrollo Vecinal, del Fondo de Iniciativas Locales del Ministerio, participación en Ferian Informativa ""Osorno para todos y todas"", Diálogos Ciudadanos ""Paticipación y Gestión"" , encuentro Junta de Vecinos N° 31, entrevista medios locales y Punto de Prensa, Certificación Taller Unión Comunal Che Newen proyecto del Fondo de Iniciativas Locales del Ministerio. - ",286007,"   Ministerio Secretaría General de Gobierno - "
"ag001772","Valparaíso, Chile","Álvaro Antonio Elizalde Soto","AG00115","SUBSECRETARIA GENERAL DE GOBIERNO","ag001","Ministro(a)",2014-12-16,2014-12-16,"Reunión en el Congreso - ",40827,"   Ministerio Secretaria General de Gobierno - "
"ag001782","Valparaíso, Chile","Álvaro Antonio Elizalde Soto","AG00115","SUBSECRETARIA GENERAL DE GOBIERNO","ag001","Ministro(a)",2014-12-17,2014-12-17,"Sesión, Comisión - ",40827,"   Ministerio Secretaria General de Gobierno - "
"ag001842","Puerto Montt","Rodolfo Andrés Baier Esteban","AG00116","SUBSECRETARIA GENERAL DE GOBIERNO","ag001","Subsecretario(a)",2014-12-15,2014-12-16,"Exposición en Taller del Ministerio de Salud sobre Comunicaciones y Políticas a Directores Nacionales del Ministerio, además de entrevistas en diferentes medios de prensa escrita y radio - ",312421,"   Ministerio Secretaria General de Gobierno - "
"ah001102","San Fernando","Luis Felipe Céspedes Cifuentes","AH00178","SUBSECRETARÍA DE ECONOMÍA","ah001","Ministro de Economía, Fomento y Turismo",2014-11-28,2014-11-28,"Participar en el Consejo Consultivo de Empresas de Menor Tamaño - ",4200,"   Ministerio de Economía - "
"ah0011082","PUNTA ARENAS","Luis Felipe Céspedes Cifuentes","AH00178","SUBSECRETARÍA DE ECONOMÍA","ah001","Ministro de Economía, Fomento y Turismo",2014-12-18,2014-12-19,"DIFUSIÓN DE LA AGENDA DE PRODUCTIVIDAD, REFORMA TRIBUTARIA Y PLAN DE REACTIVACIÓN ECONÓMICA. - ",134807,"   SUBSECRETARIA DE ECONOMIA Y EMPRESAS DE MENOR TAMAÑO - "
"ah0011092","VI REGIÓN, COMUNA OLIVAR","Luis Felipe Céspedes Cifuentes","AH00178","SUBSECRETARÍA DE ECONOMÍA","ah001","Ministro de Economía, Fomento y Turismo",2014-12-17,2014-12-17,"ACOMPAÑA A S.E. LA PRESIDENTA DE LA REPÚBLICA EN UNA REUNIÓN-ALMUERZO DEL GABINETE ECONOMICO - ",0,"   PRESIDENCIA - "
"ah0011102","TALCAHUANO","Luis Felipe Céspedes Cifuentes","AH00178","SUBSECRETARÍA DE ECONOMÍA","ah001","Ministro de Economía, Fomento y Turismo",2014-12-03,2014-12-03,"ACOMPAÑAR A S.E. LA PRESIDENTA DE LA REPÚBLICA EN VISITA A LAS COMUNAS DE TALCAHUANO, PENCO Y LEBU. - ",0,"   PRESIDENCIA - "
"ah0011382","Con-cón","Luis Felipe Céspedes Cifuentes","AH00178","SUBSECRETARÍA DE ECONOMÍA","ah001","Ministro de Economía, Fomento y Turismo",2014-12-29,2014-12-29,"Entrega de recursos para la pesca artesanal - ",39000,"   SUBSECRETARIA DE ECONOMIA Y EMPRESAS DE MENOR TAMAÑO - "
"ah0011662","PUERTO MONTT","Luis Felipe Céspedes Cifuentes","AH00178","SUBSECRETARÍA DE ECONOMÍA","ah001","Ministro de Economía, Fomento y Turismo",2014-12-30,2014-12-30,"ACOMPAÑA A S.E. LA PRESIDENTA DE LA REPÚBLICA EN SU VISITA A LA CIUDAD DE PUERTO MONTT - ",0,"   0 - "
"ah001312","Valdivia","Luis Felipe Céspedes Cifuentes","AH00178","SUBSECRETARÍA DE ECONOMÍA","ah001","Ministro de Economía, Fomento y Turismo",2014-12-04,2014-12-05,"Difusión de la Agenda de la Productividad, Reforma Tributaria y planes de reactivación económica. - ",135000,"   SUBECRETARIA DE ECONOMIA Y EMPRESAS DE MENOR TAMAÑO - "
"ah001512","Valparaíso","Luis Felipe Céspedes Cifuentes","AH00178","SUBSECRETARÍA DE ECONOMÍA","ah001","Ministro de Economía, Fomento y Turismo",2014-12-10,2014-12-10,"Asistir a la Comisión de Constitución de la Cámara de diputados. Reunión con Senadores - ",39158,"   Subsecretaría de Economía y Empresas de Menor Tamaño - "
"ah001882","Valparaiso","KATIA  TRUSICH ORTIZ ","AH001101","SUBSECRETARÍA DE ECONOMÍA","ah001","Subsecretario(a)",2014-12-10,2014-12-10,"Cesion del Congreso Nacional - ",47627,"   Subsecretaria de Economia y Empresa de Menor Tamaño - "
"ah001892","Valdivia","KATIA  TRUSICH ORTIZ ","AH001101","SUBSECRETARÍA DE ECONOMÍA","ah001","Subsecretario(a)",2014-12-15,2014-12-16,"Seminario sobre Responsabilidad Social - ",359736,"   Subsecretaria de Economia y Empresa de Menor Tamaño - "
"ah0021302","Santiago","Raúl Súnico Galdames","AH002171","SUBSECRETARÍA DE PESCA","ah002","Subsecretario(a)",2014-12-01,2014-12-01,"Diversas reuniones de trabajo con: 1.- Diputado Insunza, 2.- Subsecretario del Interior, 3.- Ministro de Economía, Alcaldesa de Tomé y trabajadores empresa Camanchaca S.A. - ",40828,"   Subsecretaria de Pesca y Acuicultura - "
"ah0021332","Concepción","Raúl Súnico Galdames","AH002171","SUBSECRETARÍA DE PESCA","ah002","Subsecretario(a)",2014-12-02,2014-12-02,"Reuniones con Organizaciones de Pescadores Artesanales de Provincia de Concepción y Arauco - ",143000,"   subsecretaria de pesca y acuicultura - "
"ah0021372","Santiago","Raúl Súnico Galdames","AH002171","SUBSECRETARÍA DE PESCA","ah002","Subsecretario(a)",2014-12-05,2014-12-05,"Reunión en La Moneda - ",40828,"   Subsecretaria de Pesca y Acuicultura - "
"ah0021392","Santiago","Raúl Súnico Galdames","AH002171","SUBSECRETARÍA DE PESCA","ah002","Subsecretario(a)",2014-12-12,2014-12-12,"Reunión Ministerio del Interior, Subsecretaría del Interior, y Reunión con Maractivo - ",40828,"   Subsecretaria de pesca y acuicultura - "
"ah0021422","santiago","Raúl Súnico Galdames","AH002171","SUBSECRETARÍA DE PESCA","ah002","Subsecretario(a)",2014-12-16,2014-12-16,"Reunión Palacio de La Moneda - ",40828,"   subsecretaria de pesca y acuicultura - "
"ah0023432","santiago","Raúl Súnico Galdames","AH002171","SUBSECRETARÍA DE PESCA","ah002","Subsecretario(a)",2014-12-23,2014-12-23,"Reunión con Ministro de Economía y Subsecretario, tema Relaves mineros - ",40828,"   Subsecretaría de Pesca y Acuicultura - "
"ah01172","Concepción, Chile","Javiera Montes Cruz","AH011212","SUBSECRETARÍA DE TURISMO","ah011","Subsecretario(a)",2014-12-01,2014-12-01,"Encabeza Seminario Nacional “Patrimonio Ferroviario y propuestas para su revalorización turística”, junto con el Intendente de la Región del Bíobío, Rodrigo Díaz y el presidente del directorio Grupo EFE, Jorge Inostroza.  Encabeza constitución del Comité de Seremis del Turismo en la Región del Biobío, junto con el Intendente de la Región del Biobío, Rodrigo Díaz. - ",246172,"   Subsecretaría de Turismo - "
"ah011742","Coquimbo, Chile","Javiera Montes Cruz","AH011212","SUBSECRETARÍA DE TURISMO","ah011","Subsecretario(a)",2014-12-14,2014-12-15,"Encabeza constitución de Comité de seremis del turismo. Participa en el lanzamiento de la temporada de verano en la Región de Coquimbo. Asiste a seminario sobre turismo astronómico. - ",248743,"   Subsecretaría de Turismo - "
"ai0072012","Viña del Mar","María Fernanda Villegas Acevedo","AI007222","SUBSECRETARIA DE EVALUACIÓN SOCIAL","ai007","Ministro(a)",2014-11-28,2014-11-28,"Encuentro  nacional de Consejales de Chile - ",38516,"   Subsecretaría de Evaluación Social - "
"ai0072022","Viña del Mar","María Fernanda Villegas Acevedo","AI007222","SUBSECRETARIA DE EVALUACIÓN SOCIAL","ai007","Ministro(a)",2014-12-04,2014-12-04,"Campaña Festival Viña Inclusivo - ",40828,"   Subsecretaría de Evaluación Social - "
"ai0072032","Iquique","María Fernanda Villegas Acevedo","AI007222","SUBSECRETARIA DE EVALUACIÓN SOCIAL","ai007","Ministro(a)",2014-12-06,2014-12-06,"Inauguración Feria Expo FOSIS y diálogo  ciudadano - ",40828,"   Subsecretaría de Evaluación Social - "
"ai0072042","Valparaíso","María Fernanda Villegas Acevedo","AI007222","SUBSECRETARIA DE EVALUACIÓN SOCIAL","ai007","Ministro(a)",2014-12-10,2014-12-10,"Actividad en el marco  del mes de la inclusión  y sesión especial Cámara de Diputados - ",40828,"   Subsecretaría de Evaluación Social - "
"ai0072052","Valparaíso","María Fernanda Villegas Acevedo","AI007222","SUBSECRETARIA DE EVALUACIÓN SOCIAL","ai007","Ministro(a)",2014-12-12,2014-12-12,"Cierre programa  reemprende FOSIS V región - ",40828,"   Subsecretaría de Evaluación Social - "
"ai0072062","Valparaíso","María Fernanda Villegas Acevedo","AI007222","SUBSECRETARIA DE EVALUACIÓN SOCIAL","ai007","Ministro(a)",2014-12-17,2014-12-17,"Citación  comisión  bicameral - ",40828,"   Subsecretaría de Evaluación Social - "
"ai0072072","Rancagua - Graneros - Machali","María Fernanda Villegas Acevedo","AI007222","SUBSECRETARIA DE EVALUACIÓN SOCIAL","ai007","Ministro(a)",2014-12-18,2014-12-18,"Programa abriendo caminos  -  programa  calle - encuentro con familias beneficiarias - ",40828,"   Subsecretaría de Evaluación Social - "
"ai0072082","Coyhaique","María Fernanda Villegas Acevedo","AI007222","SUBSECRETARIA DE EVALUACIÓN SOCIAL","ai007","Ministro(a)",2014-12-20,2014-12-21,"Diálogos ciudadanos - cierre entrega subsidios  FOSIS calefacción - entrega subsidios para apotreramiento de predios - ",142897,"   Subsecretaría de Evaluación Social - "
"ai008262","Paris, Francia","Juan Eduardo Faúndez Molina","AI008132","SUBSECRETARIA DE SERVICIOS SOCIALES","ai008","Subsecretario(a)",2014-11-29,2014-12-04,"OECD High Level Policy Forum on Migration 2014 - ",8313,"   Subsecretaria de Servicios Sociales - "
"aj0011222","VALPARAISO","Valentina Karina Quiroga Canahuate","AJ00143","SUBSECRETARÍA DE EDUCACIÓN","aj001","Subsecretaria",2014-11-28,2014-11-28,"VIAJA A VALPARAISO A  LA INAUGURACIÓN DE LA NUEVA MUESTRA PERMANENTE DEL MUSEO HISTÓRICO NACIONAL DE VALPARAISO. - ",0,"   MINISTERIO DE EDUCACION - "
"aj0011272","TALCA","Valentina Karina Quiroga Canahuate","AJ00143","SUBSECRETARÍA DE EDUCACIÓN","aj001","Subsecretaria",2014-12-04,2014-12-04,"VIAJA A LA ESCUELA ABELARDO MUÑOZ, LANZAMIENTO FEP Y VISITA A SECREDUC A LA ENTREGA DE RECONOCIMIENTO A FUNCIONARIOS CON AÑOS DE SERVICIO. - ",0,"   SECREDUC FINANCIA LOS GASTOS DE ALIMENTACION - "
"aj0013952","VALPARAÍSO","Nicolás Eyzaguirre Guzmán","AJ00141","SUBSECRETARÍA DE EDUCACIÓN","aj001","Ministro ",2014-12-16,2014-12-16,"TRASLADO AL CONGRESO NACIONAL CON EL FIN DE ASISTIR A LAS SESIONES DE DISCUSIÓN Y VOTACIÓN DE LOS PROYECTOS DE LEY DE LA REFORMA EDUCACIONAL - ",40828,"   MINISTERIO DE EDUCACIÓN - "
"aj0013962","VALPARAÍSO","Nicolás Eyzaguirre Guzmán","AJ00141","SUBSECRETARÍA DE EDUCACIÓN","aj001","Ministro ",2014-12-17,2014-12-18,"TRASLADO AL CONGRESO NACIONAL CON EL FIN DE ASISTIR A LAS DISCUSIONES Y VOTACIONES DE LOS PROYECTOS DE LEY SOBRE LA REFORMA EDUCACIONAL - ",142897,"   MINISTERIO DE EDUCACIÓN - "
"aj001862","VALPARAISO","Nicolás Eyzaguirre Guzmán","AJ00141","SUBSECRETARÍA DE EDUCACIÓN","aj001","Ministro ",2014-12-09,2014-12-10,"MINISTRO DE EDUCACIÓN ASISTE A LAS DISTINTAS SESIONES  DE LAS COMISIONES DE EDUCACIÓN DE LA CÁMARA Y EL SENADO, PARA DISCUTIR Y VOTAR LOS PROYECTOS DE LEY SOBRE REFORMA EDUCACIONAL. - ",142897,"   MINISTERIO DE EDUCACION - "
"ak0011352","RANCAGUA","Marcelo Albornoz Serrano","AK001689","SUBSECRETARÍA DE JUSTICIA","ak001","Subsecretario(a)",2014-12-02,2014-12-02,"ASISTENCIA A LA ""IV JORNADAS DE DERECHO PENAL"" DE RANCAGUA, INSTANCIA DE DEBATE JURÍDICO QUE ORGANIZÓ LA CORTE DE APELACIONES DE RANCAGUA, LA FISCALÍA REGIONAL, LA SEREMI DE JUSTICIA Y LAS ASOCIACIONES NACIONAL Y REGIONAL DE MAGISTRADOS. - ",40848,"   Subsecretaría de Justicia - "
"al0011192","Valparaíso","Francisco Javier Diaz Verdugo","AL001199","SUBSECRETARÍA DEL TRABAJO","al001","Subsecretario del Trabajo",2014-12-09,2014-12-09,"Reunión Congreso - ",70827,"   Subsecretaría del Trabajo - "
"al0011202","Puerto Montt","Francisco Javier Diaz Verdugo","AL001199","SUBSECRETARÍA DEL TRABAJO","al001","Subsecretario del Trabajo",2014-12-16,2014-12-16,"Reunión mesa técnica salmón. - ",365354,"   Subsecretaría del Trabajo - "
"al001492","Valparaíso, Chile","Javiera Blanco Suarez","AL001193","SUBSECRETARÍA DEL TRABAJO","al001","Ministra del Trabajo y Previsión Social",2014-12-10,2014-12-10,"Asistencia a la Comisión de Trabajo y Previsión Social del Senado. - ",30330,"   Subsecretaría del Trabajo - "
"al001812","Valparaíso, Chile","Javiera Blanco Suarez","AL001193","SUBSECRETARÍA DEL TRABAJO","al001","Ministra del Trabajo y Previsión Social",2014-12-17,2014-12-17,"Asistencia a la Comisión de Hacienda de la Cámara de Diputados. - ",29830,"   Subsecretaría del Trabajo - "
"al002172","Iquique","Marcos Barraza Gómez","AL002217","SUBSECRETARÍA DE PREVISIÓN SOCIAL","al002","Subsecretario de Previsión Social",2014-12-01,2014-12-02,"Seminario Estudios Implementación de Normativa Trabajo en Altura, Organizado Ministerio de Salud. - ",351483,"   Subsecretaria de Prevision Social -     Subsecteraria de Prevision Social - "
"al002232","La Serena","Marcos Barraza Gómez","AL002217","SUBSECRETARÍA DE PREVISIÓN SOCIAL","al002","Subsecretario de Previsión Social",2014-12-04,2014-12-05,"2° Taller Política Nacional Seguridad Salud en el Trabajo La Serena - ",312678,"   SPS - "
"am0011442","Copiapo,Chile","Sergio Galilea Ocon","AM001210","SUBSECRETARÍA DE OBRAS PÚBLICAS","am001","Subsecretario de Obras Públicas",2014-12-11,2014-12-12,"Reuniones con Autoridades de la Región, Programa de Caminos Básicos - ",309483,"   Ministerio de Obras Públicas, Subsecretaria - "
"am0011452","Arica, Chile","Sergio Galilea Ocon","AM001210","SUBSECRETARÍA DE OBRAS PÚBLICAS","am001","Subsecretario de Obras Públicas",2014-12-16,2014-12-17,"Reunión con autoridades de la región, Programa Caminos Básicos - ",482103,"   Ministerio de Obras Públicas, Subsecretaria -     Ministerio de Obras Públicas , Subsecretaria - "
"am0011462","Temuco,Chile","Sergio Galilea Ocon","AM001210","SUBSECRETARÍA DE OBRAS PÚBLICAS","am001","Subsecretario de Obras Públicas",2014-12-26,2014-12-26,"Reunión con Autoridades de la Región y Programa de Caminos Básicos de la Región. - ",295704,"   Ministerio de Obras Públicas, Subsecretaria - "
"am0011732","Cuesta La Dormida, V Región de Valparaíso.","Alberto Undurraga Vicuña","AM001197","SUBSECRETARÍA DE OBRAS PÚBLICAS","am001","Ministro de Obras Públicas",2014-12-05,2014-12-05,"Nota de prensa TVN - ",40828,"   Ministerio Obras Públicas - "
"am0011742","Puerto Montt y Chiloé, X Región de Los Lagos.","Alberto Undurraga Vicuña","AM001197","SUBSECRETARÍA DE OBRAS PÚBLICAS","am001","Ministro de Obras Públicas",2014-12-04,2014-12-04,"Sobre vuelo Chacao y Calbuco, y recibimiento de la plataforma para hacer los sondajes y mediciones del fondo marino para la construcción del Puente Chacao. - ",551763,"   Ministerio de Obras Pública -     Ministerio Obras Públicas - "
"am0011752","Quintay y Valparaíso, V Región de Valparaíso.","Alberto Undurraga Vicuña","AM001197","SUBSECRETARÍA DE OBRAS PÚBLICAS","am001","Ministro de Obras Públicas",2014-12-16,2014-12-16,"Inauguración Caleta de Quintay, etapa II. Reuniones Congreso Nacional - Cámara Diputados. - ",40828,"   Ministerio Obras Públicas - "
"am0011762","Valparaíso, V Región de Valparaíso.","Alberto Undurraga Vicuña","AM001197","SUBSECRETARÍA DE OBRAS PÚBLICAS","am001","Ministro de Obras Públicas",2014-12-17,2014-12-17,"Reuniones Congreso Nacional - Cámara Diputados. - ",40828,"   Ministerio Obras Públicas - "
"am0011772","Purén- Lumaco - Angol y Villarrica, Pucón /  IX Región de La Araucanía.","Alberto Undurraga Vicuña","AM001197","SUBSECRETARÍA DE OBRAS PÚBLICAS","am001","Ministro de Obras Públicas",2014-12-19,2014-12-20,"Purén : reunión con Parlamentarios y alcalde Purén para revisar estado de obras de la comuna.  Visita inspectiva tercera etapa camino Purén Lumaco Reunión comunitaria y Parlamentarios para anuncio estudios pavimentación acceso  Parque Nacional Nahuelbuta, en Angol. Inauguración playa artificial Pucará, en Villarrica. - ",904539,"   Ministerio de Obras Públicas - "
"an001272","Mantagua - Región de Valparaíso","Cristian Andrés Bowen Garfias","AN00169","SUBSECRETARIA DE TRANSPORTES","an001","Subsecretario de Transportes",2014-12-03,2014-12-03,"Asiste Encuentro de Encargados Regionales de la División de Transporte Público Regional - ",0,"   Subsecretaría de Transportes - "
"an001692","Rancagua","Andrés Gómez - Lobo Echenique","AN00170","SUBSECRETARIA DE TRANSPORTES","an001","Ministro de Transportes",2014-12-11,2014-12-11,"Funcionamiento 4G y visita UOCT - ",63127,"   Subsecretaria de Transporte - "
"an001722","Valparaíso","Cristian Andrés Bowen Garfias","AN00169","SUBSECRETARIA DE TRANSPORTES","an001","Subsecretario de Transportes",2014-12-11,2014-12-11,"Dar a conocer Plan de Reconstrucción de Valparaíso en medidas de gestión de tránsito tales como señalización, demarcación, pavimentación y paradas de transporte público, entre otras, en cuatro ejes viales de la zona afectada. -   Reunión con equipo de Seremitt V Región - ",40827,"   Subsecretaría de Transportes - "
"an001822","Valparaíso","Andrés Gómez - Lobo Echenique","AN00170","SUBSECRETARIA DE TRANSPORTES","an001","Ministro de Transportes",2014-11-28,2014-11-28,"Presentación plan recuperación ascensores Valparaíso, actividad con la Presidenta de la República - ",75752,"   Subsecretaria de Transportes -     Subsecretaría de transportes -     Subsecretaria de Transporte - "
"an002242","Concepción, Chile","PEDRO MARIANO HUICHALAF ROA","AN00228","SUBSECRETARÍA DE TELECOMUNICACIONES","an002","Subsecretario(a)",2014-12-04,2014-12-04,"Invitación de la Universidad de Concepción, Centro de Optica y Fotónica, para dar charla sobre el Desarrollo Digital en Chile a los alumnos. - ",50000,"   UNIVERSIDAD DE CONCEPCIÓN - "
"an002342","Valparaíso","PEDRO MARIANO HUICHALAF ROA","AN00228","SUBSECRETARÍA DE TELECOMUNICACIONES","an002","Subsecretario(a)",2014-12-09,2014-12-09,"Citación de la Comisión de Transportes y Telecomunicaciones del Senado - ",15000,"   Subtel - "
"an002352","Rancagua","PEDRO MARIANO HUICHALAF ROA","AN00228","SUBSECRETARÍA DE TELECOMUNICACIONES","an002","Subsecretario(a)",2014-12-11,2014-12-11,"Invitación a experiencia red 4G LTE de Entel - ",27000,"   Subtel - "
"an00282","La Serena","PEDRO MARIANO HUICHALAF ROA","AN00228","SUBSECRETARÍA DE TELECOMUNICACIONES","an002","Subsecretario(a)",2014-12-01,2014-12-02,"Inaguración antena Tulahuén - ",205000,"   SUBTEL -     SUBTEL. Viático Subsecretario - "
"an002912","Región de Los Lagos","PEDRO MARIANO HUICHALAF ROA","AN00228","SUBSECRETARÍA DE TELECOMUNICACIONES","an002","Subsecretario(a)",2014-12-21,2014-12-22,"Inauguración Wi-Fi 2.6 - ",166686,"   SUBTEL - "
"ao0011062","VI REGION","Helia Molina Milman","AO001632","SUBSECRETARÍA DE SALUD PÚBLICA ","ao001","Ministra",2014-12-22,2014-12-22,"AGENDA MINISTRA DE SALUD RANCAGUA LUNES 22 DE DICIEMBRE                                                                          LUNES 22 DE DICIEMBRE HORA ACTIVIDAD 10:00  Entrega de 6 ambulancias al GORE. Lugar: Hospital de Pichidegua. 10:30 Punto de prensa 11:15 Inauguración Centro Comunitario Inclusivo de Promoción de la Salud. CESFAM Las Cabras. 12:00 Punto de prensa 13:30 Almuerzo. Lugar por confirmar 16:00 Presentación campaña ciudadana “UN NOMBRE PARA NUESTRO                                     HOSPITAL REGIONAL”. Lugar: Acceso Urgencia nuevo Hospital Regional. 16:30 Recorrido nuevo Hospital Regional. 16:45 Punto de prensa 17:30 Término de visita - ",0,"   SUBSECRETARIA DE SALUD PUBLICA - "
"ao0011072","Valparaíso","Helia Molina Milman","AO001632","SUBSECRETARÍA DE SALUD PÚBLICA ","ao001","Ministra",2014-12-09,2014-12-09,"reunión de trabajo con Parlamentarios en el Congreso  e inauguración de la Clínica de Reproducción de Alta Complejidad en la Universidad de Valparaíso. - ",0,"   Subsecretaría de Salud - "
"ao0011212","Libertador Bernardo O´Higgins-San Vicente de Tagua-Tagua","Helia Molina Milman","AO001632","SUBSECRETARÍA DE SALUD PÚBLICA ","ao001","Ministra",2014-12-18,2014-12-18,"Comunas de San Vicente de Tagua Tagua, Olivar, Rancagua  Jueves 18 de diciembre de 2014   10:30 horas Presentación Comitiva (Helipuerto Cancillería).  10:50 horas Despegue helicóptero Presidencial con destino  San Vicente de Tagua Tagua.    11:50 horas Llegada helicóptero Presidencial a Estadio Municipal de San Vicente de Tagua Tagua.  La Primera Mandataria es recibida por la Intendenta de la Región de O´Higgins, Sra. Morín Contreras.  • Traslado a CESFAM San Vicente de Tagua Tagua.  12:00 horas Llegada de S.E. la Presidenta de la República a CESFAM San Vicente de Tagua Tagua.  (Av. Central 460, comuna de San Vicente de Tagua Tagua)  La Primera Mandataria es recibida por la Ministra de Salud, Sra. Helia Molina; por la Directora del CESFAM, Sra. Pilar Planet y por el Alcalde de la comuna de San Vicente de Tagua Tagua, Sr. Jaime González.    Programa:                                   13:00 horas Término actividad.   • Traslado a comuna de Olivar. 13:50 horas Llegada a Centro de Eventos Molen comuna de Olivar.   (Ruta H-40 s/n, sector Olivar Bajo, Camino Coinco)    La Primera Mandataria es recibida por el Ministro de Economía,  Sr. Luis Felipe Céspedes y por el Seremi de Gobierno, Sr. Mauricio Valderrama.      Programa:            14:50 horas Término actividad.  • S.E. La Presidenta de la República junto a las autoridades se dirige a los jardines del Centro de Eventos, donde se realizará Entrega de Informe Universidad Regional.   Programa:               15:15 horas Término actividad  • Traslado a comuna de Rancagua. 15:45 horas Llegada de  S.E. la Presidenta de la República a Museo Regional de Rancagua, “Casa del Ochavo”.   (Estado 685 comuna de Rancagua)   La Primera Mandataria es recibida por el Director del Museo Regional, Sr. Mario Henríquez; por el Presidente del Directorio de la Comisión Gaudí, Sr. Gonzalo Díaz y  por el integrante del directorio de la Comisión Gaudí, Monseñor Alejandro Goic.      Programa: - ",0,"   Subsecretaría de Salud - "
"ao0011292","IQUIQUE","Jaime Burrows Oyarzún","AO001635","SUBSECRETARÍA DE SALUD PÚBLICA ","ao001","Subsecretario de Salud Pública",2014-12-01,2014-12-02,"INAUGURACIÓN /  SEMINARIO SALUD OCUPACIONAL ESTUDIOS Y EXPERIENCIAS REFERENTES A LA IMPLEMENTACION DE LA NORMATIVA  DE EXPOSICION - ",330000,"   SUBSECRETARIA DE SALUD PUBLICA - "
"ao0011322","PUERTO VARAS","Jaime Burrows Oyarzún","AO001635","SUBSECRETARÍA DE SALUD PÚBLICA ","ao001","Subsecretario de Salud Pública",2014-12-15,2014-12-16,"REUNIÓN NACIONAL DE DIRECTIVOS DE SALUD - ",238000,"   SUBSECRETARIA DE SALUD PUBLICA - "
"ao0011992","ANGOL","Helia Molina Milman","AO001632","SUBSECRETARÍA DE SALUD PÚBLICA ","ao001","Ministra",2014-12-26,2014-12-26,"Fecha: 26 de diciembre de 2014  Programa   09:20 Llegada a aeropuerto Carriel Sur de Concepción. 11:30 Visita Hospital de Angol. 12:00 Reunión con representantes de los gremios de Salud. 12:30 Entrega de ambulancias y camionetas para la red de Salud Araucanía Norte (Plaza Las 7 Fundaciones, Angol). 14:00 Punto de Prensa (Plaza Las 7 Fundaciones). 14:15 Reunión Almuerzo con alcaldes y autoridades regionales. 15:30 Vista Cesfam Alemania, terreno donde se construirá futuro Cesfam y SAR. 16:30 Reunión con Mesa Territorial de Salud Mapuche Provincia Malleco. 17:30 Retorno Santiago vía Concepción. - ",204656,"   SUBSECRETARIA SALUD PUBLICA - "
"ao0012002","Puerto Varas","Angélica Verdugo Sobral","AO001766","SUBSECRETARÍA DE SALUD PÚBLICA ","ao001","Subsecretaria de Redes Asistenciales - SRA",2014-12-14,2014-12-16,"Jornada Directivos Servicios de Salud y Seremis de Salud - ",204656,"   Subsecretaria de Redes Asistenciales - "
"ao001762","Atacama","Helia Molina Milman","AO001632","SUBSECRETARÍA DE SALUD PÚBLICA ","ao001","Ministra",2014-12-04,2014-12-04,"Jueves 4 de diciembre  HORA LUGAR ACTIVIDAD PARTICIPANTES 9.00 Arribo aeropuerto Estarán vehículos Seremia y Servicio Recibe Seremi. Directora servicio de Salud,  espera y recibe  en Hospital San José del Carmen, junto a Intendente. 09:30 Centro de la Mujer, domicilio  Juan Serapio Lois 866 Villa Los sauces. Copiapó. Programa más sonrisas con SERNAM + Beneficiarias, dentista del programa, Alcalde de Copiapó y Directora regional del SERNAM. 10:00 Hospital regional de Copiapó, sala reuniones. Dirección: Los Carrera Nº 1320, Copiapó.  Encuentro Mesa calidad de Salud  Intendente Directora SSA Director Regional SIS Director Regional de Fonasa  10:30 Hospital Regional San José del Carmen de Copiapó. Dirección: Los Carrera Nº 1320, Copiapó.  Recorrido por obras del Hospital   (Intendente la espera por agenda en el Hospital)- Punto de prensa  • Intendente • Parlamentarios • Presidente comisión CORE Inversión Vladimir Muñoz Lagos, Javier Castillo y Roberto Alegría • Mesa Calidad de  • Salud  11:15 Hospital Regional San José del Carmen de Copiapó. Dirección: Los Carrera Nº 1320, Copiapó.  Pto. Prensa • Ministra • Directora Servicio • Seremi • Director Hospital • Presidente Comisiòn Inversión CORE 11:45 Colegio Adventista-  Dirección: Avenida Los Carrera 1106 Copiapó Entrega Primeros lugares Zona  Norte  programa de Promoción “Yo elijo no fumar”                       *Colegios municipalizados en Paro • Primer Lugar categoría 7º básico, Colegio particular subvencionado Adventista de Copiapó. ($2.000.000) • Primer lugar  2º Medio, Colegio Particular Subvencionado Santa Marta de Vallenar ($1.000.000) • Segundo lugar 8º básico y tercer lugar 7º, Liceo PS Héroes de Atacama (mini proyector y equipo música) • Segundo Lugar, colegio municipal de Vallenar  José Caroca la Flor (mini proyector)   12:30 Reunión almuerzo con gremios salud.  Dirección: Club Libanes, Los carreras 350. Reunión almuerzo con gremios  Gremios de la salud  14.30 Traslado a Chañaral Traslado   16:30 CESFAM Dr. Luis Herrera de Chañaral.  Dirección: Merino Jerpa, esquina Domeyko. Chañaral Conoce maqueta del Futuro Cesfam     • Ministra • Parlamentarios • Intendente • Alcalde y concejales • Directora servicio • Seremi • Directora Cesfam  17.00 Auditórium Liceo Federico Varela, Calle Zuleta 221 Chañaral Firma Convenio Punto de Prensa, estará TV local y radios • Ministra • Parlamentarios • Intendente • CORE • Alcalde Diego Almagro y Alcalde Chañaral • Autoridades en general • Comunidad y organizaciones sociales 18.00 Sala del  Liceo Federico Varela, Calle Zuleta 221 Chañara Reunión Madre caso Coqueluche   • Madre Julie Maturana Rojas  18.15 Traslado aeropuerto - ",341191,"   SUBSECRETARIA SALUD PUBLICA - "
"ao001792","REGION DE LOS LAGOS","Helia Molina Milman","AO001632","SUBSECRETARÍA DE SALUD PÚBLICA ","ao001","Ministra",2014-12-14,2014-12-16,"- DIA DOMINGO 14 RECORRIDO HOSPITAL DE QUEILEN - CHILOE - FIRMA CONVENIO DE PROGRAMACION DE INVERSIONES EN SALUD PARA PERIODO 2014-2022 - 15 Y 16 Encuentro Nacional de Directivos de Salud - ",313886,"   SUBSECRETARIA DE SALUD - "
"ao001802","V REGION DE VALPARAISO","Helia Molina Milman","AO001632","SUBSECRETARÍA DE SALUD PÚBLICA ","ao001","Ministra",2014-12-08,2014-12-08,"- PARTICIPAR RECEPCION REALIZADA A 31 PROFESIONALES DE SALUD EN OPERATIVO MEDICO ORGANIZADO POR FUNDACION ACRUX Y LA ARMADA DE CHILE. - ",0,"   subsecretaria de s alud pública - "
"ap0011112","Coquimbo, Chile","Jaime Rodrigo Romero Alvarez","AP001251","SUBSECRETARIA DE VIVIENDA Y URBANISMO","ap001","Subsecretario(a)",2014-12-18,2014-12-19,"Reunión con gerente Corporación de Desarrollo  Regional. Encuentro con directivos regionales CCHC. Entrevista Radio Elquina en Vicuña. Ceremonia entrega de 79  subsidios de mejoramiento de viviendas. - ",270783,"   Ministerio de Vivienda y Urbanismo - "
"ap0011122","Región de Magallanes, Chile","Jaime Rodrigo Romero Alvarez","AP001251","SUBSECRETARIA DE VIVIENDA Y URBANISMO","ap001","Subsecretario(a)",2014-12-21,2014-12-23,"Reunión con Asociación de Funcionarios. Reunión con Seremi y Directora Serviu. Visita de obras Cerro la Cruz. Entrevista la Prensa Austral. Inauguración obras complementarias de Barrio Jorge Cvitanic. - ",708792,"   Ministerio de Vivienda y Urbanismo - "
"ap0011172","Región de Los Lagos y Los Rios, Chile","Paulina Saball Astaburuaga","AP001248","SUBSECRETARIA DE VIVIENDA Y URBANISMO","ap001","Ministro(a)",2014-12-19,2014-12-20,"Primera piedra Comité Villa Emanuel de  Paillaco. Inauguración Plaza 21 de Mayo, entrega de subsidios PPPF, Villa Gabriela Mistral y los Notros de Nontuelá en Futrono. - ",411003,"   Ministerio de Vivienda y Urbanismo - "
"ap0011182","Comuna El Monte, Región Metropolitana, Chile","Paulina Saball Astaburuaga","AP001248","SUBSECRETARIA DE VIVIENDA Y URBANISMO","ap001","Ministro(a)",2014-12-22,2014-12-22,"Entrega de viviendas junto a la Presidenta de la Republica - ",0,"   Ministerio de Vivienda y Urbanismo - "
"ap001122","Concepcion","Paulina Saball Astaburuaga","AP001248","SUBSECRETARIA DE VIVIENDA Y URBANISMO","ap001","Ministro(a)",2014-11-29,2014-11-30,"Apertura Parque Ecuador para niños en situación de discapacidad - ",342463,"   Ministerio de Vivienda y Urbanismo - "
"ap001142","Rancagua, Region Libertador Bernardo O Higgins","Jaime Rodrigo Romero Alvarez","AP001251","SUBSECRETARIA DE VIVIENDA Y URBANISMO","ap001","Subsecretario(a)",2014-11-28,2014-11-28,"Reunión trabajo con equipo SEREMI -SERVIU; Visita nuevo edificio institucional; entrega complejo habitacional Buen Samaritano; reunión Comité de Vivienda.. - ",38516,"   Ministerio de Vivienda y Urbanización - "
"ap0011782","Arica y Parinacota, Chile","Paulina Saball Astaburuaga","AP001248","SUBSECRETARIA DE VIVIENDA Y URBANISMO","ap001","Ministro(a)",2014-12-29,2014-12-31,"Inspección avance de reconstrucción Arica - Parinacota - ",482103,"   Ministerio de Vivienda y Urbanismo - "
"ap001202","Puerto Montt","Jaime Rodrigo Romero Alvarez","AP001251","SUBSECRETARIA DE VIVIENDA Y URBANISMO","ap001","Subsecretario(a)",2014-12-02,2014-12-02,"Reunión con Asociación de funcionarios; atención proyecto Inter conexión Vial Alerce; reunión Comité ""Oportunidad Huilliche""; reunión SEREMI -SERVIU; entrega 35 subsidios térmicos, comuna de Frutillar; Encuentro con Comité Techo Digno V, de Llanquihue; Entrega 362 subsidios térmicos en Puerto Montt; entrevista TV, canal local. - ",308934,"   Ministerio de Vivienda y Urbanismo - "
"ap001222","Región de Valparaiso y del Libertador Bernardo O Higgins","Paulina Saball Astaburuaga","AP001248","SUBSECRETARIA DE VIVIENDA Y URBANISMO","ap001","Ministro(a)",2014-12-02,2014-12-02,"En Valparaiso, visita inspectiva viviendas en reconstrucción por incendio abril 2014, con Presidenmta de la República. En región del Libertador Bernardo O Higgins, entrega de terrenos obra vial Manso de Velasco, en San Fernando - ",40828,"   Ministerio de Vivienda y Urbanismo - "
"ap001302","Región del Bio Bio","Paulina Saball Astaburuaga","AP001248","SUBSECRETARIA DE VIVIENDA Y URBANISMO","ap001","Ministro(a)",2014-12-03,2014-12-03,"Visita inspectiva Parque El Carbón de Lebu con Presidenta de la República, viaja en avión Presidencial. - ",40828,"   Ministerio de Vivienda y Urbanismo - "
"ap001382","Antofagasta, Chile","Jaime Rodrigo Romero Alvarez","AP001251","SUBSECRETARIA DE VIVIENDA Y URBANISMO","ap001","Subsecretario(a)",2014-12-04,2014-12-05,"Reunión con autoridades del sector vivienda a nivel regional, visita centro recreacional y deportivo Villa Esperanza, visita obras en Talamar-Hangaroa y Plaza Freire, entrevista TV y prensa escrita - ",532788,"   Ministerio de Vivienda y Urbanismo - "
"ap001392","Región de Magallanes, Chile","Paulina Saball Astaburuaga","AP001248","SUBSECRETARIA DE VIVIENDA Y URBANISMO","ap001","Ministro(a)",2014-12-04,2014-12-08,"Entrega de informe preliminar del plan seccional a Alcalde de Laguna Blanca, Visita y revisión del estado de avance de las obras de construcción del proyecto habitacional El Canelo I y II, visita edificio Logistico de Costanera, visita obras del Parque Costanera Pedro Montt. - ",367324,"   Ministerio de Vivienda y Urbanismo - "
"ap001402","Atacama, Chile","Paulina Saball Astaburuaga","AP001248","SUBSECRETARIA DE VIVIENDA Y URBANISMO","ap001","Ministro(a)",2014-12-08,2014-12-08,"Firma acta de traspaso de la obra Parque Urbano Kaukari - ",259736,"   Ministerio de Vivienda y Urbanismo - "
"ap001542","Región del Bio-Bio, Chile","Jaime Rodrigo Romero Alvarez","AP001251","SUBSECRETARIA DE VIVIENDA Y URBANISMO","ap001","Subsecretario(a)",2014-12-10,2014-12-11,"Reunión con Delegada Presidencial Reconstrucción en Intendencia, entrevista en noticiario Canal Regional Biobio TV, visita de obra Conservación Cerro Caracol, Concepción, reunión con asociación de funcionarios Seremi-Serviu y asociación de Honorarios de región del Biobio. - ",350553,"   Ministerio de Vivienda y Urbanismo - "
"ap001552","Valparaiso, Chile","Paulina Saball Astaburuaga","AP001248","SUBSECRETARIA DE VIVIENDA Y URBANISMO","ap001","Ministro(a)",2014-12-09,2014-12-09,"Reunión en el Senado, presentación Programas Habitacionales en la región de Valparaiso - ",0,"   Ministerio de Vivienda y Urbanismo - "
"ap001832","Valparaiso, Chile","Paulina Saball Astaburuaga","AP001248","SUBSECRETARIA DE VIVIENDA Y URBANISMO","ap001","Ministro(a)",2014-12-16,2014-12-16,"Inauguración Bienal de Arquitectura, Centro Cultural Cárcel de Valparaíso, V Región. - ",40828,"   Ministerio de Vivienda y Urbanismo - "
"ap001872","Región de La Araucania, Chile","Jaime Rodrigo Romero Alvarez","AP001251","SUBSECRETARIA DE VIVIENDA Y URBANISMO","ap001","Subsecretario(a)",2014-12-16,2014-12-17,"Reunión con equipo directivo Serviu Araucania, visita a Radio Bio Bio y Diario Austral, reunión con Asociaciones de funcionarios - ",266283,"   Ministerio de Vivienda y Urbanismo - "
"aq0011822","Ciudad de Coqumbo","Víctor Hugo Osorio Reyes","AQ001683","SUBSECRETARÍA DE BIENES NACIONALES","aq001","Sr. Ministro",2014-12-08,2014-12-09,"Ministro asiste reuniones en el marco de inauguración de Hito conmemorativo de Bernardo Lejderman y María del Rosario Avalos. - ",360143,"   Ministerio de Bienes Nacionales - "
"aq0011832","Provincia de Arauco","Víctor Hugo Osorio Reyes","AQ001683","SUBSECRETARÍA DE BIENES NACIONALES","aq001","Sr. Ministro",2014-12-28,2014-12-29,"Asistir a Reuniones en la ciudad de Concepción. - ",347553,"   Ministerio de Bienes Naciones -     Ministerio de Bienes Nacionales - "
"aq0011852","Patagonia","Víctor Hugo Osorio Reyes","AQ001683","SUBSECRETARÍA DE BIENES NACIONALES","aq001","Sr. Ministro",2014-11-28,2014-12-01,"Ministro viaja a la Región de Aysén junto con Rector de la Pontificia Universidad Católica de Chile a conocer proyecto Bahía Exploradores en la Patagonia, que incluye investigación de flora y fauna nativa, cambio climático, huella de carbono e impacto de industrias en el territorio austral.  La actividades incluye:  1. Visita a Bahía Exploradores de la UC 2. Firma de renovación de concesión Terrenos UC 3.     Entrega de títulos de dominio - ",583045,"   Ministerio de Bienes Nacionales - "
"aq0011942","Valparaiso","Víctor Hugo Osorio Reyes","AQ001683","SUBSECRETARÍA DE BIENES NACIONALES","aq001","Sr. Ministro",2014-12-05,2014-12-05,"Reuniones para Lanzamiento Campaña Acceso a lo Nuestro. - ",40828,"   Ministerio de Bienes Nacionales - "
"aq0011972","Calama","Jorge Maldonado Contreras","AQ001682","SUBSECRETARÍA DE BIENES NACIONALES","aq001","Sr. Subsecretario",2014-12-22,2014-12-23,"Reunión con empresarios y dirigentes de zona Puerto Seco de Calama para abordar situación de arriendos y concesiones en la zona - ",142897,"   Ministerio de Bienes Nacionales - "
"ar0011012","Arica / Valparaíso","Claudio Armando Ternicier González","AR001394","SUBSECRETARÍA DE AGRICULTURA","ar001","Subsecretario(a)",2014-12-16,2014-12-17,"1) Reunión en la Intendencia Regional junto al equipo asesor de la Seremi de Agricultura, visita al Valle de Azapa, Entrevista en canal regional Arica TV, reuniones con dirigentes de Asoagro y Agronor y con el Gabinete del Agro Regional. 2) Comisión Hacienda financiamiento a la implementación de la Ley Cites (SAG, CONAF) y aprobación del Proyecto de Ley sobre Asignación Fitozoosanitaria y modificaciones a la Planta del SAG. - ",655115,"   Subsecretaría de Agricultura - "
"ar0011362","Puerto Montt","Carlos Guillermo Furche Guajardo","AR001392","SUBSECRETARÍA DE AGRICULTURA","ar001","Ministro(a)",2014-12-26,2014-12-27,"Asistir a Embarcación de Vaquillas con destino a China - ",450000,"   Subsecretaría de Agricultura - "
"ar0011402","Curicó","Carlos Guillermo Furche Guajardo","AR001392","SUBSECRETARÍA DE AGRICULTURA","ar001","Ministro(a)",2014-12-30,2014-12-30,"Entrega de Bono. Canal La Cañada de Curicó - ",81000,"   Subsecretaría de Agricultura -     Subsecretaria de Agricultura - "
"ar00122","Iquique","Carlos Guillermo Furche Guajardo","AR001392","SUBSECRETARÍA DE AGRICULTURA","ar001","Ministro(a)",2014-12-03,2014-12-04,"Inauguración obra en la Tirana, reunión con agricultores en la comuna de Pica, visita a predios agricolas y visita al terminal agropecuario de Iquique - ",650000,"   Subsecretaria de Agricultura -     Subsecretaría de Agricultura - "
"ar00132","Concepción","Claudio Armando Ternicier González","AR001394","SUBSECRETARÍA DE AGRICULTURA","ar001","Subsecretario(a)",2014-12-09,2014-12-10,"Visita Canteras Los Angeles y planta Agrolomas - ",362105,"   Ministerio de Agricultura, Subsecretaría - "
"ar001562","Valparaíso","Carlos Guillermo Furche Guajardo","AR001392","SUBSECRETARÍA DE AGRICULTURA","ar001","Ministro(a)",2014-12-09,2014-12-09,"Congreso Nacional: Ver Proyecto de ley sobre asignaciones y modificaciones a la planta del Servicio Agrícola y Ganadero. - ",78000,"   Subsecretaría de Agricultura - "
"ar001572","Talca","Carlos Guillermo Furche Guajardo","AR001392","SUBSECRETARÍA DE AGRICULTURA","ar001","Ministro(a)",2014-12-10,2014-12-10,"Visitar predio en cosecha de cerezas en el Fundo Marengo de Empresa WAPRI, además visitará la empresa agroindustrial T&amp;T Exxport. Además, se reunirá con un pequeño productor de cereza afectado por últimas lluvias (Predio del Sr. Feliz Reyes Vásquez) - ",80828,"   Subsecretaria de Agricultura - "
"ar001852","Argentina","Carlos Guillermo Furche Guajardo","AR001392","SUBSECRETARÍA DE AGRICULTURA","ar001","Ministro(a)",2014-12-16,2014-12-18,"Cumbre de Jefes y Jefas de Estado del Mercosur y Estados Asociados - ",1890000,"   Subsecretaría de Agricultura -     Ministerio de Relaciones Exteriores - "
"ar001902","Temuco","Carlos Guillermo Furche Guajardo","AR001392","SUBSECRETARÍA DE AGRICULTURA","ar001","Ministro(a)",2014-12-19,2014-12-20,"Visita Construcción de Tranques para capacitación de aguas lluvias. Comuna de Galvarino. Visita Instalación de Estación Agrometeorológica. Comuna de Chol-Chol. Inauguración Bodega COTRISA en Nehuentúe. - ",426000,"   Subsecretaría de Agricultura -     Subsecretaria de Agricultura - "
"as0011712","Iquique","Ignacio Moreno Fernández","AS001381","SUBSECRETARÍA DE MINERÍA","as001","Subsecretario(a)",2014-12-02,2014-12-02,"Asistir a seminario ""Altura Iquique"" - ",193214,"   Subsecretaría de Minería - "
"as0011722","San Felipe","Ignacio Moreno Fernández","AS001381","SUBSECRETARÍA DE MINERÍA","as001","Subsecretario(a)",2014-12-12,2014-12-12,"Asistir a taller ""Reflexión acerca de las fundiciones chilenas"". - ",40828,"   Subsecretaría de Minería - "
"as0011862","Valparaíso","Ignacio Moreno Fernández","AS001381","SUBSECRETARÍA DE MINERÍA","as001","Subsecretario(a)",2014-12-17,2014-12-17,"Asistir a sesión de Comisión de Minería y Energía - ",30000,"   Subsecretaría de Minería - "
"as0011872","Copiapó","Ignacio Moreno Fernández","AS001381","SUBSECRETARÍA DE MINERÍA","as001","Subsecretario(a)",2014-12-18,2014-12-19,"Entrega de equipamiento a pequeños mineros. Visita Planta Biocobre. - ",105086,"   Subsecretaría de Minería - "
"as0011882","Valparaíso","Aurora Elvira Williams Baussa","AS001380","SUBSECRETARÍA DE MINERÍA","as001","Ministro(a)",2014-12-09,2014-12-09,"Asistir a sesión de la Comisión Especial Investigadora - ",40828,"   Subsecretaría de Minería - "
"as0011892","Valparaíso","Aurora Elvira Williams Baussa","AS001380","SUBSECRETARÍA DE MINERÍA","as001","Ministro(a)",2014-12-10,2014-12-10,"Asistir a sesión de Comisión de Minería Cámara de Diputados - ",40828,"   Subsecretaría de Minería - "
"as0011902","Calama","Aurora Elvira Williams Baussa","AS001380","SUBSECRETARÍA DE MINERÍA","as001","Ministro(a)",2014-12-16,2014-12-16,"Asistir a entrega de infraestructura sistema de agua potable  y tratamiento de aguas servidas para la comuna de Sierra Gorda. - ",330414,"   Subsecretaría de Minería - "
"as0011912","La Serena","Aurora Elvira Williams Baussa","AS001380","SUBSECRETARÍA DE MINERÍA","as001","Ministro(a)",2014-12-19,2014-12-20,"Asistir a ceremonia de entrega de fondos FNDR y PAMMA Fomento. - ",286173,"   Subsecretaría de Minería - "
"at0011242","Washington DC, Estados Unidos","Gloria Andrea Maira Vargas","AT001686","SERVICIO NACIONAL DE LA MUJER (SERNAM)","at001","Subdirectora Gloria Maira Vargas",2014-12-02,2014-12-07,"Invitación a participar del Diálogo Regional de Política de la Red de Igualdad de Género/La Violencia contra las Mujeres: Avanzando hacia soluciones basadas en la evidencia"", organizado por el Banco Interamericano de Desarrollo - ",5165,"   Servicio Nacional de la Mujer -     Banco Interamericano de Desarrollo - "
"at0011542","Valparaíso, Chile","Gloria Andrea Maira Vargas","AT001686","SERVICIO NACIONAL DE LA MUJER (SERNAM)","at001","Subdirectora Gloria Maira Vargas",2014-12-10,2014-12-10,"Asistencia al Senado a la votación del Proyecto de Ley que crea el Ministerio de la Mujer y la Equidad de Género. - ",26800,"   Servicio Nacional de la Mujer - "
"at0011552","Rancagua, Chile","Gloria Andrea Maira Vargas","AT001686","SERVICIO NACIONAL DE LA MUJER (SERNAM)","at001","Subdirectora Gloria Maira Vargas",2014-12-13,2014-12-13,"Asistencia al Encuentro Zonal de Mujeres Indígenas. - ",55482,"   Servicio Nacional de la Mujer - "
"at0011562","Temuco, Chile","Gloria Andrea Maira Vargas","AT001686","SERVICIO NACIONAL DE LA MUJER (SERNAM)","at001","Subdirectora Gloria Maira Vargas",2014-12-17,2014-12-18,"Asistencia al Encuentro Zonal de los Pueblos Indígenas ""Construyendo el Buen Vivir"" - ",221771,"   Servicio Nacional de la Mujer - "
"at0011572","Puerto Montt, Chile","Gloria Andrea Maira Vargas","AT001686","SERVICIO NACIONAL DE LA MUJER (SERNAM)","at001","Subdirectora Gloria Maira Vargas",2014-12-30,2014-12-30,"Asistencia a la Inauguración Casa de Acogida en la ciudad de Puerto Montt. - ",316158,"   Servicio Nacional de la Mujer - "
"at0011602","Arica, Chile","Claudia Pascual Grau","AT001792","SERVICIO NACIONAL DE LA MUJER (SERNAM)","at001","Ministro(a)",2014-12-05,2014-12-07,"Ministra asiste a actividad en la Dirección Regional de Arica y Parinacota, y participa de Gobierno en Terreno - ",308784,"   Servicio Nacional de la Mujer - "
"at0011612","valparaiso, chile","Claudia Pascual Grau","AT001792","SERVICIO NACIONAL DE LA MUJER (SERNAM)","at001","Ministro(a)",2014-12-10,2014-12-10,"asistencia al Congreso Nacional por tramitación de ley ministerio de la mujer  y equidad de género - ",26800,"   servicio nacional de la mujer - "
"at0011622","valparaiso,chile","Claudia Pascual Grau","AT001792","SERVICIO NACIONAL DE LA MUJER (SERNAM)","at001","Ministro(a)",2014-12-10,2014-12-10,"ministra asiste en la mañana al seminario internacional presidentas de latinoamerica , por la tarde asiste al senado a la votación en sala ministerio de la mujer y equidad de género - ",57482,"   servicio nacional de la mujer - "
"at0011632","antofagasta,chile","Claudia Pascual Grau","AT001792","SERVICIO NACIONAL DE LA MUJER (SERNAM)","at001","Ministro(a)",2014-12-12,2014-12-13,"ministra asiste al encuentro zonal norte , mujeres indígenas - ",393872,"   servicio nacional de la mujer - "
"at0011642","temuco, chile","Claudia Pascual Grau","AT001792","SERVICIO NACIONAL DE LA MUJER (SERNAM)","at001","Ministro(a)",2014-12-18,2014-12-18,"ministra asiste al encuentro zonal indígena , zona sur - ",264378,"   servicio nacional de la mujer - "
"at0011652","puerto montt, chile","Claudia Pascual Grau","AT001792","SERVICIO NACIONAL DE LA MUJER (SERNAM)","at001","Ministro(a)",2014-12-30,2014-12-30,"ministra asiste a la inauguración casa de acogida con la Presidenta - ",30682,"   servicio nacional de la mujer - "
"au0021312","Antofagasta, Mejillones","Maximo Jorge Pacheco Matte","AU002421","SUBSECRETARIA DE ENERGÍA","au002","Ministro(a)",2014-12-18,2014-12-19,"Seminario “El desarrollo energético del Norte Grande y su importancia para Chile"". Reuniones con alcalde y concejales. Reuniones con Asociación de Industriales de Mejillones, Reuniones con dirigentes pescadores de Mejillones. - ",102068,"   Subsecretaria de Energía - "
"au002252","Antofagasta","Jimena Alejandra Jara Quilodrán","AU002423","SUBSECRETARIA DE ENERGÍA","au002","Subsecretario(a)",2014-12-03,2014-12-04,"la II Conferencia Internacional Desierto Verde 2014: Desafíos del cambio climático y la bioenergía - ",647164,"   Subsecretaría de Energía - "
"av0011232","Concepción","Lilia Concha Carreño","AV001764","CONSEJO NACIONAL DE LA CULTURA Y LAS ARTES (CNCA)","av001","Subdirectora Nacional",2014-12-22,2014-12-22,"Jornada con funcionarios sobre la indicación sustitutiva del proyecto de ley que crea el Ministerio de Cultura. - ",297285,"   CNCA -     Consejo Nacional de la Cultura y las Artes - "
"av0011412","Santiago","Lilia Concha Carreño","AV001764","CONSEJO NACIONAL DE LA CULTURA Y LAS ARTES (CNCA)","av001","Subdirectora Nacional",2014-12-19,2014-12-21,"Audiencias, gestión interna, compromisos públicos. - ",0,"   CNCA - "
"av001622","Arica","Lilia Concha Carreño","AV001764","CONSEJO NACIONAL DE LA CULTURA Y LAS ARTES (CNCA)","av001","Subdirectora Nacional",2014-12-04,2014-12-05,"Articulación del trabajo de la dirección regional del CNCA con los alcaldes de Tarapacá y, Arica y Parinacota. - ",493013,"   CNCA -     Consejo Nacional de la Cultura y las Artes - "
"av001632","Santiago","Lilia Concha Carreño","AV001764","CONSEJO NACIONAL DE LA CULTURA Y LAS ARTES (CNCA)","av001","Subdirectora Nacional",2014-11-28,2014-11-28,"Audiencias, gestión interna, actividad pública - ",0,"   CNCA - "
"av001642","Santiago","Lilia Concha Carreño","AV001764","CONSEJO NACIONAL DE LA CULTURA Y LAS ARTES (CNCA)","av001","Subdirectora Nacional",2014-12-01,2014-12-01,"Audiencias, gestión interna. - ",0,"   CNCA - "
"av001652","Santiago","Lilia Concha Carreño","AV001764","CONSEJO NACIONAL DE LA CULTURA Y LAS ARTES (CNCA)","av001","Subdirectora Nacional",2014-12-03,2014-12-03,"Audiencias, gestión interna, compromiso público. - ",0,"   CNCA - "
"av001662","La Serena","Lilia Concha Carreño","AV001764","CONSEJO NACIONAL DE LA CULTURA Y LAS ARTES (CNCA)","av001","Subdirectora Nacional",2014-12-08,2014-12-09,"Jornada con funcionarios sobre la indicación sustitutiva que crea el Ministerio de Cultura - ",271796,"   CNCA - "
"av001672","Santiago","Lilia Concha Carreño","AV001764","CONSEJO NACIONAL DE LA CULTURA Y LAS ARTES (CNCA)","av001","Subdirectora Nacional",2014-12-11,2014-12-11,"Audiencias, gestión interna, compromiso público. - ",0,"   CNCA - "
"aw0022142","Concepción","Pablo Esteban Badenier Martínez","AW002400","SUBSECRETARÍA DEL MEDIO AMBIENTE","aw002","Ministro(a)",2014-12-19,2014-12-19,"Ceremonia de adjudicación de proyectos FPA de la Región del Bio bío para el año 2015 - ",261000,"   Subsecretaria de Medio Ambiente -     Subsecretaría de Medio Ambiente - "
"aw002372","Lima","Marcelo Mena Carrasco","AW002404","SUBSECRETARÍA DEL MEDIO AMBIENTE","aw002","Subsecretario",2014-12-04,2014-12-09,"Naciones Unidas Conferencia sobre el cambio climático, COP20 - ",4006587,"   Subsecretaria del Medio Ambiente - "
"aw002502","Valdivia","Marcelo Mena Carrasco","AW002404","SUBSECRETARÍA DEL MEDIO AMBIENTE","aw002","Subsecretario",2014-12-09,2014-12-10,"Ceremonia de Inauguración del Tercer Tribunal Ambiental en Chile - ",457334,"   Subsecretaria del Medio Ambiente - "
"ax0011672","Temuco","JUAN IGNACIO PIÑA ROCHEFORT","AX001623","CONSEJO DE DEFENSA DEL ESTADO (CDE)","ax001","Consejero",2014-12-15,2014-12-15,"Visita de trabajo a Procuraduría Fiscal de Temuco. Presentación de hitos y estado de avance del Programa de Modernización Institucional. Visita protocolar a Presidente de Corte de Apelaciones. Reunión de trabajo con Fiscal Regional de La Araucanía. - ",264378,"   Consejo de Defensa del Estado - "
"co00172","Quito, Ecuador","Lorena Fries Monleón","CO001CO001-SP001","INSTITUTO NACIONAL DE DERECHOS HUMANOS","co001","Consejera del Instituto Nacional de Derechos Humanos (Directora)",2014-11-25,2014-11-30,"Participar en el 2º encuentro de Defensores del Pueblo de América del Sur - ",2480915,"   Instituto Nacional de Derechos Humanos - "
"co00182","Brasilia, Brazil","Lorena Fries Monleón","CO001CO001-SP001","INSTITUTO NACIONAL DE DERECHOS HUMANOS","co001","Consejera del Instituto Nacional de Derechos Humanos (Directora)",2014-12-14,2014-12-16,"Participar en el taller regional sobre el establecimiento de la Institución Nacional de Derechos Humanos de conformidad con los Principios de Paris. - ",0,"   Alto Comisionado de Naciones Unidas para los Derechos Humanos (ACNUDH) - "
"co00192","Valparaíso","Roberto  Garretón Merino","CO001CO001-SP008","INSTITUTO NACIONAL DE DERECHOS HUMANOS","co001","Consejero del Instituto Nacional de Derechos Humanos",2014-12-15,2014-12-15,"Ceremonia de Premiación del Concurso Cuenta Tu Tesis en DD.HH. - ",39429,"   Instituto Nacional de Derechos Humanos - "
"ct001442","Punta Arenas, Chile","Vivianne Amelia Blanlot Soza","CT00145","CONSEJO PARA LA TRANSPARENCIA","ct001","Consejero(a) del Consejo para la Transparencia",2014-12-03,2014-12-04,"Jornada de Reporte de Cumplimiento de Gestión en Transparencia Municipal, organizada por el Consejo para la Transparencia y Municipios de la Región de Magallanes. - ",440000,"   Consejo para la Transparencia - "
"nr001182","Chanco","ROBERT QUILHOT INOSTROZA","NR001542","CORPORACIÓN ADMINISTRATIVA DEL PODER JUDICIAL","nr001","Consejero Consejo Coordinación Zonal de Talca",2014-12-02,2014-12-02,"Visita técnica junto a arquitecto de CAPJ Nivel central - ",59686,"   Corporación administrativa del poder judicial - "
"nr0012212","SANTIAGO, CHILE","Álvaro Carrasco Labra","NR001512","CORPORACIÓN ADMINISTRATIVA DEL PODER JUDICIAL","nr001","Consejero Consejo Coordinación Zonal de Valparaiso",2014-12-10,2014-12-12,"ENCUENTRO NACIONAL DE MINISTROS CORTE DE APELACIONES - ",184094,"   CORPORACIÓN ADMINISTRATIVA DEL PODER JUDICIAL - "
"nr0012222","SANTIAGO, CHILE","María Angélica Repetto García","NR001513","CORPORACIÓN ADMINISTRATIVA DEL PODER JUDICIAL","nr001","Consejera Consejo Coordinación Zonal de Valparaiso",2014-12-10,2014-12-12,"ENCUENTRO NACIONAL DE MINISTROS CORTE DE APELACIONES - ",184094,"   CORPORACIÓN ADMINISTRATIVA DEL PODER JUDICIAL - "
"nr0012552","SANTIAGO","PATRICIO NEIRA FERNANDEZ","NR001629","CORPORACIÓN ADMINISTRATIVA DEL PODER JUDICIAL","nr001","Consejero Consejo Coordinación Zonal de Coyhaique",2014-12-11,2014-12-12,"REUNIÓN CONSEJOS ZONALES - ",373000,"   CORPORACION ADMINISTRATIVA DEL PODER JUDICIAL - "
"nr001282","Santiago, Chile","MARCELO BAEZA ALVAREZ","NR001493","CORPORACIÓN ADMINISTRATIVA DEL PODER JUDICIAL","nr001","Consejero Consejo Coordinación Zonal de Copiapó",2014-12-09,2014-12-13,"Capacitación Institucional y reunión con Directivos - ",334514,"   Corporación Administrativa del Poder Judicial - "
"nr0013672","Santiago","NANCY VILLARREAL VILLALOBOS","NR001528","CORPORACIÓN ADMINISTRATIVA DEL PODER JUDICIAL","nr001","Consejera Consejo Coordinación Zonal de Rancagua",2014-12-10,2014-12-10,"Capacitación Programa Team Building - ",37844,"   Corporación Administrativa del Poder Judicial - "
"nr0013682","Santiago","NANCY VILLARREAL VILLALOBOS","NR001528","CORPORACIÓN ADMINISTRATIVA DEL PODER JUDICIAL","nr001","Consejera Consejo Coordinación Zonal de Rancagua",2014-12-11,2014-12-12,"Encuentro Nacional de Presidentes de ICA. Consejos Zonales y Administradores Zonales - ",75688,"   Corporaciòn Administrativa del Poder Judicial - "
"nr001422","SANTIAGO","MARCELA SEEMANN DURAN","NR001517","CORPORACIÓN ADMINISTRATIVA DEL PODER JUDICIAL","nr001","Consejera Consejo Coordinación Zonal de Valparaiso",2014-12-10,2014-12-10,"CURSO DE TEAM BUILLDING - ",47714,"   CORPORACIÓN ADMINISTRATIVA DEL PODER JUDICIAL - "
"nr001432","SANTIAGO","MARCELA SEEMANN DURAN","NR001517","CORPORACIÓN ADMINISTRATIVA DEL PODER JUDICIAL","nr001","Consejera Consejo Coordinación Zonal de Valparaiso",2014-12-11,2014-12-12,"ENCUENTROS DE CONSEJOS ZONALES - ",100000,"   CORPORACIÓN ADMINISTRATIVA DEL PODER JUDICIAL - "
"nr001582","chaiten","MARIO MEZA GAETE","NR001613","CORPORACIÓN ADMINISTRATIVA DEL PODER JUDICIAL","nr001","Administrador Consejero Consejo Coordinación Zonal de Puerto Montt",2014-12-03,2014-12-05,"Impeccionar terrenos fiscales para solicitar su destinación a bienes Nacionales. - ",418263,"   Corporacion Administrativa del Poder Judicial - "
"nr001592","Santiago","MARIO MEZA GAETE","NR001613","CORPORACIÓN ADMINISTRATIVA DEL PODER JUDICIAL","nr001","Administrador Consejero Consejo Coordinación Zonal de Puerto Montt",2014-12-10,2014-12-12,"Capacitacion Team Work Shop y participacion en encuentro nacional de COnsejos de Coordinacion Zonal. - ",322478,"   Corporacion Administrativa del Poder Judicial - "
"nr002102","VALPARAÍSO, CHILE","RAMIRO MENDOZA ZUÑIGA","NR0021","CONTRALORIA GENERAL DE LA REPUBLICA","nr002","CONTRALOR GENERAL",2014-12-17,2014-12-17,"OTRO - ",42694,"   CONTRALORÍA GENERAL DE LA REPÚBLICA - "
"nr008102014102","Los Muermos y Puerto Varas","SERGIO AREVALO WADDINGTON","NR008DERX","MINISTERIO PUBLICO","nr008","DIRECTOR REGIONAL EJECUTIVO REGION DE LOS LAGOS",2014-12-17,2014-12-17,"Entrevistas, reuniones o audiencias -  Otro - ",7928,"   MINISTERIO PUBLICO - "
"nr00810201442","Los Vilos","ADIO MARCELLO GONZALEZ  CORTES","NR008DERIV","MINISTERIO PUBLICO","nr008","DIRECTOR EJECUTIVO REGIONAL IV REGION",2014-12-15,2014-12-15,"Otro - ",73315,"   MINISTERIO PUBLICO - "
"nr008112014102","Osorno","MARCOS ALBERTO EMILFORK  KONOW","NR008FRX","MINISTERIO PUBLICO","nr008","FISCAL REGIONAL X REGION",2014-12-26,2014-12-26,"Otro - ",21064,"   MINISTERIO PUBLICO - "
"nr00812014102","Santiago","MARCOS ALBERTO EMILFORK  KONOW","NR008FRX","MINISTERIO PUBLICO","nr008","FISCAL REGIONAL X REGION",2014-12-09,2014-12-12,"Entrevistas, reuniones o audiencias - ",645078,"   MINISTERIO PUBLICO - "
"nr00812014112","Santiago"," PEDRO ENRIQUE SALGADO  GONZALEZ","NR008FRXI","MINISTERIO PUBLICO","nr008","FISCAL REGIONAL XI REGION",2014-12-09,2014-12-13,"Entrevistas, reuniones o audiencias - ",637044,"   MINISTERIO PUBLICO - "
"nr00812014122","Santiago","EUGENIO ELIAS CAMPOS LUCERO","NR008FRXII","MINISTERIO PUBLICO","nr008","FISCAL REGIONAL XII REGION",2014-12-10,2014-12-13,"Entrevistas, reuniones o audiencias - ",443704,"   MINISTERIO PUBLICO - "
"nr00812014192","Región Metropolitana","JUAN AGUSTIN MELENDEZ  DUPLAQUET","NR008FRXIV","MINISTERIO PUBLICO","nr008","FISCAL REGIONAL XIV REGION",2014-12-09,2014-12-11,"Entrevistas, reuniones o audiencias - ",447974,"   MINISTERIO PUBLICO - "
"nr0081201422","Santiago","ALBERTO AYALA  GUTIERREZ","NR008FRII","MINISTERIO PUBLICO","nr008","FISCAL REGIONAL II REGION",2014-12-09,2014-12-11,"Entrevistas, reuniones o audiencias - ",358350,"   MINISTERIO PUBLICO - "
"nr0081201432","Santiago","HECTOR ALBERTO MELLA  FARIAS","NR008FRIII","MINISTERIO PUBLICO","nr008","FISCAL REGIONAL III REGION",2014-12-09,2014-12-11,"Entrevistas, reuniones o audiencias - ",385180,"   MINISTERIO PUBLICO - "
"nr0081201462","Santiago","EMILIANO ARIAS MADARIAGA","NR008FRVI","MINISTERIO PUBLICO","nr008","FISCAL REGIONAL VI REGION",2014-12-10,2014-12-11,"Entrevistas, reuniones o audiencias - ",61364,"   MINISTERIO PUBLICO - "
"nr0081201472","Universidad de Talca, sede Curicó, Comuna de Curicó","MANUEL ANTONIO ARDILES REYES","NR008DERVII","MINISTERIO PUBLICO","nr008","DIRECTOR EJECUTIVO REGIONAL VII REGION",2014-12-12,2014-12-12,"Seminarios, Conferencias o Congresos - ",15588,"   MINISTERIO PUBLICO - "
"nr0081201482","Santiago, Fiscalía Nacional."," JULIO RAUL CONTARDO  ESCOBAR","NR008FRVIII","MINISTERIO PUBLICO","nr008","FISCAL REGIONAL VIII REGION",2014-12-08,2014-12-12,"Entrevistas, reuniones o audiencias - ",462836,"   MINISTERIO PUBLICO - "
"nr0081201492","Santiago","CRISTIAN RODRIGO PAREDES  VALENZUELA","NR008FRIX","MINISTERIO PUBLICO","nr008","FISCAL REGIONAL IX REGION",2014-12-09,2014-12-14,"Entrevistas, reuniones o audiencias - ",385800,"   MINISTERIO PUBLICO - "
"nr00812014992","Rancagua","JORGE JOSE WINSTON ABBOTT  CHARME","NR008FN","MINISTERIO PUBLICO","nr008","Fiscal Nacional",2014-12-02,2014-12-02,"Seminarios, Conferencias o Congresos - ",58964,"   MINISTERIO PUBLICO - "
"nr008122014102","Osorno","SERGIO AREVALO WADDINGTON","NR008DERX","MINISTERIO PUBLICO","nr008","DIRECTOR REGIONAL EJECUTIVO REGION DE LOS LAGOS",2014-12-26,2014-12-26,"Otro - ",21064,"   MINISTERIO PUBLICO - "
"nr008132014102","Puerto Varas","MARCOS ALBERTO EMILFORK  KONOW","NR008FRX","MINISTERIO PUBLICO","nr008","FISCAL REGIONAL X REGION",2014-12-23,2014-12-23,"Otro - ",1659,"   MINISTERIO PUBLICO - "
"nr008142014102","Frutillar","MARCOS ALBERTO EMILFORK  KONOW","NR008FRX","MINISTERIO PUBLICO","nr008","FISCAL REGIONAL X REGION",2014-12-30,2014-12-30,"Entrevistas, reuniones o audiencias - ",5099,"   MINISTERIO PUBLICO - "
"nr008152014102","Puerto Varas","SERGIO AREVALO WADDINGTON","NR008DERX","MINISTERIO PUBLICO","nr008","DIRECTOR REGIONAL EJECUTIVO REGION DE LOS LAGOS",2014-12-23,2014-12-23,"Otro - ",1659,"   MINISTERIO PUBLICO - "
"nr008162014102","Frutillar","SERGIO AREVALO WADDINGTON","NR008DERX","MINISTERIO PUBLICO","nr008","DIRECTOR REGIONAL EJECUTIVO REGION DE LOS LAGOS",2014-12-30,2014-12-30,"Otro - ",5099,"   MINISTERIO PUBLICO - "
"nr00822014102","Maullín","MARCOS ALBERTO EMILFORK  KONOW","NR008FRX","MINISTERIO PUBLICO","nr008","FISCAL REGIONAL X REGION",2014-12-05,2014-12-05,"Entrevistas, reuniones o audiencias - ",16966,"   MINISTERIO PUBLICO - "
"nr00822014112","Puerto Montt","MARCELO JAVIER MARCOS  PEÑA","NR008DERXI","MINISTERIO PUBLICO","nr008","DIRECTOR EJECUTIVO REGIONAL XI REGION",2014-12-14,2014-12-17,"Entrevistas, reuniones o audiencias - ",320199,"   MINISTERIO PUBLICO - "
"nr00822014122","Porvenir, Tierra del Fuego","ALFREDO EDUARDO FONSECA  MIHOVILOVIC","NR008DERXII","MINISTERIO PUBLICO","nr008","DIRECTOR EJECUTIVO REGIONAL XII REGION",2014-12-10,2014-12-11,"Entrevistas, reuniones o audiencias - ",208388,"   MINISTERIO PUBLICO - "
"nr00822014142","Rancagua, VI Región","ANDRES MONTES  CRUZ","NR008FRMCN","MINISTERIO PUBLICO","nr008","FISCAL REGIONAL METROPOLITANO CENTRO NORTE",2014-12-02,2014-12-02,"Seminarios, Conferencias o Congresos - ",58279,"   MINISTERIO PUBLICO - "
"nr00822014182","Santiago","JAVIERA ANDREA LOPEZ  OSSANDON","NR008FRXV","MINISTERIO PUBLICO","nr008","FISCAL REGIONAL XV REGION",2014-12-09,2014-12-11,"Entrevistas, reuniones o audiencias - ",144728,"   MINISTERIO PUBLICO - "
"nr00822014192","Santiago de Chile","JUAN AGUSTIN MELENDEZ  DUPLAQUET","NR008FRXIV","MINISTERIO PUBLICO","nr008","FISCAL REGIONAL XIV REGION",2014-12-29,2014-12-30,"Relacionamiento institucional - ",450232,"   MINISTERIO PUBLICO - "
"nr0082201452","Fiscalía Nacional","PABLO ANDRES GOMEZ  NIADA","NR008FRV","MINISTERIO PUBLICO","nr008","FISCAL REGIONAL V REGION",2014-12-10,2014-12-11,"Entrevistas, reuniones o audiencias - ",107388,"   MINISTERIO PUBLICO - "
"nr0082201462","Santiago","EMILIANO ARIAS MADARIAGA","NR008FRVI","MINISTERIO PUBLICO","nr008","FISCAL REGIONAL VI REGION",2014-12-16,2014-12-16,"Entrevistas, reuniones o audiencias - ",30682,"   MINISTERIO PUBLICO - "
"nr0082201472","Fiscalía Nacional, Santiago","GUILLERMO MAURICIO RICHARDS  HORMAZABAL","NR008FRVII","MINISTERIO PUBLICO","nr008","FISCAL REGIONAL VII REGION",2014-12-09,2014-12-11,"Entrevistas, reuniones o audiencias - ",184696,"   MINISTERIO PUBLICO - "
"nr0082201492","Rancagua","CRISTIAN RODRIGO PAREDES  VALENZUELA","NR008FRIX","MINISTERIO PUBLICO","nr008","FISCAL REGIONAL IX REGION",2014-11-30,2014-12-03,"Entrevistas, reuniones o audiencias -  Seminarios, Conferencias o Congresos - ",333609,"   MINISTERIO PUBLICO - "
"nr00832014102","Quellón","MARCOS ALBERTO EMILFORK  KONOW","NR008FRX","MINISTERIO PUBLICO","nr008","FISCAL REGIONAL X REGION",2014-12-15,2014-12-15,"Entrevistas, reuniones o audiencias -  Relacionamiento institucional - ",30682,"   MINISTERIO PUBLICO - "
"nr00832014112","Santiago"," PEDRO ENRIQUE SALGADO  GONZALEZ","NR008FRXI","MINISTERIO PUBLICO","nr008","FISCAL REGIONAL XI REGION",2014-12-29,2014-12-31,"Entrevistas, reuniones o audiencias - ",474273,"   MINISTERIO PUBLICO - "
"nr00832014122","Santiago","EUGENIO ELIAS CAMPOS LUCERO","NR008FRXII","MINISTERIO PUBLICO","nr008","FISCAL REGIONAL XII REGION",2014-12-29,2014-12-30,"Relacionamiento institucional - ",107388,"   MINISTERIO PUBLICO - "
"nr00832014182","La Unión y Río Bueno","CARLOS NAVARRO SILVA","NR008DERXV","MINISTERIO PUBLICO","nr008","DIRECTOR EJECUTIVO REGIONAL XV REGION",2014-12-16,2014-12-16,"Entrevistas, reuniones o audiencias - ",49442,"   MINISTERIO PUBLICO - "
"nr0083201432","Santiago","HECTOR ALBERTO MELLA  FARIAS","NR008FRIII","MINISTERIO PUBLICO","nr008","FISCAL REGIONAL III REGION",2014-12-29,2014-12-30,"Relacionamiento institucional - ",307354,"   MINISTERIO PUBLICO - "
"nr0083201442","Región Metropolitana, Fiscalía Nacional.","ADRIAN MARCELO VEGA CORTES","NR008FRIV","MINISTERIO PUBLICO","nr008","FISCAL REGIONAL COQUIMBO",2014-12-09,2014-12-11,"Entrevistas, reuniones o audiencias - ",303176,"   MINISTERIO PUBLICO - "
"nr0083201452","Fiscalía Nacional","EDUARDO ANDRES FERNANDEZ  MORALES","NR008DERV","MINISTERIO PUBLICO","nr008","DIRECTOR EJECUTIVO REGIONAL V REGION",2014-12-16,2014-12-16,"Entrevistas, reuniones o audiencias - ",58301,"   MINISTERIO PUBLICO - "
"nr0083201462","Santiago","LORENA SANDAÑA JENO","NR008DERVI","MINISTERIO PUBLICO","nr008","DIRECTOR EJECUTIVO REGIONAL VI REGION",2014-12-16,2014-12-16,"Entrevistas, reuniones o audiencias - ",30682,"   MINISTERIO PUBLICO - "
"nr0083201472","FISCALIA LOCAL CURICO","GUILLERMO MAURICIO RICHARDS  HORMAZABAL","NR008FRVII","MINISTERIO PUBLICO","nr008","FISCAL REGIONAL VII REGION",2014-12-05,2014-12-05,"Seminarios, Conferencias o Congresos - ",29559,"   MINISTERIO PUBLICO - "
"nr0083201492","Pucón","CARLOS MAURICIO CARVAJAL  BUSTOS","NR008DERIX","MINISTERIO PUBLICO","nr008","DIRECTOR EJECUTIVO REGIONAL IX REGION",2014-12-10,2014-12-10,"Entrevistas, reuniones o audiencias - ",53552,"   MINISTERIO PUBLICO - "
"nr00832014992","Región de Los Lagos","JORGE JOSE WINSTON ABBOTT  CHARME","NR008FN","MINISTERIO PUBLICO","nr008","Fiscal Nacional",2014-12-14,2014-12-17,"Relacionamiento institucional -  Visitas Técnicas - ",638271,"   MINISTERIO PUBLICO - "
"nr00842014102","Hualaihué","MARCOS ALBERTO EMILFORK  KONOW","NR008FRX","MINISTERIO PUBLICO","nr008","FISCAL REGIONAL X REGION",2014-12-16,2014-12-16,"Otro - ",71345,"   MINISTERIO PUBLICO - "
"nr00842014182","Panguipulli y Mariquina","CARLOS NAVARRO SILVA","NR008DERXV","MINISTERIO PUBLICO","nr008","DIRECTOR EJECUTIVO REGIONAL XV REGION",2014-12-22,2014-12-22,"Entrevistas, reuniones o audiencias - ",54562,"   MINISTERIO PUBLICO - "
"nr00842014192","Localidad de Chucuyo (Putre)","JUAN AGUSTIN MELENDEZ  DUPLAQUET","NR008FRXIV","MINISTERIO PUBLICO","nr008","FISCAL REGIONAL XIV REGION",2014-12-30,2014-12-30,"Otro - ",32352,"   MINISTERIO PUBLICO - "
"nr0084201442","Ovalle. ","ADIO MARCELLO GONZALEZ  CORTES","NR008DERIV","MINISTERIO PUBLICO","nr008","DIRECTOR EJECUTIVO REGIONAL IV REGION",2014-12-09,2014-12-09,"Otro - ",42284,"   MINISTERIO PUBLICO - "
"nr0084201452","Fiscalía Local de Los Andes","EDUARDO ANDRES FERNANDEZ  MORALES","NR008DERV","MINISTERIO PUBLICO","nr008","DIRECTOR EJECUTIVO REGIONAL V REGION",2014-12-02,2014-12-02,"Entrevistas, reuniones o audiencias - ",61132,"   MINISTERIO PUBLICO - "
"nr0084201462","Pichilemu","EMILIANO ARIAS MADARIAGA","NR008FRVI","MINISTERIO PUBLICO","nr008","FISCAL REGIONAL VI REGION",2014-12-22,2014-12-23,"Celebraciones, conmemoraciones e inauguraciones - ",135597,"   MINISTERIO PUBLICO - "
"nr0084201472","FISCALIA NACIONAL, SANTIAGO","GUILLERMO MAURICIO RICHARDS  HORMAZABAL","NR008FRVII","MINISTERIO PUBLICO","nr008","FISCAL REGIONAL VII REGION",2014-12-19,2014-12-19,"Entrevistas, reuniones o audiencias - ",83528,"   MINISTERIO PUBLICO - "
"nr0084201492","Collipilli- Angol","CARLOS MAURICIO CARVAJAL  BUSTOS","NR008DERIX","MINISTERIO PUBLICO","nr008","DIRECTOR EJECUTIVO REGIONAL IX REGION",2014-12-12,2014-12-12,"Entrevistas, reuniones o audiencias - ",58993,"   MINISTERIO PUBLICO - "
"nr00842014992","Pichilemu, Región del Libertador General Bernardo O'Higgins.","JORGE JOSE WINSTON ABBOTT  CHARME","NR008FN","MINISTERIO PUBLICO","nr008","Fiscal Nacional",2014-12-22,2014-12-23,"Celebraciones, conmemoraciones e inauguraciones - ",189745,"   MINISTERIO PUBLICO - "
"nr00852014102","Los Muermos y Puerto Varas","MARCOS ALBERTO EMILFORK  KONOW","NR008FRX","MINISTERIO PUBLICO","nr008","FISCAL REGIONAL X REGION",2014-12-17,2014-12-17,"Entrevistas, reuniones o audiencias - ",10114,"   MINISTERIO PUBLICO - "
"nr0085201452","Fiscalía Local de La Ligua","EDUARDO ANDRES FERNANDEZ  MORALES","NR008DERV","MINISTERIO PUBLICO","nr008","DIRECTOR EJECUTIVO REGIONAL V REGION",2014-12-04,2014-12-04,"Entrevistas, reuniones o audiencias - ",30682,"   MINISTERIO PUBLICO - "
"nr0085201462","Pichilemu","LORENA SANDAÑA JENO","NR008DERVI","MINISTERIO PUBLICO","nr008","DIRECTOR EJECUTIVO REGIONAL VI REGION",2014-12-22,2014-12-23,"Celebraciones, conmemoraciones e inauguraciones - ",135597,"   MINISTERIO PUBLICO - "
"nr0085201472","CAUQUENES","GUILLERMO MAURICIO RICHARDS  HORMAZABAL","NR008FRVII","MINISTERIO PUBLICO","nr008","FISCAL REGIONAL VII REGION",2014-12-23,2014-12-23,"Entrevistas, reuniones o audiencias - ",47438,"   MINISTERIO PUBLICO - "
"nr0085201492","Santiago","CARLOS MAURICIO CARVAJAL  BUSTOS","NR008DERIX","MINISTERIO PUBLICO","nr008","DIRECTOR EJECUTIVO REGIONAL IX REGION",2014-12-05,2014-12-09,"Entrevistas, reuniones o audiencias - ",330474,"   MINISTERIO PUBLICO - "
"nr00862014102","Chaitén","SERGIO AREVALO WADDINGTON","NR008DERX","MINISTERIO PUBLICO","nr008","DIRECTOR REGIONAL EJECUTIVO REGION DE LOS LAGOS",2014-12-05,2014-12-05,"Entrevistas, reuniones o audiencias -  Otro - ",134946,"   MINISTERIO PUBLICO - "
"nr0086201442","Rancagua.","ADRIAN MARCELO VEGA CORTES","NR008FRIV","MINISTERIO PUBLICO","nr008","FISCAL REGIONAL COQUIMBO",2014-12-01,2014-12-03,"Seminarios, Conferencias o Congresos - ",325670,"   MINISTERIO PUBLICO - "
"nr0086201452","Fiscalía Local de La Ligua","EDUARDO ANDRES FERNANDEZ  MORALES","NR008DERV","MINISTERIO PUBLICO","nr008","DIRECTOR EJECUTIVO REGIONAL V REGION",2014-12-11,2014-12-11,"Entrevistas, reuniones o audiencias - ",52946,"   MINISTERIO PUBLICO - "
"nr0086201472","FISCALIA DE CURICO Y UNIVERSIDAD DE TALCA, SEDE CURICO","GUILLERMO MAURICIO RICHARDS  HORMAZABAL","NR008FRVII","MINISTERIO PUBLICO","nr008","FISCAL REGIONAL VII REGION",2014-12-12,2014-12-12,"Seminarios, Conferencias o Congresos - ",15588,"   MINISTERIO PUBLICO - "
"nr0086201492","Santiago","CARLOS MAURICIO CARVAJAL  BUSTOS","NR008DERIX","MINISTERIO PUBLICO","nr008","DIRECTOR EJECUTIVO REGIONAL IX REGION",2014-11-26,2014-12-03,"Entrevistas, reuniones o audiencias -  Seminarios, Conferencias o Congresos - ",495244,"   MINISTERIO PUBLICO - "
"nr00862014992","Pichilemu, Región del Libertador General Bernardo O'Higgins.","MARIA FRANCISCA WERTH WAINER","NR008DEN","MINISTERIO PUBLICO","nr008","Directora Ejecutiva Nacional",2014-12-22,2014-12-23,"Celebraciones, conmemoraciones e inauguraciones - ",203550,"   MINISTERIO PUBLICO - "
"nr00872014102","Osorno","SERGIO AREVALO WADDINGTON","NR008DERX","MINISTERIO PUBLICO","nr008","DIRECTOR REGIONAL EJECUTIVO REGION DE LOS LAGOS",2014-12-04,2014-12-04,"Entrevistas, reuniones o audiencias - ",46896,"   MINISTERIO PUBLICO - "
"nr0087201442","Rancagua","ADIO MARCELLO GONZALEZ  CORTES","NR008DERIV","MINISTERIO PUBLICO","nr008","DIRECTOR EJECUTIVO REGIONAL IV REGION",2014-12-01,2014-12-03,"Seminarios, Conferencias o Congresos - ",184094,"   MINISTERIO PUBLICO - "
"nr0087201472","FISCALIA LOCAL CURICO","GUILLERMO MAURICIO RICHARDS  HORMAZABAL","NR008FRVII","MINISTERIO PUBLICO","nr008","FISCAL REGIONAL VII REGION",2014-12-24,2014-12-24,"Visitas Técnicas - ",15319,"   MINISTERIO PUBLICO - "
"nr00882014102","Quellón","SERGIO AREVALO WADDINGTON","NR008DERX","MINISTERIO PUBLICO","nr008","DIRECTOR REGIONAL EJECUTIVO REGION DE LOS LAGOS",2014-12-14,2014-12-15,"Entrevistas, reuniones o audiencias - ",175452,"   MINISTERIO PUBLICO - "
"nr0088201472","SANTIAGO","GUILLERMO MAURICIO RICHARDS  HORMAZABAL","NR008FRVII","MINISTERIO PUBLICO","nr008","FISCAL REGIONAL VII REGION",2014-12-30,2014-12-30,"Entrevistas, reuniones o audiencias -  Relacionamiento institucional - ",82449,"   MINISTERIO PUBLICO - "
"nr00892014102","Huailaihué","SERGIO AREVALO WADDINGTON","NR008DERX","MINISTERIO PUBLICO","nr008","DIRECTOR REGIONAL EJECUTIVO REGION DE LOS LAGOS",2014-12-16,2014-12-16,"Entrevistas, reuniones o audiencias -  Otro - ",57009,"   MINISTERIO PUBLICO - "
"mu0112023742","Cañete","Juana Uberlinda Barroeta Larrondo","MU01113231","MUNICIPALIDAD DE ARAUCO","mu011","Concejal(a)",2014-12-04,2014-12-04,"Arauco7 - ",28945,"   Municipalidad de Arauco - "
"ac001489502","Barcelona","Francisco Marambio Vial","AC001730","SUBSECRETARÍA DE RELACIONES EXTERIORES","ac001","Embajador de Chile en España",2014-12-09,2014-12-11,"Inauguración  las nuevas dependencias del Consulado General en Barcelona - ",739023,"   Ministerio Relaciones Exteriores de Chile - "
"ac001581212","Guayaquil","Gabriel Ascencio Mansilla","AC001685","SUBSECRETARÍA DE RELACIONES EXTERIORES","ac001","Embajador de Chile en Ecuador",2014-12-01,2014-12-02,"Viaje a Guayaquil Embajador y Agrupaciones de Chiloé + Periodistas+ Francisco Vidaurre, Actividad Cultural. Presentaciones de Agrupaciones de Chiloé. - ",0,"   S/I - "
"ac001581222","Guayaquil","Gabriel Ascencio Mansilla","AC001685","SUBSECRETARÍA DE RELACIONES EXTERIORES","ac001","Embajador de Chile en Ecuador",2014-12-03,2014-12-04,"Viaje a Guayaquil (por reunión de Jefes Estado UNASUR) - ",491,"   Ministerio de Relaciones Exteriores - "
"aq001194292","Antofagasta","Víctor Hugo Osorio Reyes","AQ001683","SUBSECRETARÍA DE BIENES NACIONALES","aq001","Sr. Ministro",2014-12-22,2014-12-23,"Asistir a reuniones, la que tiene relación con plan integral de regularización del barrio industrial de Puerto Seco - ",540228,"   Ministerio de Bienes Nacionales - "
"au0021842","VALPARAISO","Jimena Alejandra Jara Quilodrán","AU002423","SUBSECRETARIA DE ENERGÍA","au002","Subsecretario(a)",2014-12-18,2014-12-18,"CONVOCATORIA CONGRESO LEY DE LICITACIONES - ",40827," JIMENA JARA QUILODRAN   - "
"aw002682","LIMA","Pablo Esteban Badenier Martínez","AW002400","SUBSECRETARÍA DEL MEDIO AMBIENTE","aw002","Ministro(a)",2014-12-08,2014-12-11,"Participación en Conferencia sobre EL Cambio Climático, COP 20 - ",3906000," Subsecretaría del Medio Ambiente   - "
"ao0253337512","error","Juan Ramón Alvarado Maldonado","AO02530939","SERVICIO DE SALUD MAULE","ao025","Jefe de Inversiones",2014-11-28,2014-11-28,"error - ",0,"   S/I - "
