"uriAudiencia","CodigoURI","uriOrganismo","organismo","fechaEvento","fechaRegistro","fechaActualizacion","uriComuna","comuna","tipo","minutos","duracionMinutos","uriFecha","uriInicio","anio","trimestre"
"http://datos.infolobby.cl/infolobby/registroaudiencia/ab001591","ab001591","http://datos.infolobby.cl/infolobby/institucion/ab001","SUBSECRETARÍA DEL INTERIOR","2014-12-19T18:30:00","2015-02-03T00:27:59.267","2015-10-02T19:23:46.09","http://datos.infolobby.cl/infolobby/comuna/1","Sin Información","Presencial","nodeID://b1726615175",60,"nodeID://b1726615174","nodeID://b1743293371",2014,4
"http://datos.infolobby.cl/infolobby/registroaudiencia/ab002731","ab002731","http://datos.infolobby.cl/infolobby/institucion/ab002","SUBSECRETARÍA DE DESARROLLO REGIONAL Y ADMINISTRATIVO (SUBDERE)","2014-12-18T03:00:00","2015-02-03T00:28:00.483","2015-10-02T19:23:47.727","http://datos.infolobby.cl/infolobby/comuna/1","Sin Información","Presencial","nodeID://b1726615203",60,"nodeID://b1726615202","nodeID://b1743293385",2014,4
"http://datos.infolobby.cl/infolobby/registroaudiencia/ad006721","ad006721","http://datos.infolobby.cl/infolobby/institucion/ad006","EJÉRCITO DE CHILE","2014-12-02T11:00:00","2015-02-03T00:28:00.42","2015-10-02T19:23:47.65","http://datos.infolobby.cl/infolobby/comuna/1","Sin Información","Presencial","nodeID://b1726615201",30,"nodeID://b1726615200","nodeID://b1743293384",2014,4
"http://datos.infolobby.cl/infolobby/registroaudiencia/ad006741","ad006741","http://datos.infolobby.cl/infolobby/institucion/ad006","EJÉRCITO DE CHILE","2014-12-31T13:00:00","2015-10-02T19:23:47.807","2015-10-02T19:23:47.807","http://datos.infolobby.cl/infolobby/comuna/1","Sin Información","Presencial","nodeID://b1726615205",30,"nodeID://b1726615204","nodeID://b1743293386",2014,4
"http://datos.infolobby.cl/infolobby/registroaudiencia/ad006751","ad006751","http://datos.infolobby.cl/infolobby/institucion/ad006","EJÉRCITO DE CHILE","2014-12-31T14:00:00","2015-10-02T19:23:47.867","2015-10-02T19:23:47.867","http://datos.infolobby.cl/infolobby/comuna/1","Sin Información","Presencial","nodeID://b1726615207",30,"nodeID://b1726615206","nodeID://b1743293387",2014,4
"http://datos.infolobby.cl/infolobby/registroaudiencia/ad006691","ad006691","http://datos.infolobby.cl/infolobby/institucion/ad006","EJÉRCITO DE CHILE","2014-12-30T19:00:00","2015-02-03T00:28:00.217","2015-10-02T19:23:47.4","http://datos.infolobby.cl/infolobby/comuna/1","Sin Información","Presencial","nodeID://b1726615195",30,"nodeID://b1726615194","nodeID://b1743293381",2014,4
"http://datos.infolobby.cl/infolobby/registroaudiencia/ad008201","ad008201","http://datos.infolobby.cl/infolobby/institucion/ad008","FUERZA AÉREA DE CHILE","2014-12-15T19:00:00","2015-02-03T00:27:56.24","2015-10-02T19:23:42.517","http://datos.infolobby.cl/infolobby/comuna/1","Sin Información","Presencial","nodeID://b1726615127",30,"nodeID://b1726615126","nodeID://b1743293347",2014,4
"http://datos.infolobby.cl/infolobby/registroaudiencia/ad0081121","ad0081121","http://datos.infolobby.cl/infolobby/institucion/ad008","FUERZA AÉREA DE CHILE","2014-12-26T18:00:00","2015-02-03T00:28:03.51","2015-10-02T19:23:52.127","http://datos.infolobby.cl/infolobby/comuna/1","Sin Información","Presencial","nodeID://b1726615279",60,"nodeID://b1726615278","nodeID://b1743293423",2014,4
"http://datos.infolobby.cl/infolobby/registroaudiencia/ad008701","ad008701","http://datos.infolobby.cl/infolobby/institucion/ad008","FUERZA AÉREA DE CHILE","2014-12-26T17:30:00","2015-02-03T00:28:00.28","2015-10-02T19:23:47.493","http://datos.infolobby.cl/infolobby/comuna/1","Sin Información","Presencial","nodeID://b1726615197",30,"nodeID://b1726615196","nodeID://b1743293382",2014,4
"http://datos.infolobby.cl/infolobby/registroaudiencia/ad008151","ad008151","http://datos.infolobby.cl/infolobby/institucion/ad008","FUERZA AÉREA DE CHILE","2014-12-11T16:00:00","2015-02-03T00:27:55.477","2018-08-30T18:39:16.087","http://datos.infolobby.cl/infolobby/comuna/13102","Cerrillos","Presencial","nodeID://b1726945675",30,"nodeID://b1726945674","nodeID://b1743458621",2014,4
"http://datos.infolobby.cl/infolobby/registroaudiencia/ad009021","ad009021","http://datos.infolobby.cl/infolobby/institucion/ad009","CARABINEROS DE CHILE","2014-12-29T00:00:00","2015-01-19T15:52:09.44","2015-09-04T15:39:00.867","http://datos.infolobby.cl/infolobby/comuna/13101","Santiago","Presencial","nodeID://b1726614579",30,"nodeID://b1726614578","nodeID://b1743293073",2014,4
"http://datos.infolobby.cl/infolobby/registroaudiencia/ad009131","ad009131","http://datos.infolobby.cl/infolobby/institucion/ad009","CARABINEROS DE CHILE","2014-12-16T11:15:00","2015-01-19T15:40:16.28","2015-09-04T15:30:31.01","http://datos.infolobby.cl/infolobby/comuna/13101","Santiago","Presencial","nodeID://b1726614577",30,"nodeID://b1726614576","nodeID://b1743293072",2014,4
"http://datos.infolobby.cl/infolobby/registroaudiencia/ae001441","ae001441","http://datos.infolobby.cl/infolobby/institucion/ae001","SUBSECRETARÍA DE HACIENDA","2014-12-23T18:30:00","2015-02-03T00:27:57.41","2015-10-02T19:23:43.797","http://datos.infolobby.cl/infolobby/comuna/1","Sin Información","Presencial","nodeID://b1726615149",90,"nodeID://b1726615148","nodeID://b1743293358",2014,4
"http://datos.infolobby.cl/infolobby/registroaudiencia/ae001451","ae001451","http://datos.infolobby.cl/infolobby/institucion/ae001","SUBSECRETARÍA DE HACIENDA","2014-12-24T03:00:00","2015-02-03T00:27:57.677","2015-10-02T19:23:44.25","http://datos.infolobby.cl/infolobby/comuna/1","Sin Información","Presencial","nodeID://b1726615151",90,"nodeID://b1726615150","nodeID://b1743293359",2014,4
"http://datos.infolobby.cl/infolobby/registroaudiencia/af00111","af00111","http://datos.infolobby.cl/infolobby/institucion/af001","SUBSECRETARÍA GENERAL DE LA PRESIDENCIA","2014-12-03T14:00:00","2015-02-03T00:27:54.273","2015-10-02T19:23:40.443","http://datos.infolobby.cl/infolobby/comuna/1","Sin Información","Presencial","nodeID://b1726615095",60,"nodeID://b1726615094","nodeID://b1743293331",2014,4
"http://datos.infolobby.cl/infolobby/registroaudiencia/af001481","af001481","http://datos.infolobby.cl/infolobby/institucion/af001","SUBSECRETARÍA GENERAL DE LA PRESIDENCIA","2014-12-19T00:00:00","2015-02-03T00:27:58.207","2015-10-02T19:23:44.747","http://datos.infolobby.cl/infolobby/comuna/1","Sin Información","Presencial","nodeID://b1726615157",30,"nodeID://b1726615156","nodeID://b1743293362",2014,4
"http://datos.infolobby.cl/infolobby/registroaudiencia/af001491","af001491","http://datos.infolobby.cl/infolobby/institucion/af001","SUBSECRETARÍA GENERAL DE LA PRESIDENCIA","2014-12-02T19:00:00","2015-02-03T00:27:58.267","2015-10-02T19:23:44.827","http://datos.infolobby.cl/infolobby/comuna/1","Sin Información","Presencial","nodeID://b1726615159",60,"nodeID://b1726615158","nodeID://b1743293363",2014,4
"http://datos.infolobby.cl/infolobby/registroaudiencia/af001121","af001121","http://datos.infolobby.cl/infolobby/institucion/af001","SUBSECRETARÍA GENERAL DE LA PRESIDENCIA","2014-12-02T12:00:00","2015-02-03T00:27:55.227","2015-10-02T19:23:41.567","http://datos.infolobby.cl/infolobby/comuna/1","Sin Información","Presencial","nodeID://b1726615113",30,"nodeID://b1726615112","nodeID://b1743293340",2014,4
"http://datos.infolobby.cl/infolobby/registroaudiencia/ah001381","ah001381","http://datos.infolobby.cl/infolobby/institucion/ah001","SUBSECRETARÍA DE ECONOMÍA","2014-12-22T15:00:00","2015-02-03T00:27:57.05","2015-10-02T19:23:43.437","http://datos.infolobby.cl/infolobby/comuna/1","Sin Información","Presencial","nodeID://b1726615143",45,"nodeID://b1726615142","nodeID://b1743293355",2014,4
"http://datos.infolobby.cl/infolobby/registroaudiencia/ah001711","ah001711","http://datos.infolobby.cl/infolobby/institucion/ah001","SUBSECRETARÍA DE ECONOMÍA","2014-12-26T19:00:00","2015-02-03T00:28:00.313","2015-10-02T19:23:47.557","http://datos.infolobby.cl/infolobby/comuna/1","Sin Información","Presencial","nodeID://b1726615199",60,"nodeID://b1726615198","nodeID://b1743293383",2014,4
"http://datos.infolobby.cl/infolobby/registroaudiencia/ah001371","ah001371","http://datos.infolobby.cl/infolobby/institucion/ah001","SUBSECRETARÍA DE ECONOMÍA","2014-12-22T21:00:00","2015-02-03T00:27:56.973","2015-10-02T19:23:43.33","http://datos.infolobby.cl/infolobby/comuna/1","Sin Información","Presencial","nodeID://b1726615141",90,"nodeID://b1726615140","nodeID://b1743293354",2014,4
"http://datos.infolobby.cl/infolobby/registroaudiencia/ah00191","ah00191","http://datos.infolobby.cl/infolobby/institucion/ah001","SUBSECRETARÍA DE ECONOMÍA","2014-12-10T13:15:00","2015-02-03T00:27:54.96","2015-10-02T19:23:41.283","http://datos.infolobby.cl/infolobby/comuna/1","Sin Información","Presencial","nodeID://b1726615109",45,"nodeID://b1726615108","nodeID://b1743293338",2014,4
"http://datos.infolobby.cl/infolobby/registroaudiencia/ah002551","ah002551","http://datos.infolobby.cl/infolobby/institucion/ah002","SUBSECRETARÍA DE PESCA","2014-12-11T12:30:00","2015-02-03T00:27:58.847","2015-10-02T19:23:45.527","http://datos.infolobby.cl/infolobby/comuna/1","Sin Información","Presencial","nodeID://b1726615167",60,"nodeID://b1726615166","nodeID://b1743293367",2014,4
"http://datos.infolobby.cl/infolobby/registroaudiencia/aj001651","aj001651","http://datos.infolobby.cl/infolobby/institucion/aj001","SUBSECRETARÍA DE EDUCACIÓN","2014-12-23T14:30:00","2015-02-03T00:27:59.813","2015-10-02T19:23:46.917","http://datos.infolobby.cl/infolobby/comuna/1","Sin Información","Presencial","nodeID://b1726615187",60,"nodeID://b1726615186","nodeID://b1743293377",2014,4
"http://datos.infolobby.cl/infolobby/registroaudiencia/ak001601","ak001601","http://datos.infolobby.cl/infolobby/institucion/ak001","SUBSECRETARÍA DE JUSTICIA","2014-12-12T19:45:00","2015-02-03T00:27:59.39","2015-10-02T19:23:46.307","http://datos.infolobby.cl/infolobby/comuna/1","Sin Información","Presencial","nodeID://b1726615177",45,"nodeID://b1726615176","nodeID://b1743293372",2014,4
"http://datos.infolobby.cl/infolobby/registroaudiencia/ak001611","ak001611","http://datos.infolobby.cl/infolobby/institucion/ak001","SUBSECRETARÍA DE JUSTICIA","2014-12-11T19:30:00","2015-02-03T00:27:59.517","2015-10-02T19:23:46.433","http://datos.infolobby.cl/infolobby/comuna/1","Sin Información","Presencial","nodeID://b1726615179",30,"nodeID://b1726615178","nodeID://b1743293373",2014,4
"http://datos.infolobby.cl/infolobby/registroaudiencia/ak001621","ak001621","http://datos.infolobby.cl/infolobby/institucion/ak001","SUBSECRETARÍA DE JUSTICIA","2014-12-04T18:15:00","2015-02-03T00:27:59.58","2015-10-02T19:23:46.527","http://datos.infolobby.cl/infolobby/comuna/1","Sin Información","Presencial","nodeID://b1726615181",45,"nodeID://b1726615180","nodeID://b1743293374",2014,4
"http://datos.infolobby.cl/infolobby/registroaudiencia/ak001692601","ak001692601","http://datos.infolobby.cl/infolobby/institucion/ak001","SUBSECRETARÍA DE JUSTICIA","2014-12-12T19:30:00","2016-06-03T12:51:18.753","2016-06-03T12:51:18.753","http://datos.infolobby.cl/infolobby/comuna/13101","Santiago","Presencial","nodeID://b1726743767",60,"nodeID://b1726743766","nodeID://b1743357667",2014,4
"http://datos.infolobby.cl/infolobby/registroaudiencia/al0011141","al0011141","http://datos.infolobby.cl/infolobby/institucion/al001","SUBSECRETARÍA DEL TRABAJO","2014-12-19T19:00:00","2015-02-03T00:28:03.773","2015-10-02T19:23:52.407","http://datos.infolobby.cl/infolobby/comuna/1","Sin Información","Presencial","nodeID://b1726615283",60,"nodeID://b1726615282","nodeID://b1743293425",2014,4
"http://datos.infolobby.cl/infolobby/registroaudiencia/al001361","al001361","http://datos.infolobby.cl/infolobby/institucion/al001","SUBSECRETARÍA DEL TRABAJO","2014-12-19T15:30:00","2015-02-03T00:27:56.817","2015-10-02T19:23:43.203","http://datos.infolobby.cl/infolobby/comuna/1","Sin Información","Presencial","nodeID://b1726615139",60,"nodeID://b1726615138","nodeID://b1743293353",2014,4
"http://datos.infolobby.cl/infolobby/registroaudiencia/al001171","al001171","http://datos.infolobby.cl/infolobby/institucion/al001","SUBSECRETARÍA DEL TRABAJO","2014-12-05T13:00:00","2015-02-03T00:27:55.583","2015-10-02T19:23:42.08","http://datos.infolobby.cl/infolobby/comuna/1","Sin Información","Presencial","nodeID://b1726615121",60,"nodeID://b1726615120","nodeID://b1743293344",2014,4
"http://datos.infolobby.cl/infolobby/registroaudiencia/al001181","al001181","http://datos.infolobby.cl/infolobby/institucion/al001","SUBSECRETARÍA DEL TRABAJO","2014-12-05T15:00:00","2015-02-03T00:27:55.82","2015-10-02T19:23:42.237","http://datos.infolobby.cl/infolobby/comuna/1","Sin Información","Presencial","nodeID://b1726615123",60,"nodeID://b1726615122","nodeID://b1743293345",2014,4
"http://datos.infolobby.cl/infolobby/registroaudiencia/al001401","al001401","http://datos.infolobby.cl/infolobby/institucion/al001","SUBSECRETARÍA DEL TRABAJO","2014-12-22T19:00:00","2015-02-03T00:27:57.287","2015-10-02T19:23:43.67","http://datos.infolobby.cl/infolobby/comuna/1","Sin Información","Presencial","nodeID://b1726615147",60,"nodeID://b1726615146","nodeID://b1743293357",2014,4
"http://datos.infolobby.cl/infolobby/registroaudiencia/al001461","al001461","http://datos.infolobby.cl/infolobby/institucion/al001","SUBSECRETARÍA DEL TRABAJO","2014-12-23T20:30:00","2015-02-03T00:27:57.83","2015-10-02T19:23:44.39","http://datos.infolobby.cl/infolobby/comuna/1","Sin Información","Presencial","nodeID://b1726615153",60,"nodeID://b1726615152","nodeID://b1743293360",2014,4
"http://datos.infolobby.cl/infolobby/registroaudiencia/al001471","al001471","http://datos.infolobby.cl/infolobby/institucion/al001","SUBSECRETARÍA DEL TRABAJO","2014-12-22T19:00:00","2015-02-03T00:27:57.957","2015-10-02T19:23:44.53","http://datos.infolobby.cl/infolobby/comuna/1","Sin Información","Presencial","nodeID://b1726615155",60,"nodeID://b1726615154","nodeID://b1743293361",2014,4
"http://datos.infolobby.cl/infolobby/registroaudiencia/al00151","al00151","http://datos.infolobby.cl/infolobby/institucion/al001","SUBSECRETARÍA DEL TRABAJO","2014-12-05T18:00:00","2015-02-03T00:27:54.633","2015-10-02T19:23:40.847","http://datos.infolobby.cl/infolobby/comuna/1","Sin Información","Presencial","nodeID://b1726615103",60,"nodeID://b1726615102","nodeID://b1743293335",2014,4
"http://datos.infolobby.cl/infolobby/registroaudiencia/al002111","al002111","http://datos.infolobby.cl/infolobby/institucion/al002","SUBSECRETARÍA DE PREVISIÓN SOCIAL","2014-12-11T14:00:00","2015-02-03T00:27:55.053","2015-10-02T19:23:41.393","http://datos.infolobby.cl/infolobby/comuna/1","Sin Información","Presencial","nodeID://b1726615111",60,"nodeID://b1726615110","nodeID://b1743293339",2014,4
"http://datos.infolobby.cl/infolobby/registroaudiencia/al002191","al002191","http://datos.infolobby.cl/infolobby/institucion/al002","SUBSECRETARÍA DE PREVISIÓN SOCIAL","2014-12-15T13:00:00","2015-02-03T00:27:55.973","2015-10-02T19:23:42.393","http://datos.infolobby.cl/infolobby/comuna/1","Sin Información","Presencial","nodeID://b1726615125",30,"nodeID://b1726615124","nodeID://b1743293346",2014,4
"http://datos.infolobby.cl/infolobby/registroaudiencia/al002221","al002221","http://datos.infolobby.cl/infolobby/institucion/al002","SUBSECRETARÍA DE PREVISIÓN SOCIAL","2014-12-18T12:00:00","2015-02-03T00:27:56.397","2015-10-02T19:23:42.703","http://datos.infolobby.cl/infolobby/comuna/1","Sin Información","Presencial","nodeID://b1726615131",90,"nodeID://b1726615130","nodeID://b1743293349",2014,4
"http://datos.infolobby.cl/infolobby/registroaudiencia/am001791","am001791","http://datos.infolobby.cl/infolobby/institucion/am001","SUBSECRETARÍA DE OBRAS PÚBLICAS","2014-12-11T15:45:00","2015-02-03T00:28:00.763","2015-10-02T19:23:48.43","http://datos.infolobby.cl/infolobby/comuna/1","Sin Información","Presencial","nodeID://b1726615215",45,"nodeID://b1726615214","nodeID://b1743293391",2014,4
"http://datos.infolobby.cl/infolobby/registroaudiencia/am00121","am00121","http://datos.infolobby.cl/infolobby/institucion/am001","SUBSECRETARÍA DE OBRAS PÚBLICAS","2014-12-02T22:30:00","2015-02-03T00:27:54.4","2015-10-02T19:23:40.55","http://datos.infolobby.cl/infolobby/comuna/1","Sin Información","Presencial","nodeID://b1726615097",30,"nodeID://b1726615096","nodeID://b1743293332",2014,4
"http://datos.infolobby.cl/infolobby/registroaudiencia/am001761","am001761","http://datos.infolobby.cl/infolobby/institucion/am001","SUBSECRETARÍA DE OBRAS PÚBLICAS","2014-12-17T20:30:00","2015-02-03T00:28:00.53","2015-10-02T19:23:47.947","http://datos.infolobby.cl/infolobby/comuna/1","Sin Información","Presencial","nodeID://b1726615209",45,"nodeID://b1726615208","nodeID://b1743293388",2014,4
"http://datos.infolobby.cl/infolobby/registroaudiencia/am001771","am001771","http://datos.infolobby.cl/infolobby/institucion/am001","SUBSECRETARÍA DE OBRAS PÚBLICAS","2014-12-17T20:30:00","2015-10-02T19:23:48.117","2015-10-02T19:23:48.117","http://datos.infolobby.cl/infolobby/comuna/1","Sin Información","Presencial","nodeID://b1726615211",30,"nodeID://b1726615210","nodeID://b1743293389",2014,4
"http://datos.infolobby.cl/infolobby/registroaudiencia/am001781","am001781","http://datos.infolobby.cl/infolobby/institucion/am001","SUBSECRETARÍA DE OBRAS PÚBLICAS","2014-12-09T22:00:00","2015-02-03T00:28:00.653","2015-10-02T19:23:48.29","http://datos.infolobby.cl/infolobby/comuna/1","Sin Información","Presencial","nodeID://b1726615213",30,"nodeID://b1726615212","nodeID://b1743293390",2014,4
"http://datos.infolobby.cl/infolobby/registroaudiencia/am001811","am001811","http://datos.infolobby.cl/infolobby/institucion/am001","SUBSECRETARÍA DE OBRAS PÚBLICAS","2014-12-05T15:00:00","2015-02-03T00:28:00.89","2015-10-02T19:23:48.617","http://datos.infolobby.cl/infolobby/comuna/1","Sin Información","Presencial","nodeID://b1726615219",90,"nodeID://b1726615218","nodeID://b1743293393",2014,4
"http://datos.infolobby.cl/infolobby/registroaudiencia/am001681","am001681","http://datos.infolobby.cl/infolobby/institucion/am001","SUBSECRETARÍA DE OBRAS PÚBLICAS","2014-12-22T13:30:00","2015-02-03T00:28:00.157","2015-10-02T19:23:47.337","http://datos.infolobby.cl/infolobby/comuna/1","Sin Información","Presencial","nodeID://b1726615193",60,"nodeID://b1726615192","nodeID://b1743293380",2014,4
"http://datos.infolobby.cl/infolobby/registroaudiencia/am001801","am001801","http://datos.infolobby.cl/infolobby/institucion/am001","SUBSECRETARÍA DE OBRAS PÚBLICAS","2014-12-28T19:00:00","2015-02-03T00:28:00.843","2015-10-02T19:23:48.553","http://datos.infolobby.cl/infolobby/comuna/1","Sin Información","Presencial","nodeID://b1726615217",60,"nodeID://b1726615216","nodeID://b1743293392",2014,4
"http://datos.infolobby.cl/infolobby/registroaudiencia/am001211821","am001211821","http://datos.infolobby.cl/infolobby/institucion/am001","SUBSECRETARÍA DE OBRAS PÚBLICAS","2014-12-29T20:00:00","2016-02-26T19:15:39.033","2016-02-26T19:15:39.033","http://datos.infolobby.cl/infolobby/comuna/13101","Santiago","Presencial","nodeID://b1726681583",45,"nodeID://b1726681582","nodeID://b1743326575",2014,4
"http://datos.infolobby.cl/infolobby/registroaudiencia/an0011151","an0011151","http://datos.infolobby.cl/infolobby/institucion/an001","SUBSECRETARIA DE TRANSPORTES","2014-12-16T19:00:00","2015-02-03T00:28:03.837","2015-10-02T19:23:52.517","http://datos.infolobby.cl/infolobby/comuna/1","Sin Información","Presencial","nodeID://b1726615285",30,"nodeID://b1726615284","nodeID://b1743293426",2014,4
"http://datos.infolobby.cl/infolobby/registroaudiencia/an0011161","an0011161","http://datos.infolobby.cl/infolobby/institucion/an001","SUBSECRETARIA DE TRANSPORTES","2014-12-03T12:00:00","2015-02-03T00:28:03.9","2015-10-02T19:23:52.593","http://datos.infolobby.cl/infolobby/comuna/1","Sin Información","Presencial","nodeID://b1726615287",30,"nodeID://b1726615286","nodeID://b1743293427",2014,4
"http://datos.infolobby.cl/infolobby/registroaudiencia/an0011171","an0011171","http://datos.infolobby.cl/infolobby/institucion/an001","SUBSECRETARIA DE TRANSPORTES","2014-12-16T20:00:00","2015-02-03T00:28:04.04","2015-10-02T19:23:52.737","http://datos.infolobby.cl/infolobby/comuna/1","Sin Información","Presencial","nodeID://b1726615289",30,"nodeID://b1726615288","nodeID://b1743293428",2014,4
"http://datos.infolobby.cl/infolobby/registroaudiencia/an0011181","an0011181","http://datos.infolobby.cl/infolobby/institucion/an001","SUBSECRETARIA DE TRANSPORTES","2014-12-22T07:00:00","2015-02-03T00:28:04.103","2015-10-02T19:23:52.813","http://datos.infolobby.cl/infolobby/comuna/1","Sin Información","Presencial","nodeID://b1726615291",30,"nodeID://b1726615290","nodeID://b1743293429",2014,4
"http://datos.infolobby.cl/infolobby/registroaudiencia/an001631","an001631","http://datos.infolobby.cl/infolobby/institucion/an001","SUBSECRETARIA DE TRANSPORTES","2014-12-22T03:00:00","2015-02-03T00:27:59.627","2015-10-02T19:23:46.683","http://datos.infolobby.cl/infolobby/comuna/1","Sin Información","Presencial","nodeID://b1726615183",60,"nodeID://b1726615182","nodeID://b1743293375",2014,4
"http://datos.infolobby.cl/infolobby/registroaudiencia/an001641","an001641","http://datos.infolobby.cl/infolobby/institucion/an001","SUBSECRETARIA DE TRANSPORTES","2014-12-22T19:00:00","2015-02-03T00:27:59.75","2015-10-02T19:23:46.84","http://datos.infolobby.cl/infolobby/comuna/1","Sin Información","Presencial","nodeID://b1726615185",60,"nodeID://b1726615184","nodeID://b1743293376",2014,4
"http://datos.infolobby.cl/infolobby/registroaudiencia/an001661","an001661","http://datos.infolobby.cl/infolobby/institucion/an001","SUBSECRETARIA DE TRANSPORTES","2014-12-23T07:00:00","2015-02-03T00:27:59.953","2015-10-02T19:23:47.057","http://datos.infolobby.cl/infolobby/comuna/1","Sin Información","Presencial","nodeID://b1726615189",60,"nodeID://b1726615188","nodeID://b1743293378",2014,4
"http://datos.infolobby.cl/infolobby/registroaudiencia/an001671","an001671","http://datos.infolobby.cl/infolobby/institucion/an001","SUBSECRETARIA DE TRANSPORTES","2014-12-22T06:00:00","2015-02-03T00:28:00.11","2015-10-02T19:23:47.29","http://datos.infolobby.cl/infolobby/comuna/1","Sin Información","Presencial","nodeID://b1726615191",60,"nodeID://b1726615190","nodeID://b1743293379",2014,4
"http://datos.infolobby.cl/infolobby/registroaudiencia/an002891","an002891","http://datos.infolobby.cl/infolobby/institucion/an002","SUBSECRETARÍA DE TELECOMUNICACIONES","2014-12-29T15:00:00","2015-02-03T00:28:01.607","2015-10-02T19:23:49.803","http://datos.infolobby.cl/infolobby/comuna/1","Sin Información","Presencial","nodeID://b1726615235",60,"nodeID://b1726615234","nodeID://b1743293401",2014,4
"http://datos.infolobby.cl/infolobby/registroaudiencia/an002821","an002821","http://datos.infolobby.cl/infolobby/institucion/an002","SUBSECRETARÍA DE TELECOMUNICACIONES","2014-12-10T15:00:00","2015-02-03T00:28:00.983","2015-10-02T19:23:48.943","http://datos.infolobby.cl/infolobby/comuna/1","Sin Información","Presencial","nodeID://b1726615221",60,"nodeID://b1726615220","nodeID://b1743293394",2014,4
"http://datos.infolobby.cl/infolobby/registroaudiencia/an002831","an002831","http://datos.infolobby.cl/infolobby/institucion/an002","SUBSECRETARÍA DE TELECOMUNICACIONES","2014-12-05T12:30:00","2015-02-03T00:28:01.077","2015-10-02T19:23:49.037","http://datos.infolobby.cl/infolobby/comuna/1","Sin Información","Presencial","nodeID://b1726615223",60,"nodeID://b1726615222","nodeID://b1743293395",2014,4
"http://datos.infolobby.cl/infolobby/registroaudiencia/an002841","an002841","http://datos.infolobby.cl/infolobby/institucion/an002","SUBSECRETARÍA DE TELECOMUNICACIONES","2014-12-23T13:00:00","2015-02-03T00:28:01.17","2015-10-02T19:23:49.163","http://datos.infolobby.cl/infolobby/comuna/1","Sin Información","Presencial","nodeID://b1726615225",60,"nodeID://b1726615224","nodeID://b1743293396",2014,4
"http://datos.infolobby.cl/infolobby/registroaudiencia/an002851","an002851","http://datos.infolobby.cl/infolobby/institucion/an002","SUBSECRETARÍA DE TELECOMUNICACIONES","2014-12-17T14:00:00","2015-02-03T00:28:01.28","2015-10-02T19:23:49.303","http://datos.infolobby.cl/infolobby/comuna/1","Sin Información","Presencial","nodeID://b1726615227",60,"nodeID://b1726615226","nodeID://b1743293397",2014,4
"http://datos.infolobby.cl/infolobby/registroaudiencia/an002861","an002861","http://datos.infolobby.cl/infolobby/institucion/an002","SUBSECRETARÍA DE TELECOMUNICACIONES","2014-12-18T15:00:00","2015-02-03T00:28:01.403","2015-10-02T19:23:49.52","http://datos.infolobby.cl/infolobby/comuna/1","Sin Información","Presencial","nodeID://b1726615229",60,"nodeID://b1726615228","nodeID://b1743293398",2014,4
"http://datos.infolobby.cl/infolobby/registroaudiencia/an002871","an002871","http://datos.infolobby.cl/infolobby/institucion/an002","SUBSECRETARÍA DE TELECOMUNICACIONES","2014-12-23T14:00:00","2015-02-03T00:28:01.467","2015-10-02T19:23:49.6","http://datos.infolobby.cl/infolobby/comuna/1","Sin Información","Presencial","nodeID://b1726615231",60,"nodeID://b1726615230","nodeID://b1743293399",2014,4
"http://datos.infolobby.cl/infolobby/registroaudiencia/an002881","an002881","http://datos.infolobby.cl/infolobby/institucion/an002","SUBSECRETARÍA DE TELECOMUNICACIONES","2014-12-23T14:00:00","2015-02-03T00:28:01.513","2015-10-02T19:23:49.677","http://datos.infolobby.cl/infolobby/comuna/1","Sin Información","Presencial","nodeID://b1726615233",60,"nodeID://b1726615232","nodeID://b1743293400",2014,4
"http://datos.infolobby.cl/infolobby/registroaudiencia/ap0011131","ap0011131","http://datos.infolobby.cl/infolobby/institucion/ap001","SUBSECRETARIA DE VIVIENDA Y URBANISMO","2014-12-18T13:00:00","2015-02-03T00:28:03.557","2015-10-02T19:23:52.19","http://datos.infolobby.cl/infolobby/comuna/1","Sin Información","Presencial","nodeID://b1726615281",60,"nodeID://b1726615280","nodeID://b1743293424",2014,4
"http://datos.infolobby.cl/infolobby/registroaudiencia/ap001231","ap001231","http://datos.infolobby.cl/infolobby/institucion/ap001","SUBSECRETARIA DE VIVIENDA Y URBANISMO","2014-12-18T13:30:00","2015-02-03T00:27:56.507","2015-10-02T19:23:42.843","http://datos.infolobby.cl/infolobby/comuna/1","Sin Información","Presencial","nodeID://b1726615133",60,"nodeID://b1726615132","nodeID://b1743293350",2014,4
"http://datos.infolobby.cl/infolobby/registroaudiencia/ap00171","ap00171","http://datos.infolobby.cl/infolobby/institucion/ap001","SUBSECRETARIA DE VIVIENDA Y URBANISMO","2014-12-01T14:00:00","2015-02-03T00:27:54.727","2015-10-02T19:23:41.003","http://datos.infolobby.cl/infolobby/comuna/1","Sin Información","Presencial","nodeID://b1726615105",60,"nodeID://b1726615104","nodeID://b1743293336",2014,4
"http://datos.infolobby.cl/infolobby/registroaudiencia/ar001391","ar001391","http://datos.infolobby.cl/infolobby/institucion/ar001","SUBSECRETARÍA DE AGRICULTURA","2014-12-18T18:00:00","2015-02-03T00:27:57.16","2015-10-02T19:23:43.547","http://datos.infolobby.cl/infolobby/comuna/1","Sin Información","Presencial","nodeID://b1726615145",60,"nodeID://b1726615144","nodeID://b1743293356",2014,4
"http://datos.infolobby.cl/infolobby/registroaudiencia/ar001241","ar001241","http://datos.infolobby.cl/infolobby/institucion/ar001","SUBSECRETARÍA DE AGRICULTURA","2014-12-15T14:30:00","2015-02-03T00:27:56.66","2015-10-02T19:23:43.017","http://datos.infolobby.cl/infolobby/comuna/1","Sin Información","Presencial","nodeID://b1726615135",60,"nodeID://b1726615134","nodeID://b1743293351",2014,4
"http://datos.infolobby.cl/infolobby/registroaudiencia/ar001261","ar001261","http://datos.infolobby.cl/infolobby/institucion/ar001","SUBSECRETARÍA DE AGRICULTURA","2014-12-22T14:30:00","2015-02-03T00:27:56.723","2015-10-02T19:23:43.08","http://datos.infolobby.cl/infolobby/comuna/1","Sin Información","Presencial","nodeID://b1726615137",60,"nodeID://b1726615136","nodeID://b1743293352",2014,4
"http://datos.infolobby.cl/infolobby/registroaudiencia/as0011051","as0011051","http://datos.infolobby.cl/infolobby/institucion/as001","SUBSECRETARÍA DE MINERÍA","2014-12-15T21:00:00","2015-02-03T00:28:02.853","2015-10-02T19:23:51.393","http://datos.infolobby.cl/infolobby/comuna/1","Sin Información","Presencial","nodeID://b1726615265",60,"nodeID://b1726615264","nodeID://b1743293416",2014,4
"http://datos.infolobby.cl/infolobby/registroaudiencia/as0011081","as0011081","http://datos.infolobby.cl/infolobby/institucion/as001","SUBSECRETARÍA DE MINERÍA","2014-12-22T15:00:00","2015-02-03T00:28:03.057","2015-10-02T19:23:51.69","http://datos.infolobby.cl/infolobby/comuna/1","Sin Información","Presencial","nodeID://b1726615271",60,"nodeID://b1726615270","nodeID://b1743293419",2014,4
"http://datos.infolobby.cl/infolobby/registroaudiencia/as0011011","as0011011","http://datos.infolobby.cl/infolobby/institucion/as001","SUBSECRETARÍA DE MINERÍA","2014-12-10T19:00:00","2015-02-03T00:28:02.59","2015-10-02T19:23:51.02","http://datos.infolobby.cl/infolobby/comuna/1","Sin Información","Presencial","nodeID://b1726615257",30,"nodeID://b1726615256","nodeID://b1743293412",2014,4
"http://datos.infolobby.cl/infolobby/registroaudiencia/as0011031","as0011031","http://datos.infolobby.cl/infolobby/institucion/as001","SUBSECRETARÍA DE MINERÍA","2014-12-16T14:00:00","2015-02-03T00:28:02.683","2015-10-02T19:23:51.177","http://datos.infolobby.cl/infolobby/comuna/1","Sin Información","Presencial","nodeID://b1726615261",60,"nodeID://b1726615260","nodeID://b1743293414",2014,4
"http://datos.infolobby.cl/infolobby/registroaudiencia/as0011071","as0011071","http://datos.infolobby.cl/infolobby/institucion/as001","SUBSECRETARÍA DE MINERÍA","2014-12-03T16:00:00","2015-02-03T00:28:03.01","2015-10-02T19:23:51.613","http://datos.infolobby.cl/infolobby/comuna/1","Sin Información","Presencial","nodeID://b1726615269",60,"nodeID://b1726615268","nodeID://b1743293418",2014,4
"http://datos.infolobby.cl/infolobby/registroaudiencia/as0011001","as0011001","http://datos.infolobby.cl/infolobby/institucion/as001","SUBSECRETARÍA DE MINERÍA","2014-12-04T19:00:00","2015-02-03T00:28:02.51","2015-10-02T19:23:50.91","http://datos.infolobby.cl/infolobby/comuna/1","Sin Información","Presencial","nodeID://b1726615255",60,"nodeID://b1726615254","nodeID://b1743293411",2014,4
"http://datos.infolobby.cl/infolobby/registroaudiencia/as0011021","as0011021","http://datos.infolobby.cl/infolobby/institucion/as001","SUBSECRETARÍA DE MINERÍA","2014-12-04T20:30:00","2015-02-03T00:28:02.637","2015-10-02T19:23:51.097","http://datos.infolobby.cl/infolobby/comuna/1","Sin Información","Presencial","nodeID://b1726615259",30,"nodeID://b1726615258","nodeID://b1743293413",2014,4
"http://datos.infolobby.cl/infolobby/registroaudiencia/as0011041","as0011041","http://datos.infolobby.cl/infolobby/institucion/as001","SUBSECRETARÍA DE MINERÍA","2014-12-10T23:00:00","2015-02-03T00:28:02.807","2015-10-02T19:23:51.317","http://datos.infolobby.cl/infolobby/comuna/1","Sin Información","Presencial","nodeID://b1726615263",90,"nodeID://b1726615262","nodeID://b1743293415",2014,4
"http://datos.infolobby.cl/infolobby/registroaudiencia/au002511","au002511","http://datos.infolobby.cl/infolobby/institucion/au002","SUBSECRETARIA DE ENERGÍA","2014-12-22T21:00:00","2015-02-03T00:27:58.41","2015-10-02T19:23:45.013","http://datos.infolobby.cl/infolobby/comuna/1","Sin Información","Presencial","nodeID://b1726615161",60,"nodeID://b1726615160","nodeID://b1743293364",2014,4
"http://datos.infolobby.cl/infolobby/registroaudiencia/au002521","au002521","http://datos.infolobby.cl/infolobby/institucion/au002","SUBSECRETARIA DE ENERGÍA","2014-12-17T03:30:00","2015-02-03T00:27:58.457","2015-10-02T19:23:45.107","http://datos.infolobby.cl/infolobby/comuna/1","Sin Información","Presencial","nodeID://b1726615163",60,"nodeID://b1726615162","nodeID://b1743293365",2014,4
"http://datos.infolobby.cl/infolobby/registroaudiencia/au002561","au002561","http://datos.infolobby.cl/infolobby/institucion/au002","SUBSECRETARIA DE ENERGÍA","2014-12-23T03:00:00","2015-02-03T00:27:59.017","2015-10-02T19:23:45.763","http://datos.infolobby.cl/infolobby/comuna/1","Sin Información","Presencial","nodeID://b1726615169",780,"nodeID://b1726615168","nodeID://b1743293368",2014,4
"http://datos.infolobby.cl/infolobby/registroaudiencia/au002571","au002571","http://datos.infolobby.cl/infolobby/institucion/au002","SUBSECRETARIA DE ENERGÍA","2014-12-15T19:30:00","2015-02-03T00:27:59.127","2015-10-02T19:23:45.903","http://datos.infolobby.cl/infolobby/comuna/1","Sin Información","Presencial","nodeID://b1726615171",60,"nodeID://b1726615170","nodeID://b1743293369",2014,4
"http://datos.infolobby.cl/infolobby/registroaudiencia/au002581","au002581","http://datos.infolobby.cl/infolobby/institucion/au002","SUBSECRETARIA DE ENERGÍA","2014-12-16T19:30:00","2015-02-03T00:27:59.22","2015-10-02T19:23:46.01","http://datos.infolobby.cl/infolobby/comuna/1","Sin Información","Presencial","nodeID://b1726615173",60,"nodeID://b1726615172","nodeID://b1743293370",2014,4
"http://datos.infolobby.cl/infolobby/registroaudiencia/ba001941","ba001941","http://datos.infolobby.cl/infolobby/institucion/ba001","SUBSECRETARIA DEL DEPORTE","2014-12-16T18:30:00","2015-02-03T00:28:02.167","2015-10-02T19:23:50.427","http://datos.infolobby.cl/infolobby/comuna/1","Sin Información","Presencial","nodeID://b1726615245",60,"nodeID://b1726615244","nodeID://b1743293406",2014,4
"http://datos.infolobby.cl/infolobby/registroaudiencia/ba001931","ba001931","http://datos.infolobby.cl/infolobby/institucion/ba001","SUBSECRETARIA DEL DEPORTE","2014-12-04T19:00:00","2015-02-03T00:28:02.107","2015-10-02T19:23:50.35","http://datos.infolobby.cl/infolobby/comuna/1","Sin Información","Presencial","nodeID://b1726615243",60,"nodeID://b1726615242","nodeID://b1743293405",2014,4
"http://datos.infolobby.cl/infolobby/registroaudiencia/ba001951","ba001951","http://datos.infolobby.cl/infolobby/institucion/ba001","SUBSECRETARIA DEL DEPORTE","2014-12-19T12:00:00","2015-02-03T00:28:02.263","2015-10-02T19:23:50.537","http://datos.infolobby.cl/infolobby/comuna/1","Sin Información","Presencial","nodeID://b1726615247",60,"nodeID://b1726615246","nodeID://b1743293407",2014,4
"http://datos.infolobby.cl/infolobby/registroaudiencia/co001indh-11","co001indh-11","http://datos.infolobby.cl/infolobby/institucion/co001","INSTITUTO NACIONAL DE DERECHOS HUMANOS","2014-12-02T00:00:00","2015-01-30T20:27:17.337","2015-02-02T22:45:35.13","http://datos.infolobby.cl/infolobby/comuna/13123","Providencia","Presencial","nodeID://b1726605823",60,"nodeID://b1726605822","nodeID://b1743288695",2014,4
"http://datos.infolobby.cl/infolobby/registroaudiencia/nr005931","nr005931","http://datos.infolobby.cl/infolobby/institucion/nr005","SENADO","2014-12-05T00:00:00","2015-02-02T22:48:29.587","2015-02-02T23:00:29.907","http://datos.infolobby.cl/infolobby/comuna/10202","Ancud","Presencial","nodeID://b1726605865",60,"nodeID://b1726605864","nodeID://b1743288716",2014,4
"http://datos.infolobby.cl/infolobby/registroaudiencia/nr005921","nr005921","http://datos.infolobby.cl/infolobby/institucion/nr005","SENADO","2014-12-05T00:00:00","2015-02-02T22:48:29.523","2015-02-02T23:00:29.83","http://datos.infolobby.cl/infolobby/comuna/10202","Ancud","Presencial","nodeID://b1726605863",60,"nodeID://b1726605862","nodeID://b1743288715",2014,4
"http://datos.infolobby.cl/infolobby/registroaudiencia/nr0051231","nr0051231","http://datos.infolobby.cl/infolobby/institucion/nr005","SENADO","2014-12-26T00:00:00","2015-02-02T22:48:30.367","2015-02-02T23:00:30.907","http://datos.infolobby.cl/infolobby/comuna/13101","Santiago","Presencial","nodeID://b1726605889",75,"nodeID://b1726605888","nodeID://b1743288728",2014,4
"http://datos.infolobby.cl/infolobby/registroaudiencia/nr0051261","nr0051261","http://datos.infolobby.cl/infolobby/institucion/nr005","SENADO","2014-12-29T00:00:00","2015-02-02T22:48:30.553","2015-02-02T23:00:31.14","http://datos.infolobby.cl/infolobby/comuna/13101","Santiago","Presencial","nodeID://b1726605895",45,"nodeID://b1726605894","nodeID://b1743288731",2014,4
"http://datos.infolobby.cl/infolobby/registroaudiencia/nr0051271","nr0051271","http://datos.infolobby.cl/infolobby/institucion/nr005","SENADO","2014-12-22T00:00:00","2015-04-02T13:56:06.23","2015-04-02T13:56:06.23","http://datos.infolobby.cl/infolobby/comuna/13101","Santiago","Presencial","nodeID://b1726606059",30,"nodeID://b1726606058","nodeID://b1743288813",2014,4
"http://datos.infolobby.cl/infolobby/registroaudiencia/nr0051361","nr0051361","http://datos.infolobby.cl/infolobby/institucion/nr005","SENADO","2014-12-29T00:00:00","2015-07-03T16:27:37.11","2015-07-03T16:27:37.11","http://datos.infolobby.cl/infolobby/comuna/13101","Santiago","Presencial","nodeID://b1726610891",60,"nodeID://b1726610890","nodeID://b1743291229",2014,4
"http://datos.infolobby.cl/infolobby/registroaudiencia/nr005671","nr005671","http://datos.infolobby.cl/infolobby/institucion/nr005","SENADO","2014-12-11T00:00:00","2015-02-02T22:09:27.463","2015-02-02T23:00:28.177","http://datos.infolobby.cl/infolobby/comuna/13101","Santiago","Presencial","nodeID://b1726605827",60,"nodeID://b1726605826","nodeID://b1743288697",2014,4
"http://datos.infolobby.cl/infolobby/registroaudiencia/nr0051111","nr0051111","http://datos.infolobby.cl/infolobby/institucion/nr005","SENADO","2014-12-29T00:00:00","2015-02-02T22:48:29.977","2015-02-02T23:00:30.423","http://datos.infolobby.cl/infolobby/comuna/13101","Santiago","Presencial","nodeID://b1726605877",600,"nodeID://b1726605876","nodeID://b1743288722",2014,4
"http://datos.infolobby.cl/infolobby/registroaudiencia/nr0051251","nr0051251","http://datos.infolobby.cl/infolobby/institucion/nr005","SENADO","2014-12-29T00:00:00","2015-02-02T22:48:30.493","2015-02-02T23:00:31.077","http://datos.infolobby.cl/infolobby/comuna/13101","Santiago","Presencial","nodeID://b1726605893",30,"nodeID://b1726605892","nodeID://b1743288730",2014,4
"http://datos.infolobby.cl/infolobby/registroaudiencia/nr005811","nr005811","http://datos.infolobby.cl/infolobby/institucion/nr005","SENADO","2014-12-15T00:00:00","2015-02-02T22:43:28.753","2015-02-02T23:00:29.127","http://datos.infolobby.cl/infolobby/comuna/13101","Santiago","Presencial","nodeID://b1726605847",30,"nodeID://b1726605846","nodeID://b1743288707",2014,4
"http://datos.infolobby.cl/infolobby/registroaudiencia/nr0051181","nr0051181","http://datos.infolobby.cl/infolobby/institucion/nr005","SENADO","2014-12-29T00:00:00","2015-02-02T22:48:30.04","2015-02-02T23:00:30.5","http://datos.infolobby.cl/infolobby/comuna/13101","Santiago","Presencial","nodeID://b1726605879",30,"nodeID://b1726605878","nodeID://b1743288723",2014,4
"http://datos.infolobby.cl/infolobby/registroaudiencia/nr005701","nr005701","http://datos.infolobby.cl/infolobby/institucion/nr005","SENADO","2014-12-12T00:00:00","2015-02-02T22:43:28.21","2015-02-02T23:00:28.47","http://datos.infolobby.cl/infolobby/comuna/13124","Pudahuel","Presencial","nodeID://b1726605833",60,"nodeID://b1726605832","nodeID://b1743288700",2014,4
"http://datos.infolobby.cl/infolobby/registroaudiencia/nr0051281","nr0051281","http://datos.infolobby.cl/infolobby/institucion/nr005","SENADO","2014-12-22T00:00:00","2015-02-02T22:48:30.617","2015-02-02T23:00:31.217","http://datos.infolobby.cl/infolobby/comuna/13502","Alhué","Presencial","nodeID://b1726605897",60,"nodeID://b1726605896","nodeID://b1743288732",2014,4
"http://datos.infolobby.cl/infolobby/registroaudiencia/nr005741","nr005741","http://datos.infolobby.cl/infolobby/institucion/nr005","SENADO","2014-12-15T00:00:00","2015-02-02T22:43:28.473","2015-02-02T23:00:28.8","http://datos.infolobby.cl/infolobby/comuna/13502","Alhué","Presencial","nodeID://b1726605839",30,"nodeID://b1726605838","nodeID://b1743288703",2014,4
"http://datos.infolobby.cl/infolobby/registroaudiencia/nr005791","nr005791","http://datos.infolobby.cl/infolobby/institucion/nr005","SENADO","2014-12-15T00:00:00","2015-02-02T22:43:28.693","2015-02-02T23:00:29.05","http://datos.infolobby.cl/infolobby/comuna/13502","Alhué","Presencial","nodeID://b1726605845",25,"nodeID://b1726605844","nodeID://b1743288706",2014,4
"http://datos.infolobby.cl/infolobby/registroaudiencia/nr0051191","nr0051191","http://datos.infolobby.cl/infolobby/institucion/nr005","SENADO","2014-12-29T00:00:00","2015-02-02T22:48:30.103","2015-02-02T23:00:30.593","http://datos.infolobby.cl/infolobby/comuna/13502","Alhué","Presencial","nodeID://b1726605881",25,"nodeID://b1726605880","nodeID://b1743288724",2014,4
"http://datos.infolobby.cl/infolobby/registroaudiencia/nr0051221","nr0051221","http://datos.infolobby.cl/infolobby/institucion/nr005","SENADO","2014-12-29T00:00:00","2015-02-02T22:48:30.303","2015-02-02T23:00:30.827","http://datos.infolobby.cl/infolobby/comuna/13502","Alhué","Presencial","nodeID://b1726605887",25,"nodeID://b1726605886","nodeID://b1743288727",2014,4
"http://datos.infolobby.cl/infolobby/registroaudiencia/nr0051241","nr0051241","http://datos.infolobby.cl/infolobby/institucion/nr005","SENADO","2014-12-30T00:00:00","2015-02-02T22:48:30.43","2015-02-02T23:00:30.983","http://datos.infolobby.cl/infolobby/comuna/13502","Alhué","Presencial","nodeID://b1726605891",30,"nodeID://b1726605890","nodeID://b1743288729",2014,4
"http://datos.infolobby.cl/infolobby/registroaudiencia/nr005891","nr005891","http://datos.infolobby.cl/infolobby/institucion/nr005","SENADO","2014-12-22T00:00:00","2015-02-02T22:48:29.353","2015-02-02T23:00:29.58","http://datos.infolobby.cl/infolobby/comuna/13502","Alhué","Presencial","nodeID://b1726605857",60,"nodeID://b1726605856","nodeID://b1743288712",2014,4
"http://datos.infolobby.cl/infolobby/registroaudiencia/nr0051211","nr0051211","http://datos.infolobby.cl/infolobby/institucion/nr005","SENADO","2014-12-29T00:00:00","2015-02-02T22:48:30.257","2015-02-02T23:00:30.763","http://datos.infolobby.cl/infolobby/comuna/13502","Alhué","Presencial","nodeID://b1726605885",25,"nodeID://b1726605884","nodeID://b1743288726",2014,4
"http://datos.infolobby.cl/infolobby/registroaudiencia/nr0051201","nr0051201","http://datos.infolobby.cl/infolobby/institucion/nr005","SENADO","2014-12-29T00:00:00","2015-02-02T22:48:30.18","2015-02-02T23:00:30.67","http://datos.infolobby.cl/infolobby/comuna/13502","Alhué","Presencial","nodeID://b1726605883",25,"nodeID://b1726605882","nodeID://b1743288725",2014,4
"http://datos.infolobby.cl/infolobby/registroaudiencia/nr005731","nr005731","http://datos.infolobby.cl/infolobby/institucion/nr005","SENADO","2014-12-12T00:00:00","2015-02-02T22:43:28.38","2015-02-02T23:00:28.673","http://datos.infolobby.cl/infolobby/comuna/13502","Alhué","Presencial","nodeID://b1726605837",30,"nodeID://b1726605836","nodeID://b1743288702",2014,4
"http://datos.infolobby.cl/infolobby/registroaudiencia/nr005771","nr005771","http://datos.infolobby.cl/infolobby/institucion/nr005","SENADO","2014-12-15T00:00:00","2015-02-02T22:43:28.567","2015-02-02T23:00:28.893","http://datos.infolobby.cl/infolobby/comuna/13502","Alhué","Presencial","nodeID://b1726605841",60,"nodeID://b1726605840","nodeID://b1743288704",2014,4
"http://datos.infolobby.cl/infolobby/registroaudiencia/nr005851","nr005851","http://datos.infolobby.cl/infolobby/institucion/nr005","SENADO","2014-12-18T00:00:00","2015-02-02T22:48:29.103","2015-02-02T23:00:29.3","http://datos.infolobby.cl/infolobby/comuna/13502","Alhué","Presencial","nodeID://b1726605851",30,"nodeID://b1726605850","nodeID://b1743288709",2014,4
"http://datos.infolobby.cl/infolobby/registroaudiencia/nr005951","nr005951","http://datos.infolobby.cl/infolobby/institucion/nr005","SENADO","2014-12-31T00:00:00","2015-02-02T22:48:29.68","2015-02-02T23:00:30.033","http://datos.infolobby.cl/infolobby/comuna/14102","Corral","Presencial","nodeID://b1726605867",45,"nodeID://b1726605866","nodeID://b1743288717",2014,4
"http://datos.infolobby.cl/infolobby/registroaudiencia/nr0051321","nr0051321","http://datos.infolobby.cl/infolobby/institucion/nr005","SENADO","2014-12-10T00:00:00","2015-02-02T22:48:30.79","2015-02-02T23:00:31.42","http://datos.infolobby.cl/infolobby/comuna/5101","Valparaíso","Presencial","nodeID://b1726605903",30,"nodeID://b1726605902","nodeID://b1743288735",2014,4
"http://datos.infolobby.cl/infolobby/registroaudiencia/nr005681","nr005681","http://datos.infolobby.cl/infolobby/institucion/nr005","SENADO","2014-12-09T00:00:00","2015-02-02T22:09:27.527","2015-02-02T23:00:28.27","http://datos.infolobby.cl/infolobby/comuna/5101","Valparaíso","Presencial","nodeID://b1726605829",60,"nodeID://b1726605828","nodeID://b1743288698",2014,4
"http://datos.infolobby.cl/infolobby/registroaudiencia/nr005721","nr005721","http://datos.infolobby.cl/infolobby/institucion/nr005","SENADO","2014-12-09T00:00:00","2015-02-02T22:43:28.287","2015-02-02T23:00:28.567","http://datos.infolobby.cl/infolobby/comuna/5101","Valparaíso","Presencial","nodeID://b1726605835",30,"nodeID://b1726605834","nodeID://b1743288701",2014,4
"http://datos.infolobby.cl/infolobby/registroaudiencia/nr0051301","nr0051301","http://datos.infolobby.cl/infolobby/institucion/nr005","SENADO","2014-12-29T00:00:00","2015-04-02T13:56:06.29","2015-04-02T13:56:06.29","http://datos.infolobby.cl/infolobby/comuna/5101","Valparaíso","Presencial","nodeID://b1726606061",30,"nodeID://b1726606060","nodeID://b1743288814",2014,4
"http://datos.infolobby.cl/infolobby/registroaudiencia/nr005661","nr005661","http://datos.infolobby.cl/infolobby/institucion/nr005","SENADO","2014-12-09T00:00:00","2015-02-02T22:09:27.387","2015-02-02T23:00:28.067","http://datos.infolobby.cl/infolobby/comuna/5101","Valparaíso","Presencial","nodeID://b1726605825",30,"nodeID://b1726605824","nodeID://b1743288696",2014,4
"http://datos.infolobby.cl/infolobby/registroaudiencia/nr0051011","nr0051011","http://datos.infolobby.cl/infolobby/institucion/nr005","SENADO","2014-12-10T00:00:00","2015-04-02T13:56:06.103","2015-04-02T13:56:06.103","http://datos.infolobby.cl/infolobby/comuna/5101","Valparaíso","Presencial","nodeID://b1726606057",20,"nodeID://b1726606056","nodeID://b1743288812",2014,4
"http://datos.infolobby.cl/infolobby/registroaudiencia/nr0051001","nr0051001","http://datos.infolobby.cl/infolobby/institucion/nr005","SENADO","2014-12-17T00:00:00","2015-02-02T22:48:29.807","2015-02-02T23:00:30.173","http://datos.infolobby.cl/infolobby/comuna/5101","Valparaíso","Presencial","nodeID://b1726605871",15,"nodeID://b1726605870","nodeID://b1743288719",2014,4
"http://datos.infolobby.cl/infolobby/registroaudiencia/nr005871","nr005871","http://datos.infolobby.cl/infolobby/institucion/nr005","SENADO","2014-12-10T00:00:00","2015-02-02T22:48:29.277","2015-02-02T23:00:29.5","http://datos.infolobby.cl/infolobby/comuna/5101","Valparaíso","Presencial","nodeID://b1726605855",45,"nodeID://b1726605854","nodeID://b1743288711",2014,4
"http://datos.infolobby.cl/infolobby/registroaudiencia/nr005691","nr005691","http://datos.infolobby.cl/infolobby/institucion/nr005","SENADO","2014-12-09T00:00:00","2015-02-02T22:09:27.603","2015-02-02T23:00:28.41","http://datos.infolobby.cl/infolobby/comuna/5602","Algarrobo","Presencial","nodeID://b1726605831",30,"nodeID://b1726605830","nodeID://b1743288699",2014,4
"http://datos.infolobby.cl/infolobby/registroaudiencia/nr005781","nr005781","http://datos.infolobby.cl/infolobby/institucion/nr005","SENADO","2014-12-10T00:00:00","2015-02-02T22:43:28.63","2015-02-02T23:00:28.987","http://datos.infolobby.cl/infolobby/comuna/5602","Algarrobo","Presencial","nodeID://b1726605843",60,"nodeID://b1726605842","nodeID://b1743288705",2014,4
"http://datos.infolobby.cl/infolobby/registroaudiencia/nr005861","nr005861","http://datos.infolobby.cl/infolobby/institucion/nr005","SENADO","2014-12-10T00:00:00","2015-02-02T22:48:29.183","2015-02-02T23:00:29.377","http://datos.infolobby.cl/infolobby/comuna/5602","Algarrobo","Presencial","nodeID://b1726605853",47,"nodeID://b1726605852","nodeID://b1743288710",2014,4
"http://datos.infolobby.cl/infolobby/registroaudiencia/nr0051071","nr0051071","http://datos.infolobby.cl/infolobby/institucion/nr005","SENADO","2014-12-17T00:00:00","2015-02-02T22:48:29.913","2015-02-02T23:00:30.327","http://datos.infolobby.cl/infolobby/comuna/5602","Algarrobo","Presencial","nodeID://b1726605875",20,"nodeID://b1726605874","nodeID://b1743288721",2014,4
"http://datos.infolobby.cl/infolobby/registroaudiencia/nr0051341","nr0051341","http://datos.infolobby.cl/infolobby/institucion/nr005","SENADO","2014-12-10T00:00:00","2015-02-02T22:48:30.867","2015-02-02T23:00:31.53","http://datos.infolobby.cl/infolobby/comuna/5602","Algarrobo","Presencial","nodeID://b1726605905",30,"nodeID://b1726605904","nodeID://b1743288736",2014,4
"http://datos.infolobby.cl/infolobby/registroaudiencia/nr0051291","nr0051291","http://datos.infolobby.cl/infolobby/institucion/nr005","SENADO","2014-12-23T00:00:00","2015-02-02T22:48:30.68","2015-02-02T23:00:31.297","http://datos.infolobby.cl/infolobby/comuna/7101","Talca","Presencial","nodeID://b1726605899",20,"nodeID://b1726605898","nodeID://b1743288733",2014,4
"http://datos.infolobby.cl/infolobby/registroaudiencia/nr0051311","nr0051311","http://datos.infolobby.cl/infolobby/institucion/nr005","SENADO","2014-12-19T00:00:00","2015-02-02T22:48:30.727","2015-02-02T23:00:31.357","http://datos.infolobby.cl/infolobby/comuna/7301","Curicó","Presencial","nodeID://b1726605901",30,"nodeID://b1726605900","nodeID://b1743288734",2014,4
"http://datos.infolobby.cl/infolobby/registroaudiencia/nr005841","nr005841","http://datos.infolobby.cl/infolobby/institucion/nr005","SENADO","2014-12-05T00:00:00","2015-02-02T22:43:28.817","2015-02-02T23:00:29.22","http://datos.infolobby.cl/infolobby/comuna/7301","Curicó","Presencial","nodeID://b1726605849",30,"nodeID://b1726605848","nodeID://b1743288708",2014,4
"http://datos.infolobby.cl/infolobby/registroaudiencia/nr0051491","nr0051491","http://datos.infolobby.cl/infolobby/institucion/nr005","SENADO","2014-12-29T00:00:00","2015-02-02T22:48:31.523","2015-02-02T23:00:32.357","http://datos.infolobby.cl/infolobby/comuna/8101","Concepción","Presencial","nodeID://b1726605923",70,"nodeID://b1726605922","nodeID://b1743288745",2014,4
"http://datos.infolobby.cl/infolobby/registroaudiencia/nr0051391","nr0051391","http://datos.infolobby.cl/infolobby/institucion/nr005","SENADO","2014-12-23T00:00:00","2015-02-02T22:48:31.023","2015-02-02T23:00:31.7","http://datos.infolobby.cl/infolobby/comuna/8314","Alto Biobío","Presencial","nodeID://b1726605909",80,"nodeID://b1726605908","nodeID://b1743288738",2014,4
"http://datos.infolobby.cl/infolobby/registroaudiencia/nr006ar6031","nr006ar6031","http://datos.infolobby.cl/infolobby/institucion/nr006","CAMARA DE DIPUTADOS","2014-12-04T18:30:00","2015-02-19T20:49:03.54","2020-10-15T22:03:56.993","http://datos.infolobby.cl/infolobby/comuna/13101","Santiago","Presencial","nodeID://b1727487517",70,"nodeID://b1727487516","nodeID://b1743729542",2014,4
"http://datos.infolobby.cl/infolobby/registroaudiencia/nr006ar6511","nr006ar6511","http://datos.infolobby.cl/infolobby/institucion/nr006","CAMARA DE DIPUTADOS","2014-12-19T19:30:00","2015-02-19T20:53:05.327","2015-12-17T20:09:02.973","http://datos.infolobby.cl/infolobby/comuna/13101","Santiago","Presencial","nodeID://b1726658527",180,"nodeID://b1726658526","nodeID://b1743315047",2014,4
"http://datos.infolobby.cl/infolobby/registroaudiencia/nr006ar6531","nr006ar6531","http://datos.infolobby.cl/infolobby/institucion/nr006","CAMARA DE DIPUTADOS","2014-12-15T13:00:00","2015-02-19T20:49:03.943","2020-10-15T22:03:59.83","http://datos.infolobby.cl/infolobby/comuna/13101","Santiago","Presencial","nodeID://b1727487537",60,"nodeID://b1727487536","nodeID://b1743729552",2014,4
"http://datos.infolobby.cl/infolobby/registroaudiencia/nr006ar6561","nr006ar6561","http://datos.infolobby.cl/infolobby/institucion/nr006","CAMARA DE DIPUTADOS","2014-12-23T20:45:00","2015-02-19T20:53:05.467","2020-10-15T22:04:00.567","http://datos.infolobby.cl/infolobby/comuna/13101","Santiago","Presencial","nodeID://b1727487543",45,"nodeID://b1727487542","nodeID://b1743729555",2014,4
"http://datos.infolobby.cl/infolobby/registroaudiencia/nr006ar6671","nr006ar6671","http://datos.infolobby.cl/infolobby/institucion/nr006","CAMARA DE DIPUTADOS","2014-12-15T17:00:00","2015-02-19T20:49:04.07","2020-10-15T22:04:02.983","http://datos.infolobby.cl/infolobby/comuna/13101","Santiago","Presencial","nodeID://b1727487561",45,"nodeID://b1727487560","nodeID://b1743729564",2014,4
"http://datos.infolobby.cl/infolobby/registroaudiencia/nr006ar6731","nr006ar6731","http://datos.infolobby.cl/infolobby/institucion/nr006","CAMARA DE DIPUTADOS","2014-12-29T20:00:00","2015-02-19T20:53:05.513","2020-10-15T22:04:04.49","http://datos.infolobby.cl/infolobby/comuna/13101","Santiago","Presencial","nodeID://b1727487571",60,"nodeID://b1727487570","nodeID://b1743729569",2014,4
"http://datos.infolobby.cl/infolobby/registroaudiencia/nr006ar6851","nr006ar6851","http://datos.infolobby.cl/infolobby/institucion/nr006","CAMARA DE DIPUTADOS","2014-12-23T14:00:00","2015-02-19T20:53:05.387","2020-10-15T22:04:06.967","http://datos.infolobby.cl/infolobby/comuna/13101","Santiago","Presencial","nodeID://b1727487589",45,"nodeID://b1727487588","nodeID://b1743729578",2014,4
"http://datos.infolobby.cl/infolobby/registroaudiencia/nr006ar6661","nr006ar6661","http://datos.infolobby.cl/infolobby/institucion/nr006","CAMARA DE DIPUTADOS","2014-12-16T13:30:00","2015-02-19T20:49:04.117","2020-10-15T22:04:02.743","http://datos.infolobby.cl/infolobby/comuna/13101","Santiago","Presencial","nodeID://b1727487559",45,"nodeID://b1727487558","nodeID://b1743729563",2014,4
"http://datos.infolobby.cl/infolobby/registroaudiencia/nr006ar7191","nr006ar7191","http://datos.infolobby.cl/infolobby/institucion/nr006","CAMARA DE DIPUTADOS","2014-12-30T16:00:00","2015-02-19T20:53:05.59","2020-10-15T22:04:11.333","http://datos.infolobby.cl/infolobby/comuna/13101","Santiago","Presencial","nodeID://b1727487625",40,"nodeID://b1727487624","nodeID://b1743729596",2014,4
"http://datos.infolobby.cl/infolobby/registroaudiencia/nr006ar7851","nr006ar7851","http://datos.infolobby.cl/infolobby/institucion/nr006","CAMARA DE DIPUTADOS","2014-12-15T13:30:00","2015-02-19T20:49:04.007","2020-10-15T22:04:19.55","http://datos.infolobby.cl/infolobby/comuna/13101","Santiago","Presencial","nodeID://b1727487687",30,"nodeID://b1727487686","nodeID://b1743729627",2014,4
"http://datos.infolobby.cl/infolobby/registroaudiencia/nr006ar6021","nr006ar6021","http://datos.infolobby.cl/infolobby/institucion/nr006","CAMARA DE DIPUTADOS","2014-12-03T13:30:00","2015-02-19T20:49:03.383","2015-12-17T20:09:07.297","http://datos.infolobby.cl/infolobby/comuna/13101","Santiago","Presencial","nodeID://b1726658531",35,"nodeID://b1726658530","nodeID://b1743315049",2014,4
"http://datos.infolobby.cl/infolobby/registroaudiencia/nr006ar6011","nr006ar6011","http://datos.infolobby.cl/infolobby/institucion/nr006","CAMARA DE DIPUTADOS","2014-12-05T19:00:00","2015-02-19T20:49:03.633","2020-10-15T22:03:56.48","http://datos.infolobby.cl/infolobby/comuna/4101","La Serena","Presencial","nodeID://b1727487515",60,"nodeID://b1727487514","nodeID://b1743729541",2014,4
"http://datos.infolobby.cl/infolobby/registroaudiencia/nr006ar6471","nr006ar6471","http://datos.infolobby.cl/infolobby/institucion/nr006","CAMARA DE DIPUTADOS","2014-12-10T16:00:00","2015-02-19T20:49:03.773","2020-10-15T22:03:59.063","http://datos.infolobby.cl/infolobby/comuna/5101","Valparaíso","Presencial","nodeID://b1727487531",15,"nodeID://b1727487530","nodeID://b1743729549",2014,4
"http://datos.infolobby.cl/infolobby/registroaudiencia/nr006ar6481","nr006ar6481","http://datos.infolobby.cl/infolobby/institucion/nr006","CAMARA DE DIPUTADOS","2014-12-16T20:15:00","2015-02-19T20:53:04.747","2020-10-15T22:03:59.32","http://datos.infolobby.cl/infolobby/comuna/5101","Valparaíso","Presencial","nodeID://b1727487533",30,"nodeID://b1727487532","nodeID://b1743729550",2014,4
"http://datos.infolobby.cl/infolobby/registroaudiencia/nr006ar6521","nr006ar6521","http://datos.infolobby.cl/infolobby/institucion/nr006","CAMARA DE DIPUTADOS","2014-12-17T18:00:00","2015-02-19T20:53:05.217","2015-12-17T20:09:03.037","http://datos.infolobby.cl/infolobby/comuna/5101","Valparaíso","Video Conferencia","nodeID://b1726658529",10,"nodeID://b1726658528","nodeID://b1743315048",2014,4
"http://datos.infolobby.cl/infolobby/registroaudiencia/nr006ar6551","nr006ar6551","http://datos.infolobby.cl/infolobby/institucion/nr006","CAMARA DE DIPUTADOS","2014-12-16T15:00:00","2015-02-19T20:49:04.273","2020-10-15T22:04:00.31","http://datos.infolobby.cl/infolobby/comuna/5101","Valparaíso","Presencial","nodeID://b1727487541",60,"nodeID://b1727487540","nodeID://b1743729554",2014,4
"http://datos.infolobby.cl/infolobby/registroaudiencia/nr006ar6581","nr006ar6581","http://datos.infolobby.cl/infolobby/institucion/nr006","CAMARA DE DIPUTADOS","2014-12-16T15:15:00","2015-02-19T20:49:04.333","2020-10-15T22:04:00.797","http://datos.infolobby.cl/infolobby/comuna/5101","Valparaíso","Presencial","nodeID://b1727487545",45,"nodeID://b1727487544","nodeID://b1743729556",2014,4
"http://datos.infolobby.cl/infolobby/registroaudiencia/nr006ar6591","nr006ar6591","http://datos.infolobby.cl/infolobby/institucion/nr006","CAMARA DE DIPUTADOS","2014-12-10T19:45:00","2015-02-19T20:49:03.82","2020-10-15T22:04:01.1","http://datos.infolobby.cl/infolobby/comuna/5101","Valparaíso","Presencial","nodeID://b1727487547",20,"nodeID://b1727487546","nodeID://b1743729557",2014,4
"http://datos.infolobby.cl/infolobby/registroaudiencia/nr006ar6611","nr006ar6611","http://datos.infolobby.cl/infolobby/institucion/nr006","CAMARA DE DIPUTADOS","2014-12-17T15:00:00","2015-02-19T20:53:05.06","2020-10-15T22:04:01.563","http://datos.infolobby.cl/infolobby/comuna/5101","Valparaíso","Presencial","nodeID://b1727487551",30,"nodeID://b1727487550","nodeID://b1743729559",2014,4
"http://datos.infolobby.cl/infolobby/registroaudiencia/nr006ar6651","nr006ar6651","http://datos.infolobby.cl/infolobby/institucion/nr006","CAMARA DE DIPUTADOS","2014-12-16T16:00:00","2015-02-19T20:49:04.413","2020-10-15T22:04:02.417","http://datos.infolobby.cl/infolobby/comuna/5101","Valparaíso","Presencial","nodeID://b1727487557",15,"nodeID://b1727487556","nodeID://b1743729562",2014,4
"http://datos.infolobby.cl/infolobby/registroaudiencia/nr006ar6711","nr006ar6711","http://datos.infolobby.cl/infolobby/institucion/nr006","CAMARA DE DIPUTADOS","2014-12-17T16:00:00","2015-02-19T20:53:05.137","2020-10-15T22:04:03.81","http://datos.infolobby.cl/infolobby/comuna/5101","Valparaíso","Presencial","nodeID://b1727487567",30,"nodeID://b1727487566","nodeID://b1743729567",2014,4
"http://datos.infolobby.cl/infolobby/registroaudiencia/nr006ar6721","nr006ar6721","http://datos.infolobby.cl/infolobby/institucion/nr006","CAMARA DE DIPUTADOS","2014-12-18T16:00:00","2015-02-19T20:53:05.263","2020-10-15T22:04:04.23","http://datos.infolobby.cl/infolobby/comuna/5101","Valparaíso","Presencial","nodeID://b1727487569",20,"nodeID://b1727487568","nodeID://b1743729568",2014,4
"http://datos.infolobby.cl/infolobby/registroaudiencia/nr006ar6881","nr006ar6881","http://datos.infolobby.cl/infolobby/institucion/nr006","CAMARA DE DIPUTADOS","2014-12-16T22:00:00","2015-02-19T20:53:05.013","2020-10-15T22:04:07.693","http://datos.infolobby.cl/infolobby/comuna/5101","Valparaíso","Presencial","nodeID://b1727487595",30,"nodeID://b1727487594","nodeID://b1743729581",2014,4
"http://datos.infolobby.cl/infolobby/registroaudiencia/nr006ar7321","nr006ar7321","http://datos.infolobby.cl/infolobby/institucion/nr006","CAMARA DE DIPUTADOS","2014-12-16T16:00:00","2015-02-19T20:49:04.523","2020-10-15T22:04:13.507","http://datos.infolobby.cl/infolobby/comuna/5101","Valparaíso","Presencial","nodeID://b1727487643",30,"nodeID://b1727487642","nodeID://b1743729605",2014,4
"http://datos.infolobby.cl/infolobby/registroaudiencia/nr006ar6251","nr006ar6251","http://datos.infolobby.cl/infolobby/institucion/nr006","CAMARA DE DIPUTADOS","2014-12-09T16:00:00","2015-02-19T20:49:03.71","2020-10-15T22:03:57.52","http://datos.infolobby.cl/infolobby/comuna/5101","Valparaíso","Presencial","nodeID://b1727487519",20,"nodeID://b1727487518","nodeID://b1743729543",2014,4
"http://datos.infolobby.cl/infolobby/registroaudiencia/nr006ar6351","nr006ar6351","http://datos.infolobby.cl/infolobby/institucion/nr006","CAMARA DE DIPUTADOS","2014-12-16T14:30:00","2015-02-19T20:49:04.18","2020-10-15T22:03:58.583","http://datos.infolobby.cl/infolobby/comuna/5101","Valparaíso","Presencial","nodeID://b1727487527",20,"nodeID://b1727487526","nodeID://b1743729547",2014,4
"http://datos.infolobby.cl/infolobby/registroaudiencia/nr006ar6421","nr006ar6421","http://datos.infolobby.cl/infolobby/institucion/nr006","CAMARA DE DIPUTADOS","2014-12-16T19:45:00","2015-02-19T20:53:04.64","2020-10-15T22:03:58.817","http://datos.infolobby.cl/infolobby/comuna/5101","Valparaíso","Presencial","nodeID://b1727487529",20,"nodeID://b1727487528","nodeID://b1743729548",2014,4
"http://datos.infolobby.cl/infolobby/registroaudiencia/nr006ar6601","nr006ar6601","http://datos.infolobby.cl/infolobby/institucion/nr006","CAMARA DE DIPUTADOS","2014-12-16T20:00:00","2015-02-19T20:53:04.7","2020-10-15T22:04:01.347","http://datos.infolobby.cl/infolobby/comuna/5101","Valparaíso","Presencial","nodeID://b1727487549",45,"nodeID://b1727487548","nodeID://b1743729558",2014,4
"http://datos.infolobby.cl/infolobby/registroaudiencia/nr006ar6891","nr006ar6891","http://datos.infolobby.cl/infolobby/institucion/nr006","CAMARA DE DIPUTADOS","2014-12-11T20:00:00","2015-02-19T20:49:03.883","2020-10-15T22:04:07.917","http://datos.infolobby.cl/infolobby/comuna/5101","Valparaíso","Presencial","nodeID://b1727487597",30,"nodeID://b1727487596","nodeID://b1743729582",2014,4
"http://datos.infolobby.cl/infolobby/registroaudiencia/nr006ar6901","nr006ar6901","http://datos.infolobby.cl/infolobby/institucion/nr006","CAMARA DE DIPUTADOS","2014-12-16T20:30:00","2015-02-19T20:53:04.81","2020-10-15T22:04:08.163","http://datos.infolobby.cl/infolobby/comuna/5101","Valparaíso","Presencial","nodeID://b1727487599",25,"nodeID://b1727487598","nodeID://b1743729583",2014,4
"http://datos.infolobby.cl/infolobby/registroaudiencia/nr006ar7581","nr006ar7581","http://datos.infolobby.cl/infolobby/institucion/nr006","CAMARA DE DIPUTADOS","2014-12-16T20:30:00","2015-02-19T20:53:04.92","2020-10-15T22:04:16.917","http://datos.infolobby.cl/infolobby/comuna/5101","Valparaíso","Presencial","nodeID://b1727487669",30,"nodeID://b1727487668","nodeID://b1743729618",2014,4
"http://datos.infolobby.cl/infolobby/registroaudiencia/nr006ar8331","nr006ar8331","http://datos.infolobby.cl/infolobby/institucion/nr006","CAMARA DE DIPUTADOS","2014-12-12T16:00:00","2015-04-07T18:32:55.5","2020-10-15T22:04:27.713","http://datos.infolobby.cl/infolobby/comuna/5101","Valparaíso","Presencial","nodeID://b1727487743",45,"nodeID://b1727487742","nodeID://b1743729655",2014,4
"http://datos.infolobby.cl/infolobby/registroaudiencia/nr00812014101","nr00812014101","http://datos.infolobby.cl/infolobby/institucion/nr008","MINISTERIO PUBLICO","2014-12-18T04:00:00","2015-02-02T12:06:56.217","2015-02-02T19:59:22.137","http://datos.infolobby.cl/infolobby/comuna/10101","Puerto Montt","Presencial","nodeID://b1726605797",30,"nodeID://b1726605796","nodeID://b1743288682",2014,4
"http://datos.infolobby.cl/infolobby/registroaudiencia/nr00812014141","nr00812014141","http://datos.infolobby.cl/infolobby/institucion/nr008","MINISTERIO PUBLICO","2014-12-22T04:00:00","2015-02-02T19:59:22.37","2015-02-02T19:59:22.37","http://datos.infolobby.cl/infolobby/comuna/13101","Santiago","Presencial","nodeID://b1726605799",60,"nodeID://b1726605798","nodeID://b1743288683",2014,4
"http://datos.infolobby.cl/infolobby/registroaudiencia/nr00822014991","nr00822014991","http://datos.infolobby.cl/infolobby/institucion/nr008","MINISTERIO PUBLICO","2014-12-04T04:00:00","2015-02-02T19:59:22.587","2015-02-02T19:59:22.587","http://datos.infolobby.cl/infolobby/comuna/13101","Santiago","Presencial","nodeID://b1726605805",40,"nodeID://b1726605804","nodeID://b1743288686",2014,4
"http://datos.infolobby.cl/infolobby/registroaudiencia/nr00852014991","nr00852014991","http://datos.infolobby.cl/infolobby/institucion/nr008","MINISTERIO PUBLICO","2014-12-29T04:00:00","2015-02-02T19:59:22.917","2015-02-02T19:59:22.917","http://datos.infolobby.cl/infolobby/comuna/13101","Santiago","Presencial","nodeID://b1726605811",35,"nodeID://b1726605810","nodeID://b1743288689",2014,4
"http://datos.infolobby.cl/infolobby/registroaudiencia/nr00832014991","nr00832014991","http://datos.infolobby.cl/infolobby/institucion/nr008","MINISTERIO PUBLICO","2014-12-18T04:00:00","2015-02-02T19:59:22.79","2015-02-02T19:59:22.79","http://datos.infolobby.cl/infolobby/comuna/13101","Santiago","Presencial","nodeID://b1726605807",35,"nodeID://b1726605806","nodeID://b1743288687",2014,4
"http://datos.infolobby.cl/infolobby/registroaudiencia/nr00842014991","nr00842014991","http://datos.infolobby.cl/infolobby/institucion/nr008","MINISTERIO PUBLICO","2014-12-22T04:00:00","2015-02-02T19:59:22.837","2015-02-02T19:59:22.837","http://datos.infolobby.cl/infolobby/comuna/13101","Santiago","Presencial","nodeID://b1726605809",45,"nodeID://b1726605808","nodeID://b1743288688",2014,4
"http://datos.infolobby.cl/infolobby/registroaudiencia/nr00862014991","nr00862014991","http://datos.infolobby.cl/infolobby/institucion/nr008","MINISTERIO PUBLICO","2014-12-17T04:00:00","2015-02-02T19:59:23.057","2015-02-02T19:59:23.057","http://datos.infolobby.cl/infolobby/comuna/13101","Santiago","Presencial","nodeID://b1726605813",40,"nodeID://b1726605812","nodeID://b1743288690",2014,4
"http://datos.infolobby.cl/infolobby/registroaudiencia/nr0081201481","nr0081201481","http://datos.infolobby.cl/infolobby/institucion/nr008","MINISTERIO PUBLICO","2014-12-18T04:00:00","2015-02-02T19:59:22.463","2015-02-02T19:59:22.463","http://datos.infolobby.cl/infolobby/comuna/8101","Concepción","Presencial","nodeID://b1726605801",40,"nodeID://b1726605800","nodeID://b1743288684",2014,4
"http://datos.infolobby.cl/infolobby/registroaudiencia/nr0082201481","nr0082201481","http://datos.infolobby.cl/infolobby/institucion/nr008","MINISTERIO PUBLICO","2014-12-23T04:00:00","2015-02-02T19:59:22.51","2015-02-02T19:59:22.51","http://datos.infolobby.cl/infolobby/comuna/8101","Concepción","Presencial","nodeID://b1726605803",40,"nodeID://b1726605802","nodeID://b1743288685",2014,4
"http://datos.infolobby.cl/infolobby/registroaudiencia/ab093141","ab093141","http://datos.infolobby.cl/infolobby/institucion/ab093","SUBSECRETARÍA DE PREVENCIÓN DE DELITOS","2014-12-12T15:30:00","2015-02-03T00:27:55.367","2015-10-02T19:23:41.77","http://datos.infolobby.cl/infolobby/comuna/1","Sin Información","Presencial","nodeID://b1726615117",60,"nodeID://b1726615116","nodeID://b1743293342",2014,4
"http://datos.infolobby.cl/infolobby/registroaudiencia/ab09331","ab09331","http://datos.infolobby.cl/infolobby/institucion/ab093","SUBSECRETARÍA DE PREVENCIÓN DE DELITOS","2014-11-28T18:30:00","2015-02-03T00:27:54.477","2015-10-02T19:23:40.66","http://datos.infolobby.cl/infolobby/comuna/1","Sin Información","Presencial","nodeID://b1726615099",60,"nodeID://b1726615098","nodeID://b1743293333",2014,4
"http://datos.infolobby.cl/infolobby/registroaudiencia/ad022901","ad022901","http://datos.infolobby.cl/infolobby/institucion/ad022","SUBSECRETARIA PARA LAS FUERZAS ARMADAS","2014-12-11T12:00:00","2015-02-03T00:28:01.763","2015-10-02T19:23:49.943","http://datos.infolobby.cl/infolobby/comuna/1","Sin Información","Presencial","nodeID://b1726615237",60,"nodeID://b1726615236","nodeID://b1743293402",2014,4
"http://datos.infolobby.cl/infolobby/registroaudiencia/ad022911","ad022911","http://datos.infolobby.cl/infolobby/institucion/ad022","SUBSECRETARIA PARA LAS FUERZAS ARMADAS","2014-12-15T20:00:00","2015-02-03T00:28:01.903","2015-10-02T19:23:50.1","http://datos.infolobby.cl/infolobby/comuna/1","Sin Información","Presencial","nodeID://b1726615239",60,"nodeID://b1726615238","nodeID://b1743293403",2014,4
"http://datos.infolobby.cl/infolobby/registroaudiencia/ah011131","ah011131","http://datos.infolobby.cl/infolobby/institucion/ah011","SUBSECRETARÍA DE TURISMO","2014-12-05T13:00:00","2015-02-03T00:27:55.303","2015-10-02T19:23:41.69","http://datos.infolobby.cl/infolobby/comuna/1","Sin Información","Presencial","nodeID://b1726615115",60,"nodeID://b1726615114","nodeID://b1743293341",2014,4
"http://datos.infolobby.cl/infolobby/registroaudiencia/ah011161","ah011161","http://datos.infolobby.cl/infolobby/institucion/ah011","SUBSECRETARÍA DE TURISMO","2014-12-09T15:00:00","2015-02-03T00:27:55.523","2015-10-02T19:23:42.003","http://datos.infolobby.cl/infolobby/comuna/1","Sin Información","Presencial","nodeID://b1726615119",60,"nodeID://b1726615118","nodeID://b1743293343",2014,4
"http://datos.infolobby.cl/infolobby/registroaudiencia/ah011211","ah011211","http://datos.infolobby.cl/infolobby/institucion/ah011","SUBSECRETARÍA DE TURISMO","2014-12-04T20:00:00","2015-02-03T00:27:56.317","2015-10-02T19:23:42.61","http://datos.infolobby.cl/infolobby/comuna/1","Sin Información","Presencial","nodeID://b1726615129",60,"nodeID://b1726615128","nodeID://b1743293348",2014,4
"http://datos.infolobby.cl/infolobby/registroaudiencia/ah01141","ah01141","http://datos.infolobby.cl/infolobby/institucion/ah011","SUBSECRETARÍA DE TURISMO","2014-12-05T18:00:00","2015-02-03T00:27:54.51","2015-10-02T19:23:40.723","http://datos.infolobby.cl/infolobby/comuna/1","Sin Información","Presencial","nodeID://b1726615101",60,"nodeID://b1726615100","nodeID://b1743293334",2014,4
"http://datos.infolobby.cl/infolobby/registroaudiencia/ao0011101","ao0011101","http://datos.infolobby.cl/infolobby/institucion/ao001","SUBSECRETARÍA DE SALUD PÚBLICA ","2014-12-23T15:30:00","2015-02-03T00:28:03.383","2015-10-02T19:23:51.97","http://datos.infolobby.cl/infolobby/comuna/1","Sin Información","Presencial","nodeID://b1726615275",30,"nodeID://b1726615274","nodeID://b1743293421",2014,4
"http://datos.infolobby.cl/infolobby/registroaudiencia/ao0011111","ao0011111","http://datos.infolobby.cl/infolobby/institucion/ao001","SUBSECRETARÍA DE SALUD PÚBLICA ","2014-12-15T21:00:00","2015-02-03T00:28:03.447","2015-10-02T19:23:52.05","http://datos.infolobby.cl/infolobby/comuna/1","Sin Información","Presencial","nodeID://b1726615277",180,"nodeID://b1726615276","nodeID://b1743293422",2014,4
"http://datos.infolobby.cl/infolobby/registroaudiencia/ao001531","ao001531","http://datos.infolobby.cl/infolobby/institucion/ao001","SUBSECRETARÍA DE SALUD PÚBLICA ","2014-12-23T15:00:00","2015-02-03T00:27:58.627","2015-10-02T19:23:45.293","http://datos.infolobby.cl/infolobby/comuna/1","Sin Información","Presencial","nodeID://b1726615165",30,"nodeID://b1726615164","nodeID://b1743293366",2014,4
"http://datos.infolobby.cl/infolobby/registroaudiencia/aw002981","aw002981","http://datos.infolobby.cl/infolobby/institucion/aw002","SUBSECRETARÍA DEL MEDIO AMBIENTE","2014-12-04T16:00:00","2015-02-03T00:28:02.433","2015-10-02T19:23:50.787","http://datos.infolobby.cl/infolobby/comuna/1","Sin Información","Presencial","nodeID://b1726615253",60,"nodeID://b1726615252","nodeID://b1743293410",2014,4
"http://datos.infolobby.cl/infolobby/registroaudiencia/aw0021061","aw0021061","http://datos.infolobby.cl/infolobby/institucion/aw002","SUBSECRETARÍA DEL MEDIO AMBIENTE","2014-12-12T18:00:00","2015-02-03T00:28:02.917","2015-10-02T19:23:51.52","http://datos.infolobby.cl/infolobby/comuna/1","Sin Información","Presencial","nodeID://b1726615267",60,"nodeID://b1726615266","nodeID://b1743293417",2014,4
"http://datos.infolobby.cl/infolobby/registroaudiencia/aw0021091","aw0021091","http://datos.infolobby.cl/infolobby/institucion/aw002","SUBSECRETARÍA DEL MEDIO AMBIENTE","2014-12-15T14:30:00","2015-02-03T00:28:03.323","2015-10-02T19:23:51.893","http://datos.infolobby.cl/infolobby/comuna/1","Sin Información","Presencial","nodeID://b1726615273",60,"nodeID://b1726615272","nodeID://b1743293420",2014,4
"http://datos.infolobby.cl/infolobby/registroaudiencia/aw0021411","aw0021411","http://datos.infolobby.cl/infolobby/institucion/aw002","SUBSECRETARÍA DEL MEDIO AMBIENTE","2014-12-18T18:00:00","2015-02-03T00:28:06.473","2015-10-02T19:23:55.34","http://datos.infolobby.cl/infolobby/comuna/1","Sin Información","Presencial","nodeID://b1726615333",60,"nodeID://b1726615332","nodeID://b1743293450",2014,4
"http://datos.infolobby.cl/infolobby/registroaudiencia/aw00281","aw00281","http://datos.infolobby.cl/infolobby/institucion/aw002","SUBSECRETARÍA DEL MEDIO AMBIENTE","2014-12-02T18:00:00","2015-02-03T00:27:54.803","2015-10-02T19:23:41.097","http://datos.infolobby.cl/infolobby/comuna/1","Sin Información","Presencial","nodeID://b1726615107",60,"nodeID://b1726615106","nodeID://b1743293337",2014,4
"http://datos.infolobby.cl/infolobby/registroaudiencia/aw002961","aw002961","http://datos.infolobby.cl/infolobby/institucion/aw002","SUBSECRETARÍA DEL MEDIO AMBIENTE","2014-12-22T17:00:00","2015-02-03T00:28:02.31","2015-10-02T19:23:50.613","http://datos.infolobby.cl/infolobby/comuna/1","Sin Información","Presencial","nodeID://b1726615249",90,"nodeID://b1726615248","nodeID://b1743293408",2014,4
"http://datos.infolobby.cl/infolobby/registroaudiencia/aw0022151","aw0022151","http://datos.infolobby.cl/infolobby/institucion/aw002","SUBSECRETARÍA DEL MEDIO AMBIENTE","2014-12-02T03:30:00","2015-02-03T00:28:16.037","2015-10-02T19:24:04.747","http://datos.infolobby.cl/infolobby/comuna/1","Sin Información","Presencial","nodeID://b1726615479",60,"nodeID://b1726615478","nodeID://b1743293523",2014,4
"http://datos.infolobby.cl/infolobby/registroaudiencia/aw002971","aw002971","http://datos.infolobby.cl/infolobby/institucion/aw002","SUBSECRETARÍA DEL MEDIO AMBIENTE","2014-12-03T12:00:00","2015-02-03T00:28:02.37","2015-10-02T19:23:50.69","http://datos.infolobby.cl/infolobby/comuna/1","Sin Información","Presencial","nodeID://b1726615251",60,"nodeID://b1726615250","nodeID://b1743293409",2014,4
"http://datos.infolobby.cl/infolobby/registroaudiencia/ct00161","ct00161","http://datos.infolobby.cl/infolobby/institucion/ct001","CONSEJO PARA LA TRANSPARENCIA","2014-12-09T18:30:00","2015-02-03T00:27:54.68","2016-06-03T12:46:48.187","http://datos.infolobby.cl/infolobby/comuna/13101","Santiago","Presencial","nodeID://b1726738841",60,"nodeID://b1726738840","nodeID://b1743355204",2014,4
"http://datos.infolobby.cl/infolobby/registroaudiencia/mu0713954261","mu0713954261","http://datos.infolobby.cl/infolobby/institucion/mu071","MUNICIPALIDAD DE CUNCO","2014-12-23T10:00:00","2019-12-02T19:11:32.677","2019-12-02T19:11:32.677","http://datos.infolobby.cl/infolobby/comuna/9103","Cunco","Presencial","nodeID://b1727398897",30,"nodeID://b1727398896","nodeID://b1743685232",2014,4
"http://datos.infolobby.cl/infolobby/registroaudiencia/mu190236231","mu190236231","http://datos.infolobby.cl/infolobby/institucion/mu190","MUNICIPALIDAD DE OLMUÉ","2014-10-28T13:30:00","2016-02-26T19:16:57.703","2016-02-26T19:16:57.703","http://datos.infolobby.cl/infolobby/comuna/5803","Olmué","Presencial","nodeID://b1726683191",60,"nodeID://b1726683190","nodeID://b1743327379",2014,4
"http://datos.infolobby.cl/infolobby/registroaudiencia/nr0014071","nr0014071","http://datos.infolobby.cl/infolobby/institucion/nr001","CORPORACIÓN ADMINISTRATIVA DEL PODER JUDICIAL","2014-12-19T18:00:00","2015-10-02T19:24:26.417","2015-10-02T19:24:26.417","http://datos.infolobby.cl/infolobby/comuna/11101","Coyhaique","Presencial","nodeID://b1726615803",60,"nodeID://b1726615802","nodeID://b1743293685",2014,4
"http://datos.infolobby.cl/infolobby/registroaudiencia/nr0021211","nr0021211","http://datos.infolobby.cl/infolobby/institucion/nr002","CONTRALORIA GENERAL DE LA REPUBLICA","2014-12-22T15:00:00","2015-02-02T21:26:23.913","2015-02-03T12:46:36.533","http://datos.infolobby.cl/infolobby/comuna/13101","Santiago","Presencial","nodeID://b1726606003",0,"nodeID://b1726606002","nodeID://b1743288785",2014,4
"http://datos.infolobby.cl/infolobby/registroaudiencia/nr0021321","nr0021321","http://datos.infolobby.cl/infolobby/institucion/nr002","CONTRALORIA GENERAL DE LA REPUBLICA","2014-12-23T16:30:00","2015-02-02T21:26:24.21","2015-02-03T12:46:36.907","http://datos.infolobby.cl/infolobby/comuna/13101","Santiago","Presencial","nodeID://b1726606009",0,"nodeID://b1726606008","nodeID://b1743288788",2014,4
"http://datos.infolobby.cl/infolobby/registroaudiencia/nr0021391","nr0021391","http://datos.infolobby.cl/infolobby/institucion/nr002","CONTRALORIA GENERAL DE LA REPUBLICA","2014-12-23T14:30:00","2015-02-02T21:26:24.273","2015-02-03T12:46:36.987","http://datos.infolobby.cl/infolobby/comuna/13101","Santiago","Presencial","nodeID://b1726606011",0,"nodeID://b1726606010","nodeID://b1743288789",2014,4
"http://datos.infolobby.cl/infolobby/registroaudiencia/nr002771","nr002771","http://datos.infolobby.cl/infolobby/institucion/nr002","CONTRALORIA GENERAL DE LA REPUBLICA","2014-12-03T15:00:00","2015-02-02T21:26:23.633","2015-02-03T12:46:36.207","http://datos.infolobby.cl/infolobby/comuna/13101","Santiago","Presencial","nodeID://b1726605997",0,"nodeID://b1726605996","nodeID://b1743288782",2014,4
"http://datos.infolobby.cl/infolobby/registroaudiencia/nr0021311","nr0021311","http://datos.infolobby.cl/infolobby/institucion/nr002","CONTRALORIA GENERAL DE LA REPUBLICA","2014-12-29T16:00:00","2015-02-02T21:26:24.1","2015-02-03T12:46:36.783","http://datos.infolobby.cl/infolobby/comuna/13101","Santiago","Presencial","nodeID://b1726606007",0,"nodeID://b1726606006","nodeID://b1743288787",2014,4
"http://datos.infolobby.cl/infolobby/registroaudiencia/nr002471","nr002471","http://datos.infolobby.cl/infolobby/institucion/nr002","CONTRALORIA GENERAL DE LA REPUBLICA","2014-12-18T13:45:00","2015-02-02T21:26:23.447","2015-02-03T12:46:36.003","http://datos.infolobby.cl/infolobby/comuna/13101","Santiago","Presencial","nodeID://b1726605993",0,"nodeID://b1726605992","nodeID://b1743288780",2014,4
"http://datos.infolobby.cl/infolobby/registroaudiencia/nr002591","nr002591","http://datos.infolobby.cl/infolobby/institucion/nr002","CONTRALORIA GENERAL DE LA REPUBLICA","2014-12-01T16:00:00","2015-02-02T21:26:23.54","2015-02-03T12:46:36.11","http://datos.infolobby.cl/infolobby/comuna/13101","Santiago","Presencial","nodeID://b1726605995",0,"nodeID://b1726605994","nodeID://b1743288781",2014,4
"http://datos.infolobby.cl/infolobby/registroaudiencia/nr0021041","nr0021041","http://datos.infolobby.cl/infolobby/institucion/nr002","CONTRALORIA GENERAL DE LA REPUBLICA","2014-12-03T15:30:00","2015-02-02T21:26:23.807","2015-02-03T12:46:36.407","http://datos.infolobby.cl/infolobby/comuna/13101","Santiago","Presencial","nodeID://b1726605999",0,"nodeID://b1726605998","nodeID://b1743288783",2014,4
"http://datos.infolobby.cl/infolobby/registroaudiencia/nr0021281","nr0021281","http://datos.infolobby.cl/infolobby/institucion/nr002","CONTRALORIA GENERAL DE LA REPUBLICA","2014-12-19T00:00:00","2015-02-02T21:26:23.947","2015-02-03T20:09:43.187","http://datos.infolobby.cl/infolobby/comuna/13101","Santiago","Presencial","nodeID://b1726606019",30,"nodeID://b1726606018","nodeID://b1743288793",2014,4
"http://datos.infolobby.cl/infolobby/registroaudiencia/nr0021301","nr0021301","http://datos.infolobby.cl/infolobby/institucion/nr002","CONTRALORIA GENERAL DE LA REPUBLICA","2014-12-15T13:30:00","2015-02-02T21:26:24.023","2015-02-03T12:46:36.673","http://datos.infolobby.cl/infolobby/comuna/13101","Santiago","Presencial","nodeID://b1726606005",0,"nodeID://b1726606004","nodeID://b1743288786",2014,4
"http://datos.infolobby.cl/infolobby/registroaudiencia/nr002781","nr002781","http://datos.infolobby.cl/infolobby/institucion/nr002","CONTRALORIA GENERAL DE LA REPUBLICA","2014-12-16T00:00:00","2015-02-02T21:26:23.727","2015-02-03T20:03:40.563","http://datos.infolobby.cl/infolobby/comuna/13101","Santiago","Presencial","nodeID://b1726606017",30,"nodeID://b1726606016","nodeID://b1743288792",2014,4
"http://datos.infolobby.cl/infolobby/registroaudiencia/nr002961","nr002961","http://datos.infolobby.cl/infolobby/institucion/nr002","CONTRALORIA GENERAL DE LA REPUBLICA","2014-12-16T14:30:00","2015-02-02T21:26:24.49","2015-02-03T12:46:37.267","http://datos.infolobby.cl/infolobby/comuna/13101","Santiago","Presencial","nodeID://b1726606013",0,"nodeID://b1726606012","nodeID://b1743288790",2014,4
