"codigoActivo","activo","uriEmpLobby","codigoEmpLobby","empresaLobby","codigoAudiencia","codigoRepresentado","representado","giroRepresentado"
"adb288785c951f06deb88f1f6bbc4a53","Luis Pedro Sanguinetti","http://datos.infolobby.cl/infolobby/entidad/909430003r","909430003r","Alcatel-Lucent de Chile S.A.","an002891","adb288785c951f06deb88f1f6bbc4a53","Luis Pedro Sanguinetti",
"c4c3b2ba38fde2aa189e4a504ae443f3","Marco Meneses","http://datos.infolobby.cl/infolobby/entidad/765911605r","765911605r","Minera Florida Ltda.","as0011051","c4c3b2ba38fde2aa189e4a504ae443f3","Marco Meneses",
"cf4f2d9f795ecb27d71aef45cb1c8f62","Philip Carter Romelli","http://datos.infolobby.cl/infolobby/entidad/761086359r","761086359r","PROSE-CHILE SpA","nr00812014141","91fafb23e1cca85ed11d3456b1f87e99","Kateryn Navarro Poblete",
"cf4f2d9f795ecb27d71aef45cb1c8f62","Philip Carter Romelli","http://datos.infolobby.cl/infolobby/entidad/761086359r","761086359r","PROSE-CHILE SpA","nr00812014141","ccb4f42cffb26c9729dca08321ef528f","RODRIGO JOANNON GARCIA HUIDOBRO",
"9c408a846df65e43a7969320860210cf","MIRTHA CASAS MAYORGA","http://datos.infolobby.cl/infolobby/entidad/650744640r","650744640r"," Corporación Privada de la Producción Araucanía","nr00812014101","9c408a846df65e43a7969320860210cf","MIRTHA CASAS MAYORGA",
"0ff7013f0c17c239b7f9cb3a50c4d158","MARIA TERESA ARANA SILVA","http://datos.infolobby.cl/infolobby/entidad/74892426r","74892426r","CORPORACION CHILENA DE LA MADERA A.G.","ab001591","0ff7013f0c17c239b7f9cb3a50c4d158","MARIA TERESA ARANA SILVA",
"3141e18e9957b8f46a3638db1de8a27c","FERNANDO RAGA C.","http://datos.infolobby.cl/infolobby/entidad/6222195kr","6222195kr","CORPORACION CHILENA DE LA MADERA A.G.","ab001591","0ff7013f0c17c239b7f9cb3a50c4d158","MARIA TERESA ARANA SILVA",
"699602ece262e5cf7fc207736dcf0267","Eugenio Ravinet Muñoz","http://datos.infolobby.cl/infolobby/entidad/83655623r","83655623r","DESPEGAR.COM","am001791","699602ece262e5cf7fc207736dcf0267","Eugenio Ravinet Muñoz",
"12e62285dbe46aa79f35ef23189c49e0","Fabián Pizarro  Muñoz","http://datos.infolobby.cl/infolobby/entidad/658445707r","658445707r","Federacion  de sindicatos metro S.A.","al001361","658445707r","Federacion  de sindicatos metro S.A.","sindical"
"1550ffac132861e0c66d3327515f0bdf","Daniela Lipari Pinochet","http://datos.infolobby.cl/infolobby/entidad/769818200r","769818200r","Azerta Comunicaciones","ah001381","63850609r","TATA CONSULTANCY SERVICES CHILE S.A.","Asesores y consultores en informática"
"40f9e6618fedf7ccdda03870ea6401d0","Mauricio Sleman Dahma Shedan","http://datos.infolobby.cl/infolobby/entidad/797240605r","797240605r","Antuan Jury S.A.","ad009021","797240605r","Antuan Jury S.A.","Fabrica e importadora de ropa de trabajo, vestuario corporativo y publicitario"
"647da3de98955846801acad2dc6bbe10","MAX CORREARODRIGUEZ","http://datos.infolobby.cl/infolobby/entidad/81458500kr","81458500kr","CÁMARA CHILENA DE LA CONSTRUCCIÓN A.G.","ae001441","81458500kr","CÁMARA CHILENA DE LA CONSTRUCCIÓN A.G.","ASOCIACIÓN GREMIAL"
"6b66ab99597f19213207aebd1a963784","ISRAEL MORIS SALAS TAKAHASHI","http://datos.infolobby.cl/infolobby/entidad/761189069r","761189069r","Información, Tecnología y Consultoría S.A. IT GROUP","ad009131","761189069r","Información, Tecnología y Consultoría S.A. IT GROUP","Servicios Integrales de Informática"
"796376b28f4418a84f3d3c6ac71a6a78","Jorge Awad Mehech","http://datos.infolobby.cl/infolobby/entidad/814589005r","814589005r","Asociación de Bancos e Instituciones Financieras de Chile A.G.","ah001711","814589005r","Asociación de Bancos e Instituciones Financieras de Chile A.G.","S/I"
"a26806dce7582b03501d36e35f6de3e9","SinInformacion SinInformacion","http://datos.infolobby.cl/infolobby/entidad/30666844r","30666844r","Ernesto Corona Bozzo","nr002771","720391007r","Asociación Nacional de Televisión A.G. / ANATEL","Asociación gremial que reúne a los canales chilenos de televisión abierta de alcance nacional"
"a80b37a8654c8ba4d468203dbc00b883","Cesar Alejandro Guala Catalan","http://datos.infolobby.cl/infolobby/entidad/11111111p","11111111p","future of fish","aw002981","0b7ae9a2ae30dbe30fa3ca16c770cf0d","Pew Charitable Trusts",""
"adb288785c951f06deb88f1f6bbc4a53","Luis Pedro Sanguinetti","http://datos.infolobby.cl/infolobby/entidad/909430003r","909430003r","Alcatel-Lucent de Chile S.A.","an002891","909430003r","Alcatel-Lucent de Chile S.A.","Telecomunicaciones"
"c8ebd92519ed4b5455986a98f5ecda30","María Cristina Betancour Muñoz","http://datos.infolobby.cl/infolobby/entidad/814460002r","814460002r","Sociedad Nacional de Minería F.G.","as0011081","814460002r","Sociedad Nacional de Minería F.G.","Gremio minero"
"d7d21034a8a76a47248f83a99631e917","Alvaro Merino Lacoste","http://datos.infolobby.cl/infolobby/entidad/814460002r","814460002r","Sociedad Nacional de Minería F.G.","as0011081","814460002r","Sociedad Nacional de Minería F.G.","Gremio minero"
"df2118b36de3a39a9ba8ec4c47043436","Eujenio de la Cruz Valenzuela Arriagada","http://datos.infolobby.cl/infolobby/entidad/658445707r","658445707r","Federacion  de sindicatos metro S.A.","al001361","658445707r","Federacion  de sindicatos metro S.A.","sindical"
"64af3987a13b5500eb86c6309319bf2e","Maximiliano Bello","http://datos.infolobby.cl/infolobby/entidad/111111111p","111111111p","future of fish","aw002981","52f11a7870f519cef2e4bd62543a4311","Pew Charitable Tursts",""
"6e70db79ce442f6c9dc62e2122a26120","Marta Luisa Albornoz Tapia","http://datos.infolobby.cl/infolobby/entidad/965652701r","965652701r","Distribuidora de Productos Alimenticios S.A.","al0011141","650775341r","Federacion Nacional  de Manipuladoras de Alimento"," Alimentacion"
"81494e35f410dc26d55d25dea9f5b0b5","Jorge Mass","http://datos.infolobby.cl/infolobby/entidad/81458500kr","81458500kr","CÁMARA CHILENA DE LA CONSTRUCCIÓN A.G.","ae001441","81458500kr","CÁMARA CHILENA DE LA CONSTRUCCIÓN A.G.","ASOCIACIÓN GREMIAL"
"81494e35f410dc26d55d25dea9f5b0b5","Jorge Mass","http://datos.infolobby.cl/infolobby/entidad/81458500kr","81458500kr","CÁMARA CHILENA DE LA CONSTRUCCIÓN A.G.","ae001441","53472400r","Jorge Mas","Asociación Gremial"
"8582fb6867e82266c6cbbe590f5fb8de","Felipe Celedón Mardones","http://datos.infolobby.cl/infolobby/entidad/814460002r","814460002r","Sociedad Nacional de Minería F.G.","as0011081","814460002r","Sociedad Nacional de Minería F.G.","Gremio minero"
"8845d2c0bd70253536d844fa5b9752b3","Sergio Torreti Costa","http://datos.infolobby.cl/infolobby/entidad/81458500kr","81458500kr","CÁMARA CHILENA DE LA CONSTRUCCIÓN A.G.","ae001441","81458500kr","CÁMARA CHILENA DE LA CONSTRUCCIÓN A.G.","ASOCIACIÓN GREMIAL"
"0ff7013f0c17c239b7f9cb3a50c4d158","MARIA TERESA ARANA SILVA","http://datos.infolobby.cl/infolobby/entidad/74892426r","74892426r","CORPORACION CHILENA DE LA MADERA A.G.","ab001591","74892426r","CORPORACION CHILENA DE LA MADERA A.G.","Asociación Gremial"
"3141e18e9957b8f46a3638db1de8a27c","FERNANDO RAGA C.","http://datos.infolobby.cl/infolobby/entidad/6222195kr","6222195kr","CORPORACION CHILENA DE LA MADERA A.G.","ab001591","6222195kr","CORPORACION CHILENA DE LA MADERA A.G.","ASOCIACION GREMIAL"
"699602ece262e5cf7fc207736dcf0267","Eugenio Ravinet Muñoz","http://datos.infolobby.cl/infolobby/entidad/83655623r","83655623r","DESPEGAR.COM","am001791","83655623r","DESPEGAR.COM","turismo"
"699602ece262e5cf7fc207736dcf0267","Eugenio Ravinet Muñoz","http://datos.infolobby.cl/infolobby/entidad/83655623r","83655623r","DESPEGAR.COM","am001791","nnp","ENTRUST DATACARD CORP.","Tecnología"
"b3b8313b6e0aaa74eed0b09baa76c6cb","Fernando Alvear","http://datos.infolobby.cl/infolobby/entidad/700026604r","700026604r","Confederación de la Producción y del Comercio","ae001451","700026604r","Confederación de la Producción y del Comercio","Gremio Empresarial"
"8c8f6105c51d4b96964337c611cd0109","Bárbara Negrón","http://datos.infolobby.cl/infolobby/entidad/cbe550e5ff7ca793713ef3c82a7d72c1","cbe550e5ff7ca793713ef3c82a7d72c1","S/I                             ","nr006ar6651",,,
"a0c09dc0b27c185e68f4825083e491d4","Juan Araya","http://datos.infolobby.cl/infolobby/entidad/cbe550e5ff7ca793713ef3c82a7d72c1","cbe550e5ff7ca793713ef3c82a7d72c1","S/I                             ","nr006ar6661",,,
"a26806dce7582b03501d36e35f6de3e9","SinInformacion SinInformacion","http://datos.infolobby.cl/infolobby/entidad/650760379r","650760379r","ASOCIACIÓN DE MUNICIPALIDADES DE CHILE (AMUCH)","nr0021311",,,
"a26806dce7582b03501d36e35f6de3e9","SinInformacion SinInformacion","http://datos.infolobby.cl/infolobby/entidad/816692008r","816692008r","Pontificia Universidad Católica de Valparaíso","nr002591",,,
"a26806dce7582b03501d36e35f6de3e9","SinInformacion SinInformacion","http://datos.infolobby.cl/infolobby/entidad/828834002r","828834002r","COLEGIO DE TECNOLOGOS MÉDICOS DE CHILE AG","nr002471",,,
"ac4c9c9785c07c4ba05a8c28e113c72c","Luis Pardo Sáinz","http://datos.infolobby.cl/infolobby/entidad/cbe550e5ff7ca793713ef3c82a7d72c1","cbe550e5ff7ca793713ef3c82a7d72c1","S/I                             ","nr006ar6551",,,
"d6482922e51f7337f674dce48502a90a","Claudio Ortiz Tello","http://datos.infolobby.cl/infolobby/entidad/cbe550e5ff7ca793713ef3c82a7d72c1","cbe550e5ff7ca793713ef3c82a7d72c1","S/I                             ","nr006ar6561",,,
"dfe7a89e49e04b59b9a2906f5d086560","Mario Rojas","http://datos.infolobby.cl/infolobby/entidad/cbe550e5ff7ca793713ef3c82a7d72c1","cbe550e5ff7ca793713ef3c82a7d72c1","S/I                             ","nr006ar6651",,,
"e2e542945e4b31c3eb2b599fbfb0e136","ANDRES NAZER VEGA","http://datos.infolobby.cl/infolobby/entidad/cbe550e5ff7ca793713ef3c82a7d72c1","cbe550e5ff7ca793713ef3c82a7d72c1","S/I                             ","nr006ar6011",,,
"e2e542945e4b31c3eb2b599fbfb0e136","ANDRES NAZER VEGA","http://datos.infolobby.cl/infolobby/entidad/cbe550e5ff7ca793713ef3c82a7d72c1","cbe550e5ff7ca793713ef3c82a7d72c1","S/I                             ","nr006ar6011",,,
"ea225883c0667dd53f6ddaed739b46c3","Rafael GonzálezOlivares","http://datos.infolobby.cl/infolobby/entidad/cbe550e5ff7ca793713ef3c82a7d72c1","cbe550e5ff7ca793713ef3c82a7d72c1","S/I                             ","nr006ar6031",,,
"ee6911114e05d592065b92866609678e","Alejandro Palma Rioseco","http://datos.infolobby.cl/infolobby/entidad/cbe550e5ff7ca793713ef3c82a7d72c1","cbe550e5ff7ca793713ef3c82a7d72c1","S/I                             ","nr006ar6031",,,
"1a3177a24c76847b69f292142a427a1e","luis ortizgonzalez","http://datos.infolobby.cl/infolobby/entidad/cbe550e5ff7ca793713ef3c82a7d72c1","cbe550e5ff7ca793713ef3c82a7d72c1","S/I                             ","nr006ar6611",,,
"1ff98f3597b7ef9a119d51dec020ba2b","DAYANAOLGA BARRIOSNUÑEZ","http://datos.infolobby.cl/infolobby/entidad/cbe550e5ff7ca793713ef3c82a7d72c1","cbe550e5ff7ca793713ef3c82a7d72c1","S/I                             ","nr006ar6901",,,
"2423555a42e71a03ebad70f6351b17f6","JAVIER SOTO","http://datos.infolobby.cl/infolobby/entidad/cbe550e5ff7ca793713ef3c82a7d72c1","cbe550e5ff7ca793713ef3c82a7d72c1","S/I                             ","nr006ar6481",,,
"3edcf603b5e8e675a76eede1c310f530","Ruggero Ignacio Cozzi Elzo","http://datos.infolobby.cl/infolobby/entidad/650564871r","650564871r","Comunidad y Justicia","co001indh-11",,,
"a55da154b2424924f6a5c786dcb4798f","Juan Andres Campiglia","http://datos.infolobby.cl/infolobby/entidad/cbe550e5ff7ca793713ef3c82a7d72c1","cbe550e5ff7ca793713ef3c82a7d72c1","S/I                             ","nr006ar6901",,,
"f4524f80e951ff2886249c82195cd749","MiguelAngel RendónEscobar","http://datos.infolobby.cl/infolobby/entidad/cbe550e5ff7ca793713ef3c82a7d72c1","cbe550e5ff7ca793713ef3c82a7d72c1","S/I                             ","nr006ar6601",,,
"02365f3018374d7ea05d9a492e45139c","Eusebio PerezGutiérrez","http://datos.infolobby.cl/infolobby/entidad/cbe550e5ff7ca793713ef3c82a7d72c1","cbe550e5ff7ca793713ef3c82a7d72c1","S/I                             ","nr006ar6851",,,
"0345f4a90e2931fdacb170c06fb62f4e","Jorge Mahú","http://datos.infolobby.cl/infolobby/entidad/cbe550e5ff7ca793713ef3c82a7d72c1","cbe550e5ff7ca793713ef3c82a7d72c1","S/I                             ","nr006ar6651",,,
"1714519ccce173d2d4932c1d5e3c34f8","Paloma LizamaTapia","http://datos.infolobby.cl/infolobby/entidad/cbe550e5ff7ca793713ef3c82a7d72c1","cbe550e5ff7ca793713ef3c82a7d72c1","S/I                             ","nr006ar6591",,,
"1be2f957b751200b5fb91185cd6fd804","Alejandro Guarello","http://datos.infolobby.cl/infolobby/entidad/cbe550e5ff7ca793713ef3c82a7d72c1","cbe550e5ff7ca793713ef3c82a7d72c1","S/I                             ","nr006ar6651",,,
"1e47e489503233d3373687f4192f375f","GabrielaLeonor TorresPincheira","http://datos.infolobby.cl/infolobby/entidad/cbe550e5ff7ca793713ef3c82a7d72c1","cbe550e5ff7ca793713ef3c82a7d72c1","S/I                             ","nr006ar6881",,,
"262f803351711fdc492764be7b88d618","Manola Verdugo","http://datos.infolobby.cl/infolobby/entidad/cbe550e5ff7ca793713ef3c82a7d72c1","cbe550e5ff7ca793713ef3c82a7d72c1","S/I                             ","nr006ar7191",,,
"356129ad446b14abcbaed89097de4eb8","Hugo Álvarez","http://datos.infolobby.cl/infolobby/entidad/cbe550e5ff7ca793713ef3c82a7d72c1","cbe550e5ff7ca793713ef3c82a7d72c1","S/I                             ","nr006ar6711",,,
"36320656fbbfdf77794f6cea81505336","Hernan Murua","http://datos.infolobby.cl/infolobby/entidad/cbe550e5ff7ca793713ef3c82a7d72c1","cbe550e5ff7ca793713ef3c82a7d72c1","S/I                             ","nr006ar6721",,,
"36508022da043791b5746cd4124a0e62","José Quiñones","http://datos.infolobby.cl/infolobby/entidad/cbe550e5ff7ca793713ef3c82a7d72c1","cbe550e5ff7ca793713ef3c82a7d72c1","S/I                             ","nr006ar6711",,,
"59f59baf7b581cecf40a1ab972e39a88","Muriel Sciaraffia","http://datos.infolobby.cl/infolobby/entidad/cbe550e5ff7ca793713ef3c82a7d72c1","cbe550e5ff7ca793713ef3c82a7d72c1","S/I                             ","nr006ar6531",,,
"5e25347cdb41cf97a6a340cd46c4efeb","Magdalena MellaInostroza","http://datos.infolobby.cl/infolobby/entidad/cbe550e5ff7ca793713ef3c82a7d72c1","cbe550e5ff7ca793713ef3c82a7d72c1","S/I                             ","nr006ar7191",,,
"66c23ca38918a47da18b47b5d58bf4df","Felipe Purcell","http://datos.infolobby.cl/infolobby/entidad/cbe550e5ff7ca793713ef3c82a7d72c1","cbe550e5ff7ca793713ef3c82a7d72c1","S/I                             ","nr006ar7851",,,
"697c8b92db4fe0a7f95fef5950b476e2","Franco Cicoria","http://datos.infolobby.cl/infolobby/entidad/cbe550e5ff7ca793713ef3c82a7d72c1","cbe550e5ff7ca793713ef3c82a7d72c1","S/I                             ","nr006ar6711",,,
"70d388896d9b40017be25bf8f5c9218c","Mauricio Ortiz","http://datos.infolobby.cl/infolobby/entidad/cbe550e5ff7ca793713ef3c82a7d72c1","cbe550e5ff7ca793713ef3c82a7d72c1","S/I                             ","nr006ar6731",,,
"7a1e6d6b81448449a795abc7c6a1e23a","cristian ortiz","http://datos.infolobby.cl/infolobby/entidad/cbe550e5ff7ca793713ef3c82a7d72c1","cbe550e5ff7ca793713ef3c82a7d72c1","S/I                             ","nr006ar6611",,,
"84c134bbbd91e3f89bef47599e1a95b8","Renato de la Cerda","http://datos.infolobby.cl/infolobby/entidad/cbe550e5ff7ca793713ef3c82a7d72c1","cbe550e5ff7ca793713ef3c82a7d72c1","S/I                             ","nr006ar6851",,,
"85b2621ef1c4f2b45096a4d615714e56","Julio Albarran","http://datos.infolobby.cl/infolobby/entidad/cbe550e5ff7ca793713ef3c82a7d72c1","cbe550e5ff7ca793713ef3c82a7d72c1","S/I                             ","nr006ar6671",,,
"862fa8bbe89f31b92f67b3741ab43f64","Nano Acevedo","http://datos.infolobby.cl/infolobby/entidad/cbe550e5ff7ca793713ef3c82a7d72c1","cbe550e5ff7ca793713ef3c82a7d72c1","S/I                             ","nr006ar6351",,,
"862fa8bbe89f31b92f67b3741ab43f64","Nano Acevedo","http://datos.infolobby.cl/infolobby/entidad/cbe550e5ff7ca793713ef3c82a7d72c1","cbe550e5ff7ca793713ef3c82a7d72c1","S/I                             ","nr006ar6651",,,
"99240d90fa67b9ec5844ad19f2766df3","renair ortiznoguera","http://datos.infolobby.cl/infolobby/entidad/cbe550e5ff7ca793713ef3c82a7d72c1","cbe550e5ff7ca793713ef3c82a7d72c1","S/I                             ","nr006ar6611",,,
"9ba725879efbd39f2fe5cc43ed25a12b","hugo unzueta","http://datos.infolobby.cl/infolobby/entidad/cbe550e5ff7ca793713ef3c82a7d72c1","cbe550e5ff7ca793713ef3c82a7d72c1","S/I                             ","nr006ar6581",,,
"a15d5d3cc2518119e20599ecef7c8a53","Williams ReyesCastillo","http://datos.infolobby.cl/infolobby/entidad/cbe550e5ff7ca793713ef3c82a7d72c1","cbe550e5ff7ca793713ef3c82a7d72c1","S/I                             ","nr006ar6891",,,
"aed34d7f4cbdaa93551306436a8bee64","Marcela Galazcarreño","http://datos.infolobby.cl/infolobby/entidad/cbe550e5ff7ca793713ef3c82a7d72c1","cbe550e5ff7ca793713ef3c82a7d72c1","S/I                             ","nr006ar7191",,,
"cd2960cc42cec1eec1e79dbca1355d22","JuanLuis TapiaDonoso","http://datos.infolobby.cl/infolobby/entidad/cbe550e5ff7ca793713ef3c82a7d72c1","cbe550e5ff7ca793713ef3c82a7d72c1","S/I                             ","nr006ar6251",,,
"de6a667cd3f24bf8ccd5de9736e7829d","ManuelIgnacio NazarPeña","http://datos.infolobby.cl/infolobby/entidad/cbe550e5ff7ca793713ef3c82a7d72c1","cbe550e5ff7ca793713ef3c82a7d72c1","S/I                             ","nr006ar7321",,,
"e43f1d44c31127c49c0f9afcb1451884","María Teresa Ovalle","http://datos.infolobby.cl/infolobby/entidad/cbe550e5ff7ca793713ef3c82a7d72c1","cbe550e5ff7ca793713ef3c82a7d72c1","S/I                             ","nr006ar6031",,,
"e995fe4f1c2dee833b7f9f561b89bf7d","Walter Richard Droguett Orellana","http://datos.infolobby.cl/infolobby/entidad/cbe550e5ff7ca793713ef3c82a7d72c1","cbe550e5ff7ca793713ef3c82a7d72c1","S/I                             ","nr006ar6471",,,
"e9a51a1f392fb27eadfbea4c6ab7004d","ERIC ANDRÉS AICHELE ROMERO","http://datos.infolobby.cl/infolobby/entidad/cbe550e5ff7ca793713ef3c82a7d72c1","cbe550e5ff7ca793713ef3c82a7d72c1","S/I                             ","nr006ar6891",,,
"ec7f724d6dfb073d478e29b2b1d71a2c","ANALIA CORTES","http://datos.infolobby.cl/infolobby/entidad/cbe550e5ff7ca793713ef3c82a7d72c1","cbe550e5ff7ca793713ef3c82a7d72c1","S/I                             ","nr006ar6671",,,
"f2fad8b263aac83a6baa7cbfd23d8f9f","Pamela Cubillos","http://datos.infolobby.cl/infolobby/entidad/cbe550e5ff7ca793713ef3c82a7d72c1","cbe550e5ff7ca793713ef3c82a7d72c1","S/I                             ","nr006ar6711",,,
"1317469ab67ac731341e4786adf52e1c","Cristian Vergara","http://datos.infolobby.cl/infolobby/entidad/cbe550e5ff7ca793713ef3c82a7d72c1","cbe550e5ff7ca793713ef3c82a7d72c1","S/I                             ","nr006ar6471",,,
"25c4c4e134e6a2a786f3127dacb4caac","Raúl Morales Lártiga","http://datos.infolobby.cl/infolobby/entidad/cbe550e5ff7ca793713ef3c82a7d72c1","cbe550e5ff7ca793713ef3c82a7d72c1","S/I                             ","nr006ar6421",,,
"43e4474b2e14b5b22e9d7c3b45e70b4c","Cristián Laborda","http://datos.infolobby.cl/infolobby/entidad/cbe550e5ff7ca793713ef3c82a7d72c1","cbe550e5ff7ca793713ef3c82a7d72c1","S/I                             ","nr006ar7191",,,
"4f9e4629cff8c5dd2f3c7220df35ff46","HugoPatricio AhumadaCallejas","http://datos.infolobby.cl/infolobby/entidad/cbe550e5ff7ca793713ef3c82a7d72c1","cbe550e5ff7ca793713ef3c82a7d72c1","S/I                             ","nr006ar6721",,,
"66e4dc8860124d50d73fe386b6e9d374","elizabeth salinas","http://datos.infolobby.cl/infolobby/entidad/cbe550e5ff7ca793713ef3c82a7d72c1","cbe550e5ff7ca793713ef3c82a7d72c1","S/I                             ","nr006ar6011",,,
"66e4dc8860124d50d73fe386b6e9d374","elizabeth salinas","http://datos.infolobby.cl/infolobby/entidad/cbe550e5ff7ca793713ef3c82a7d72c1","cbe550e5ff7ca793713ef3c82a7d72c1","S/I                             ","nr006ar6011",,,
"6ad0facf26b131d8627b18536f954dad","Pedro Rodriguez","http://datos.infolobby.cl/infolobby/entidad/cbe550e5ff7ca793713ef3c82a7d72c1","cbe550e5ff7ca793713ef3c82a7d72c1","S/I                             ","nr006ar6421",,,
"8b873093dc090169ef1c9829d0c59825","Juan Somavia","http://datos.infolobby.cl/infolobby/entidad/cbe550e5ff7ca793713ef3c82a7d72c1","cbe550e5ff7ca793713ef3c82a7d72c1","S/I                             ","nr006ar7851",,,
"b77c1c7f58ff298462d9cf675063c060","Felipe del Solar Agüero","http://datos.infolobby.cl/infolobby/entidad/cbe550e5ff7ca793713ef3c82a7d72c1","cbe550e5ff7ca793713ef3c82a7d72c1","S/I                             ","nr006ar6031",,,
"b93eed3e57e510c726f705a3b8907cea","MaríaFrancisca ValenzuelaTapia","http://datos.infolobby.cl/infolobby/entidad/cbe550e5ff7ca793713ef3c82a7d72c1","cbe550e5ff7ca793713ef3c82a7d72c1","S/I                             ","nr006ar6591",,,
"b93eed3e57e510c726f705a3b8907cea","MaríaFrancisca ValenzuelaTapia","http://datos.infolobby.cl/infolobby/entidad/cbe550e5ff7ca793713ef3c82a7d72c1","cbe550e5ff7ca793713ef3c82a7d72c1","S/I                             ","nr006ar6901",,,
"b93eed3e57e510c726f705a3b8907cea","MaríaFrancisca ValenzuelaTapia","http://datos.infolobby.cl/infolobby/entidad/cbe550e5ff7ca793713ef3c82a7d72c1","cbe550e5ff7ca793713ef3c82a7d72c1","S/I                             ","nr006ar7581",,,
"c4dd4769cae3bca83cd873a9ee4d5022","CECILIA RODRIGUEZ","http://datos.infolobby.cl/infolobby/entidad/cbe550e5ff7ca793713ef3c82a7d72c1","cbe550e5ff7ca793713ef3c82a7d72c1","S/I                             ","nr006ar6481",,,
"dd23d64d0beb225b7825ab93ea08affd","Ruben Berrios","http://datos.infolobby.cl/infolobby/entidad/cbe550e5ff7ca793713ef3c82a7d72c1","cbe550e5ff7ca793713ef3c82a7d72c1","S/I                             ","nr006ar6581",,,
"e59619b87f44ba40099153b01c17e3f5","ERNESTO TIRONI BARRIOS","http://datos.infolobby.cl/infolobby/entidad/cbe550e5ff7ca793713ef3c82a7d72c1","cbe550e5ff7ca793713ef3c82a7d72c1","S/I                             ","nr006ar8331",,,
"fe17bfbca19d84cd7583aa79808f9d93","joel zuñiga","http://datos.infolobby.cl/infolobby/entidad/cbe550e5ff7ca793713ef3c82a7d72c1","cbe550e5ff7ca793713ef3c82a7d72c1","S/I                             ","nr006ar6581",,,
"035c6a38dd80166709d1ea2628cee205","José Miguel Ossandón",,,,"am001211821","228b7492436f9efd881775929e63010a","Junta de Vecinos A-14 ""Parque Mons. Escrivá de Balaguer No informado",
"87928a9e11835d1126025e1b7069c0bf","Giuliano Michel Reynuaba Salas",,,,"ah002551","87928a9e11835d1126025e1b7069c0bf","Giuliano Michel Reynuaba Salas",
"925860c5fee1f80d3389c446ed5270e4","Thomas Keller Lippold",,,,"au002511","673bc05183c3244d181e6a4714fb3b40","COLBÚN S.A. No informado",
"925860c5fee1f80d3389c446ed5270e4","Thomas Keller Lippold",,,,"au002511","925860c5fee1f80d3389c446ed5270e4","Thomas Keller Lippold",
"93186bc468c308bd69df6a487b6c5f9f","María Elisa Casitllo Niño",,,,"ar001241","93186bc468c308bd69df6a487b6c5f9f","María Elisa Casitllo Niño",
"99b130da3e8460912af984647c1be3b5","Carmen Schmitt Yoma",,,,"am001211821","99b130da3e8460912af984647c1be3b5","Carmen Schmitt Yoma",
"a53f211b812965ba3a575dbfbde0d83e","Patricio LópezPichipil",,,,"ao001531","7ad34e18527fca46ac5eccb0cc51fafe","Colegio de Cirujano Dentistas de Chile A.G. No informado",
"a7e4740b253e73ec5a32346af0bfa065","Patricio Herman",,,,"am001211821","a7e4740b253e73ec5a32346af0bfa065","Patricio Herman",
"cc0c4eed49d565f853b498627d1dfd34","Jaime AcuñaDAvino",,,,"ao001531","7ad34e18527fca46ac5eccb0cc51fafe","Colegio de Cirujano Dentistas de Chile A.G. No informado",
"e87d04ed9d06d5dd6bc29b1fe0c79f7c","Roberto Celedon Fernandez",,,,"aw0021411","e87d04ed9d06d5dd6bc29b1fe0c79f7c","Roberto Celedon Fernandez",
"fb905a700728e1c487db39035b7ea8f3","Pablo Redondo Schmitt",,,,"am001211821","fb905a700728e1c487db39035b7ea8f3","Pablo Redondo Schmitt",
"012a9068f3c79bfb4b7047bdc51bbaa6","Eugenio Tuma Zedán",,,,"al001471","012a9068f3c79bfb4b7047bdc51bbaa6","Eugenio Tuma Zedán",
"1e944409205012e0a970fe85077eb668","DIEGO SAVINO",,,,"am001811","1e944409205012e0a970fe85077eb668","DIEGO SAVINO",
"1e944409205012e0a970fe85077eb668","DIEGO SAVINO",,,,"am001811","4d2f6fdfacac9f7df9e0397697171ad6","Eduardo Larrabe",
"2035a1a11dafb3c48cb1db915828972e","Ignacio Funes",,,,"aw00281","2035a1a11dafb3c48cb1db915828972e","Ignacio Funes",
"4804a589a745ef5352bd4c3c6628fbd9","ÁngelRaúl CortesBarraza",,,,"ah002551","4804a589a745ef5352bd4c3c6628fbd9","ÁngelRaúl CortesBarraza",
"701aea974a7259a875734b3c42329f20","Juan Eduardo Saldivia",,,,"am001811","4d2f6fdfacac9f7df9e0397697171ad6","Eduardo Larrabe",
"701aea974a7259a875734b3c42329f20","Juan Eduardo Saldivia",,,,"am001811","701aea974a7259a875734b3c42329f20","Juan Eduardo Saldivia",
"701aea974a7259a875734b3c42329f20","Juan Eduardo Saldivia",,,,"am001811","f7844ff8396624892766a4655e48f7cb","Inmobiliaria Tierras del Sur Limitada No informado",
"717fa91cc1b6258469f2c38a22cc9f5e","Ruben Gutierrez Gotor",,,,"as0011021","717fa91cc1b6258469f2c38a22cc9f5e","Ruben Gutierrez Gotor",
"717fa91cc1b6258469f2c38a22cc9f5e","Ruben Gutierrez Gotor",,,,"aw0022151","717fa91cc1b6258469f2c38a22cc9f5e","Ruben Gutierrez Gotor",
"bce414be04b375ff98e1539be5606771","Carlos Valenzuela Silva",,,,"ab093141","bce414be04b375ff98e1539be5606771","Carlos Valenzuela Silva",
"c19f039264affe1c3fe93bd1449f1e63","Alejandro Guillier Álvarez",,,,"nr00842014991","187d3c845c80f443154ed9b70505426c","Francisco Martinson García",
"c1f1f99632d33b4cbfe7e1f85355151e","Manuel Díaz",,,,"ar001261","5c73aed26b84fd22ebd2061bfeef5aab","PROGEA U.DE CHILE Clerc",
"e33513602fa9b78703e7aa3d46985bba","Alfonso De Urresti Longton",,,,"nr00832014991","143c91adb6582473be92b0ed8f525296","Angela Díaz Mancilla",
"14142e6ed6e61e00e7285ce3b013c419","Cristobal Eduardo Ubilla Cuevas",,,,"ba001951","ee653a5d580cd6d0b8d312555f5f4467","Cristian Ignacio Dettoni Jorquera",
"570dd066b15631ec692017128756a47a","ANA MARIA GUILLON DIAZ",,,,"nr0014071","d43963d44fd8d3a7af56eb493874555c","JORGE FERNANDEZ CASTRO No informado",
"b7b72f7bb0b2226f02c787f7c97d2781","Juan Antonio Loste",,,,"as0011001","520b1abf846780cdb8c7d59196459db5","Francisco orrego bauza",
"0ff7013f0c17c239b7f9cb3a50c4d158","MARIA TERESA ARANA SILVA",,,,"ar001261","0ff7013f0c17c239b7f9cb3a50c4d158","MARIA TERESA ARANA SILVA",
"11d033a99d4893a60c1c404b73cc5b22","Jose Tomas Letelier Vial",,,,"as0011011","11d033a99d4893a60c1c404b73cc5b22","Jose Tomas Letelier Vial",
"261e81062e893e0487b67e4b49c164ce","Juan Carlos Olcay",,,,"am00121","261e81062e893e0487b67e4b49c164ce","Juan Carlos Olcay",
"2a5c9bc85043f71ed2e7a48cab761c8f","Comité Unión Demócrata Independiente    ",,,,"ad022911","2a5c9bc85043f71ed2e7a48cab761c8f","Comité Unión Demócrata Independiente    ",
"3141e18e9957b8f46a3638db1de8a27c","FERNANDO RAGA C.",,,,"ar001261","3141e18e9957b8f46a3638db1de8a27c","FERNANDO RAGA C.",
"475ec0924a476f1923caba260c600cb0","Luis Muñoz Rupérez",,,,"an001631","475ec0924a476f1923caba260c600cb0","Luis Muñoz Rupérez",
"488a388a8f5bc1f4ab5bcc4eea87f724","MARCELA ALLUE",,,,"am001811","4d2f6fdfacac9f7df9e0397697171ad6","Eduardo Larrabe",
"488a388a8f5bc1f4ab5bcc4eea87f724","MARCELA ALLUE",,,,"am001811","488a388a8f5bc1f4ab5bcc4eea87f724","MARCELA ALLUE",
"520b1abf846780cdb8c7d59196459db5","Francisco orrego bauza",,,,"as0011001","520b1abf846780cdb8c7d59196459db5","Francisco orrego bauza",
"533a4eaf23a513caacfd2a6ae9d2651a","CARLOS KATTAN",,,,"am001811","4d2f6fdfacac9f7df9e0397697171ad6","Eduardo Larrabe",
"74902a4a8f99c8505ca49c1e609eb75a","Marcelo Seguradiaz",,,,"ah002551","74902a4a8f99c8505ca49c1e609eb75a","Marcelo Seguradiaz",
"994fdeab7e11a7b4af0e7c2e635feb2a","LUIS MIGUEL DE PABLO",,,,"am001811","4d2f6fdfacac9f7df9e0397697171ad6","Eduardo Larrabe",
"994fdeab7e11a7b4af0e7c2e635feb2a","LUIS MIGUEL DE PABLO",,,,"am001811","1261cb17c6cb854138c43db5dfe5d994","ALEJANDRO CIFUENTES CELEDON",
"994fdeab7e11a7b4af0e7c2e635feb2a","LUIS MIGUEL DE PABLO",,,,"am001811","994fdeab7e11a7b4af0e7c2e635feb2a","LUIS MIGUEL DE PABLO",
"ae307ad89cbc11f4279a0e4aee37d5dd","Daniel Andrés Rodríguez Claverol",,,,"aw0021411","ae307ad89cbc11f4279a0e4aee37d5dd","Daniel Andrés Rodríguez Claverol",
"af79b2aab6f67ca6a376f5634184925f","EDUARDO LARRABE",,,,"am001811","4d2f6fdfacac9f7df9e0397697171ad6","Eduardo Larrabe",
"af79b2aab6f67ca6a376f5634184925f","EDUARDO LARRABE",,,,"am001811","af79b2aab6f67ca6a376f5634184925f","EDUARDO LARRABE",
"b22e7fa347a806d3a656be0977cf88d9","René Ureta Quintana",,,,"am00121","b22e7fa347a806d3a656be0977cf88d9","René Ureta Quintana",
"d77ebc299105feb82af20e8224a78ed9","Miguel Avalos Medina",,,,"ah002551","d77ebc299105feb82af20e8224a78ed9","Miguel Avalos Medina",
"fb6fd4866ca1b6e3feb0429523a9ac8c","Ernesto Escobar Chinchilla",,,,"aw002981","64af3987a13b5500eb86c6309319bf2e","Maximiliano Bello",
"00616a9cc836ded4ce0ab878f67a8e0a","Gonzalo Rojo",,,,"aw00281","00616a9cc836ded4ce0ab878f67a8e0a","Gonzalo Rojo",
"0a39bec8a48e5d216fe3551c46e7300f","Cecilia Castillo Lancellotti",,,,"af001121","0a39bec8a48e5d216fe3551c46e7300f","Cecilia Castillo Lancellotti",
"0a7f5740bfb3ee35b75dc43b0e80bfdd","Jorge Eugenio Spencer Soublette",,,,"as0011041","0a7f5740bfb3ee35b75dc43b0e80bfdd","Jorge Eugenio Spencer Soublette",
"249198a68e2a7857ce4915ab17be9d82","Asociación de Agricultores de la Provincia de Petorca A.G. No informado",,,,"am001801","249198a68e2a7857ce4915ab17be9d82","Asociación de Agricultores de la Provincia de Petorca A.G. No informado",
"34fb234de8a34a3e2b3ef9437486195d","Nelly Navarrete Urrutia",,,,"am001781","34fb234de8a34a3e2b3ef9437486195d","Nelly Navarrete Urrutia",
"4a60a56be803786bb4d4ccce0aab795b","Nuncio Lamas",,,,"aw00281","4a60a56be803786bb4d4ccce0aab795b","Nuncio Lamas",
"4d550cfe1a8d8fc34460b092ed61708a","Jorge Enrique Precht Pizarro",,,,"au002581","4d550cfe1a8d8fc34460b092ed61708a","Jorge Enrique Precht Pizarro",
"6629fa40a52ba7540563a547b8ceed72","José Polanco Varas",,,,"ap001231","6629fa40a52ba7540563a547b8ceed72","José Polanco Varas",
"82daa9bbbc69accebe26daa1e49b9fad","Felipe Perello",,,,"aw00281","82daa9bbbc69accebe26daa1e49b9fad","Felipe Perello",
"ce411d870ece8cfc6873fbc8a3240356","Hubert Linders",,,,"af001121","ce411d870ece8cfc6873fbc8a3240356","Hubert Linders",
"e193f9a5948f82c417b88e778092b243","Jorge Correa Dubri",,,,"ar001261","e193f9a5948f82c417b88e778092b243","Jorge Correa Dubri",
"2b9874bd64e43cadd5f92e36998dfa20","Katherine Garrtsman García",,,,"mu0713954261","2b9874bd64e43cadd5f92e36998dfa20","Katherine Garrtsman García",
"9dee4dc0bd4d28cff5ae98991bce637b","Ricardo Paredes",,,,"as0011051","9dee4dc0bd4d28cff5ae98991bce637b","Ricardo Paredes",
"38eed1bc62e3592a7a84de77746e6430","MARIA CATALINA OLAVARRIA MUÑOZ",,,,"mu190236231","38eed1bc62e3592a7a84de77746e6430","MARIA CATALINA OLAVARRIA MUÑOZ",
"4dc4407301835a0af885c4384f9b7c27","Paula Isabel Sánchez Cabello",,,,"aw0021411","4dc4407301835a0af885c4384f9b7c27","Paula Isabel Sánchez Cabello",
"6cc02db9db5ec5356682057f5e2e3255","Rodrigo andres soto vivar",,,,"ab09331","6cc02db9db5ec5356682057f5e2e3255","Rodrigo andres soto vivar",
"859ae7899b136cf8ae4d3acdf2f8a216","Felipe Macaya Araya",,,,"ap001231","859ae7899b136cf8ae4d3acdf2f8a216","Felipe Macaya Araya",
"cf78ef82756a97c5f35e9ee14d25d595","Manuel Neira",,,,"ba001931","cf78ef82756a97c5f35e9ee14d25d595","Manuel Neira",
"e8e3d8c5630ef214845b591d40fb91f8","Cristóbal Cuadrado",,,,"af001121","e8e3d8c5630ef214845b591d40fb91f8","Cristóbal Cuadrado",
"1407ee7cb5c983280050435ea83a78a9","Arturo Barrios",,,,"ba001931","1407ee7cb5c983280050435ea83a78a9","Arturo Barrios",
"4f3c596b979c3987bced73bff6b9f34b","Gustavo Alex Mienert Rauna No informado",,,,"an0011181","4f3c596b979c3987bced73bff6b9f34b","Gustavo Alex Mienert Rauna No informado",
"6419b83e302ba49193e6182ea889393c","Patricia del Rosario Sánchez Luna",,,,"ad008701","6419b83e302ba49193e6182ea889393c","Patricia del Rosario Sánchez Luna",
"6b338b56ba0d49b64566db5c3c1a95b7","José Luis Contreras Muñoz",,,,"af001121","6b338b56ba0d49b64566db5c3c1a95b7","José Luis Contreras Muñoz",
"810ef3ebd80a0b13e2b7435fd2822f09","Waldo Rojas Soto",,,,"aw002971","810ef3ebd80a0b13e2b7435fd2822f09","Waldo Rojas Soto",
"81e15b007d957bfc56700bec4643e34d","Arturo Brandt",,,,"as0011001","81e15b007d957bfc56700bec4643e34d","Arturo Brandt",
"aeb54d13958355a9443c5a66ffb8eac5","Marcelo López Betancourt",,,,"ab093141","aeb54d13958355a9443c5a66ffb8eac5","Marcelo López Betancourt",
"ebd5b47099f8bcbae1e21863f665043b","jaime belisario espinoza alarcon",,,,"ad0081121","ebd5b47099f8bcbae1e21863f665043b","jaime belisario espinoza alarcon",
"f6ed417fffbf975aaeaa9a04ba5dfc68","Eloy Patricio Parra Vásquez",,,,"nr0082201481","9f5655920efc04d4c66b04667b8fe908","Juan Fernando Opazo De la Fuente",
"f6ed417fffbf975aaeaa9a04ba5dfc68","Eloy Patricio Parra Vásquez",,,,"nr0082201481","f6ed417fffbf975aaeaa9a04ba5dfc68","Eloy Patricio Parra Vásquez",
"04cbb4a9c7df1def4bd873a26502a89f","Fernán Errazuriz Greene",,,,"ad006691","04cbb4a9c7df1def4bd873a26502a89f","Fernán Errazuriz Greene",
"082855d68c6c3cbb06807c0010696747","Pablo Alfonso Alamos Jordan",,,,"ad006691","082855d68c6c3cbb06807c0010696747","Pablo Alfonso Alamos Jordan",
"1667e47c371a203c802f5b27f0350683","Maritza Cortés Chandía",,,,"am001781","1667e47c371a203c802f5b27f0350683","Maritza Cortés Chandía",
"5c73aed26b84fd22ebd2061bfeef5aab","PROGEA U.DE CHILE Clerc",,,,"ar001261","5c73aed26b84fd22ebd2061bfeef5aab","PROGEA U.DE CHILE Clerc",
"652cad123222b2d87175f75b69311f46","Leslie Muñoz Rodríguez",,,,"ap001231","652cad123222b2d87175f75b69311f46","Leslie Muñoz Rodríguez",
"85dbed4918ba21086d69664ed5ec82e2","MOISES YAÑEZ",,,,"ap001231","85dbed4918ba21086d69664ed5ec82e2","MOISES YAÑEZ",
"8f28ec3bf4ca8da6111606782a4766f6","Bladimir Painecura Quirilao",,,,"am001681","8f28ec3bf4ca8da6111606782a4766f6","Bladimir Painecura Quirilao",
"9ac1166b36db2d037558270b015f1b90","Rocio Andrea Lineros Torrealba",,,,"aw0021411","9ac1166b36db2d037558270b015f1b90","Rocio Andrea Lineros Torrealba",
"c287628204083305e0939b9e60ecb0d9","Rodrigo Plaza Muñoz",,,,"am001781","c287628204083305e0939b9e60ecb0d9","Rodrigo Plaza Muñoz",
"ee653a5d580cd6d0b8d312555f5f4467","Cristian Ignacio Dettoni Jorquera",,,,"ba001951","ee653a5d580cd6d0b8d312555f5f4467","Cristian Ignacio Dettoni Jorquera",
"64b1a8708671cef891d9d5d03764d9d1","Sergio Lira Herrera",,,,"nr00862014991","9f6ae101e0fa3ebffde35e694217a9f1","Ricardo Rivera Duque",
"023f6060a4b688afb32a864ff871c3d6","Henry Manzano Zahr",,,,"ah001381","763850609r","Tata Consultancy Services Chile S.A.","Servicios de tecnología de la información, archivo físico"
"0289868a5b82677ef5e5dac9c2f04ac9","Ivan Morovic",,,,"ad006751","760441104r","VM&G Construcciones Limitada","Construccion"
"035c6a38dd80166709d1ea2628cee205","José Miguel Ossandón",,,,"am001211821","658406701r","Junta de Vecinos A-14 ""Parque Mons. Escrivá de Balaguer""","Junta de Vecinos"
"0695d98560caf77ca0871b23d6800954","Rodrigo Salamanca",,,,"al001171","8ac343342d3fee56d12e52911f6d26d4","Coordinadora Federación de sindicatos Cencosud - París",""
"0a31020fd8d89b29b9c70d799df5fca0","Midori Morita",,,,"nr00822014991","699036005r","Embajada de Japón","embajada"
"0a31020fd8d89b29b9c70d799df5fca0","Midori Morita",,,,"nr00822014991","96623220kr","Volterra S.A.","Comercialización y producción de astillas de madera"
"0b642a288e4ed869ecc8af791799a4a9","Ivonne Navarrete",,,,"al002191","87b59cd434be824d62f5a3cff3955d35","Asociacion Nacional Receptores Judiciales",""
"0cb83c53e3688a59aa9a5c6ba9869e5a","Daniel José Fitipaldo",,,,"an002891","909430003r","Alcatel-Lucent de Chile S.A.","Telecomunicaciones"
"152ca2d0dc07b2c89c0aa0669d5a880e","Andrés Salvador Hidalgo Escandell",,,,"an0011171","760324590r","Sociedad de Capacitación Structuralia Chile limitada","Servicios de Capacitación"
"18d3c763dccc28c778620f0bc77c96e4","Leonardo Alfredo Meyer Zúñiga",,,,"ah011161","761989081r","Newsholding S.P.A.","Publicidad y medios de comunicación"
"1a0cf3a4fa03989d3dcc767c3b736f97","MAXIME REDONDO",,,,"ad008201","760837881r","ROLLER GROUP LIMITADA","COMERCIALIZADORA INDUSTRIAL"
"1eadba1b9f08b850c3e7883e9b16f748","Amos Kendler Kendler",,,,"an002831","78144890r","Consultora Apolonia Ratinoff E.I.R.L.","Consultora"
"1f9913b5fbb05eb06e20bb9c22bb0a3a","ALVARO ARMANDO SALVADOR SARRA LOYOLA",,,,"ad006721","968567802r","Isapre Consalud S.A.","Planes de Salud"
"20a96b0208a6c7f08ea803def55b3783","Hernán Vergara Leiva",,,,"am001211821","658406701r","Junta de Vecinos A-14 ""Parque Mons. Escrivá de Balaguer""","Junta de Vecinos"
"20c057cd841161783b9af4d83fa10cac","Carlos Filidor Gonzalez Salazar",,,,"au002521","761789686r","Pacific Solar S.A.","Desarrollo de proyectos de energía renovables"
"22f115ac40c7baea1f0c069fc473023d","Carlos Gonzalez",,,,"al001181","760310719r","salcobrand SA","Farmacia"
"23a5b5efa7b5dfe7e95dfe66900f8bc7","José Apablaza",,,,"al001171","315f5a3e364a95a94b5b8149632c130d","Coordinadora federación de Sindicatos París- Cencosud",""
"24dbeb745baa9502a21134c026a6cda0","ENRIQUE MANZUR",,,,"ap001231","609100001r","Museo de Arte Contemporàneo","Educacion"
"2b768f5acbac73517d946e166e9575fd","Antonio Llabrés Mut",,,,"ah01141","864986007r","Novojet Chile S.A.","turismo"
"3cb531dc65d2486c941254aa32b69fd2","Nataly Ninosca Cornejo Briones",,,,"ap00171","650796845r","Grupo Habitacional Bicentenario","Social"
"3f62b16735cfaa5193f182982342b882","PedroPablo HernándezPérez",,,,"ak001621","723239001r","ASOCIACION NACIONAL DE FUNCIONARIOS PENITENCIARIOS","GREMIO"
"3f62b16735cfaa5193f182982342b882","PedroPablo HernándezPérez",,,,"ak001621","91787148r","ANFUP Asociación Gremial","Dirigente Gremial y presidente"
"4909dd665ba57ad8fdec5e8c6afa23c7","Sandra Muñoz Rioseco",,,,"ap00171","650908031r","Comité Habitacional Don Fermin I","Organización Social"
"4976ae71cf504012ec53f59d3f57569c","Filomena Muñoz Jara",,,,"ap0011131","650806530r","Comité de vivienda Los Copihues","Comité de vivienda"
"4b04a3d627f8e3bfd7658f908195e1e5","Liliana Breve Viveros",,,,"ap0011131","658876104r","Comité de Vivienda Villa El Estero","Comité de Vivienda"
"4bbd1cf076eabf2d0fc4a6e10e4cc8a5","Rafael Larrain Prieto",,,,"ar001391","137f01c28550a213a7bf232ba23ecbc4","Agricola Hacienda Canteras",""
"4ece09377382a3ee22ecd568d0dfc6d4","Juan Pablo Marré Grez",,,,"an001631","947270001r","Grupo Gtd","Telecomunicaciones"
"54adb8802b2dd5ca78a29d68ab6bf0b1","JUAN YAÑEZ JARA",,,,"ap001231","04d44b4bf6fa82c0763046ac40a11b7e","COMITE DE ALLEGADOS FUTURO ESPERANZA",""
"55befa3ba0b39de14441ba94a80628bc","Eduardo Barrera Urrutia",,,,"am001211821","658406701r","Junta de Vecinos A-14 ""Parque Mons. Escrivá de Balaguer""","Junta de Vecinos"
"5f2e54ac45c2c6953a2fb03f68e860d8","JUAN ENRIQUE SUAREZ",,,,"am001761","798009001r","Transportes Delfos SpA","Transporte de pasajeros"
"5f2e54ac45c2c6953a2fb03f68e860d8","JUAN ENRIQUE SUAREZ",,,,"am001771","798009001r","Transportes Delfos SpA","Transporte de pasajeros"
"5f95d4fc77e0fffb02ec41bce0832d33","Cristian Matetic Hartard",,,,"ar001391","137f01c28550a213a7bf232ba23ecbc4","Agricola Hacienda Canteras",""
"646e328aef4f76152e2113d67dbb2c5e","Graeme Sloan",,,,"as0011031","768601402r","Herencia Resources S.A.","Exploracion Minera"
"653775320a4d0ef86423f50707b1a5e8","GERALDO GOMES",,,,"ad022901","07689002000189p","EMBRAER DEFENSA & SEGURIDAD","IND E COM AVIONES Y SISTEMAS DE DEFENSA"
"657ef4bb466e7160bbe1b049a8bca31a","HERNAN FELIPE JOHNSON HOSES",,,,"aj001651","700134407r","asociacion hogar de niños arturo prat","servicios sociales con alojamiento"
"6cd07f383fdac78523c536d734f519bd","Eliecer Castillo",,,,"ad022911","111111111r","Prince Street Capital Management","-"
"6ec831ff1f13af2b538be4af976ba9c6","Estanislao Peña",,,,"an002881","789216908r","WOM S.A.","Telecomunicaciones"
"6fbe9d7a5154dca72f8b252aec703d9e","Luis Chamorro Díaz",,,,"nr0081201481","858052009r","Forestal Arauco S.A.","Forestación, manejo, explotación y serv. forestales"
"72a1d8b59eab9c04ed4fc8188d8abb3c","Carlos Pérez Cortes",,,,"ao0011101","3782c3abcbf6b9aae7a2c6c742f528b1","Carlos Perez Cortes",""
"7ab6ffa1c7ee939770f0311af6be5d49","CARLOS FERNANDO SCHNAIDT PARKER",,,,"aj001651","700134407r","asociacion hogar de niños arturo prat","servicios sociales con alojamiento"
"7c412e4c2a4d92cfc66aa90088e7142a","PATRICIO DE LA FUENTE",,,,"am001761","798009001r","Transportes Delfos SpA","Transporte de pasajeros"
"7c412e4c2a4d92cfc66aa90088e7142a","PATRICIO DE LA FUENTE",,,,"am001771","798009001r","Transportes Delfos SpA","Transporte de pasajeros"
"7cefb9e9a8c799e01d2af4136cd34086","Patricia Castro Fainé",,,,"am001211821","658406701r","Junta de Vecinos A-14 ""Parque Mons. Escrivá de Balaguer""","Junta de Vecinos"
"7e66d4ad8124b76a554616f501c3076f","Luis Levio Lienqieo",,,,"ap0011131","650597141r","Comité de Vivienda Los Kiwis","Comité de Vivienda"
"80372b0bedd9de9c6ac216bcf5940b21","JOSE LUIS D´AVILA MOLINA",,,,"ad022901","07689002000189p","EMBRAER DEFENSA & SEGURIDAD","IND E COM AVIONES Y SISTEMAS DE DEFENSA"
"8493f2606b7250e117bed9442b0d1b90","Guillermo Guell Eyquem",,,,"ar001391","137f01c28550a213a7bf232ba23ecbc4","Agricola Hacienda Canteras",""
"87928a9e11835d1126025e1b7069c0bf","Giuliano Michel Reynuaba Salas",,,,"ah002551","125965016r","Sindicato de Armadores de Caldera, III Región","Organización Sindical"
"87fb7f97e8e8500efc978e1ea3ba3f82","josé miguel torres  toral",,,,"an002851","878455002r","Telefonica Moviles Chile S.A.","OTROS SERV. TELEFONICOS"
"8a788cee74b171ced0afd7b257574540","Claudio Inglesi Nieto",,,,"ak001611","762754533r","TECHPACK S.A.","Inversiones"
"8e967b362c3dcac65a7e600b2bdd0b11","Remigio Heriberto Matus Toledo",,,,"al001471","743481003r","Asociación de Pensionados Montepiados por Accidente en acto de servicio de EFE","Corporación/Fundación"
"925860c5fee1f80d3389c446ed5270e4","Thomas Keller Lippold",,,,"au002511","f641c10f573f6eb88f145667c43344a1","thomas keller",""
"925860c5fee1f80d3389c446ed5270e4","Thomas Keller Lippold",,,,"au002511","965057609r","Colbún S.A.","Generación Energía Eléctrica"
"93186bc468c308bd69df6a487b6c5f9f","María Elisa Casitllo Niño",,,,"aw0021411","56650571r","Comunidad Carmelitas descalzas del amor misericordioso y de la virgen del Carmen","Religiosas"
"93186bc468c308bd69df6a487b6c5f9f","María Elisa Casitllo Niño",,,,"nr00852014991","651387604r","Carmelitas Descalzas del Amor Misericordioso y de la Virgen del Carmen","Religiosas"
"945ec4297e1c1c786915f358f4775e94","´Guillermo Ponce Miguel",,,,"an002871","78452650kr","VTR","Telecomunicaciones, televisión por cable, internet banda ancha y telefonía"
"964f1cbf527477dd58921b29f48476e5","Andrea Barría Muñoz",,,,"al001181","760310719r","salcobrand SA","Farmacia"
"96ad0e852d7ec52e1694cf62a36c973c","Maria Eugenia Valle Ponce",,,,"ao001531","98adef7d7874b2393671492af8f4b489","Colegio de Cirujano Dentistas de Chile A.G.",""
"9836f448105f537e22c0a3e85bbb206e","Marcela Andrea Campos Parada",,,,"aw0021061","761592858r","Ceilom - Centro de Investigación y Desarrollo de Lombricultura","Asesoría y Capacitación."
"99b130da3e8460912af984647c1be3b5","Carmen Schmitt Yoma",,,,"am001211821","658406701r","Junta de Vecinos A-14 ""Parque Mons. Escrivá de Balaguer""","Junta de Vecinos"
"9c63fbd21de0d057b587a2aa3ac3c869","Victor Valencia Baier",,,,"ar001391","137f01c28550a213a7bf232ba23ecbc4","Agricola Hacienda Canteras",""
"9da0adec141b9bacb71f15e95c0cd1bf","Hernán Aristides Winter Levicoy",,,,"al002221","818674007r","Federación de Tripulantes de Chile","Sindical"
"9da0adec141b9bacb71f15e95c0cd1bf","Hernán Aristides Winter Levicoy",,,,"al001401","818674007r","Federación de Tripulantes de Chile","Sindical"
"9e01c3bdb6cdaf78317d2b93c51c555d","Sergio Contador Valenzuela",,,,"ab093141","657261602r"," CONATACOCH C.G"," GREMIAL"
"a06a11af3a1b1e4f5eac2b10857fcb13","Fernando Silva",,,,"au002561","760494186r","ENERGEN CHILE SA","Servicios de ingeniería y eficiencia energética"
"a085a012a07114a1f762d28f57e65161","Consuelo Astudillo Llevul",,,,"ap0011131","650628497r","Comité de vivienda Las Violetas","Comité de vivienda"
"a0875f165a719f72648ecd0b9ebce522","José Muñoz Sandoval",,,,"ab001591","96623220kr","Volterra S.A.","Comercialización y producción de astillas de madera"
"a1b370af587153d49e4feb2de6b5f56e","José Pedro Ogaz Espinoza",,,,"nr0021391","652547109r","Cuerpo de Bomberos del Maipo","Utilidad Pública"
"a26806dce7582b03501d36e35f6de3e9","SinInformacion SinInformacion",,,,"ad022901","07689002000189p","EMBRAER DEFENSA & SEGURIDAD","IND E COM AVIONES Y SISTEMAS DE DEFENSA"
"a26806dce7582b03501d36e35f6de3e9","SinInformacion SinInformacion",,,,"nr0051271","717787005r","Corporación Nacional de Colegios Particulares / CONACEP A.G.","Agrupación gremial que reúne a sostenedores de establecimientos educacionales particulares , tanto subvencionados como pagados."
"a26806dce7582b03501d36e35f6de3e9","SinInformacion SinInformacion",,,,"nr0051361","813921006r","SOCIEDAD NACIONAL DE AGRICULTURA","FEDERACION GREMIAL"
"a26806dce7582b03501d36e35f6de3e9","SinInformacion SinInformacion",,,,"ak001692601","823148003r","Asociación de Notarios, Conservadores y Archiveros Judicales de Chile"," Asociación de Auxilares de la administración de justicia"
"a26806dce7582b03501d36e35f6de3e9","SinInformacion SinInformacion",,,,"nr0051301","727258000r","Confederación Nacional De Taxis Colectivos De Chile","Gremial"
"a3f9d2b34c1cd23ff338fd5bec03d89e","Cristina Castro",,,,"al002191","87b59cd434be824d62f5a3cff3955d35","Asociacion Nacional Receptores Judiciales",""
"a42443a20bdd946c3eeb5bc5a5fc2562","rigoberto bahamonde",,,,"an0011181","760624942r","Systech Chile Limitada","Revision tecnica"
"a53f211b812965ba3a575dbfbde0d83e","Patricio LópezPichipil",,,,"ao001531","98adef7d7874b2393671492af8f4b489","Colegio de Cirujano Dentistas de Chile A.G.",""
"a53f211b812965ba3a575dbfbde0d83e","Patricio LópezPichipil",,,,"ao001531","829554003r","COLEGIO DE CIRUJANO DENTISTAS DE CHILE A.G . CONSEJO REGIONAL IQUIQUE","SALUD"
"a5d56badf9d5b3954f6fcabf19de39bb","Patricio Muller Vicuña",,,,"au002561","760494186r","ENERGEN CHILE SA","Servicios de ingeniería y eficiencia energética"
"a69742323c34b186f190920f203e312e","Carmen Miranda Aravena",,,,"an002861","655260404r","Sindicato Nacional de Ingenieros Entel PCS S.A.","Sindicato"
"a72d7a2798f1fbf81a658f501c342196","Javiera Lagos Quintiqueo",,,,"ap0011131","650597141r","Comité de Vivienda Los Kiwis","Comité de Vivienda"
"a77ea0341edf857fdd6f1c2ecd9af47b","CARLOS ALBERTO RUIZ ARTIGAS",,,,"aj001651","700134407r","asociacion hogar de niños arturo prat","servicios sociales con alojamiento"
"a7d697cc8048d6de36abd4c7cf563c92","Patricio sabag",,,,"au002571","703462006r","Asociación Canalistas Canal Zañartu","Riego Agrícola"
"a7e4740b253e73ec5a32346af0bfa065","Patricio Herman",,,,"am001211821","658406701r","Junta de Vecinos A-14 ""Parque Mons. Escrivá de Balaguer""","Junta de Vecinos"
"a83fc9cac5969b280df80ef884b40204","Armando Aranciba Calderon",,,,"ak001601","823148003r","Asociación de Notarios, Conservadores y Archiveros Judicales de Chile"," Asociación de Auxilares de la administración de justicia"
"a83fc9cac5969b280df80ef884b40204","Armando Aranciba Calderon",,,,"ak001692601","823148003r","Asociación de Notarios, Conservadores y Archiveros Judicales de Chile"," Asociación de Auxilares de la administración de justicia"
"a935f7896fcc6b75ba6700215f9ece1f","Armando Campos",,,,"al002191","87b59cd434be824d62f5a3cff3955d35","Asociacion Nacional Receptores Judiciales",""
"a9d1a5dfc0b9c31dcd5b655c425090b1","Luis Alberto Domínguez Covarrubias",,,,"an001631","947270001r","Grupo Gtd","Telecomunicaciones"
"aa030878c667ae009db3c5ae244f3b6b","Jaime Olivos",,,,"al002191","87b59cd434be824d62f5a3cff3955d35","Asociacion Nacional Receptores Judiciales",""
"abee22848036c375156b901c1def6099","Eduardo Aceituno",,,,"ad022911","111111111r","Prince Street Capital Management","-"
"ac04c261061e9c06f3b0d1384bab970f","Juan Gutiérrez Cruz",,,,"al001471","743481003r","Asociación de Pensionados Montepiados por Accidente en acto de servicio de EFE","Corporación/Fundación"
"aca17487aee63f7baa7d1316d7c9a7ce","Jorge Wenseslao Mella Cea",,,,"al001471","743481003r","Asociación de Pensionados Montepiados por Accidente en acto de servicio de EFE","Corporación/Fundación"
"ada90dd6d853974d571349d619d5ac79","Luis Maldonado",,,,"ak001601","823148003r","Asociación de Notarios, Conservadores y Archiveros Judicales de Chile"," Asociación de Auxilares de la administración de justicia"
"ada90dd6d853974d571349d619d5ac79","Luis Maldonado",,,,"ak001692601","823148003r","Asociación de Notarios, Conservadores y Archiveros Judicales de Chile"," Asociación de Auxilares de la administración de justicia"
"ae1e7f5cd7c697ea33bcf388fe03fe0a","Betzabeth Marin",,,,"al002111","2174a59694bad868b92756fad31b6c99","Unión Nacional de Trabajadoras y Trabajadores Públicos a Honorarios",""
"ae1e7f5cd7c697ea33bcf388fe03fe0a","Betzabeth Marin",,,,"al002111","492ed8404ac090611d1d4054163402d6","Federación de Trabajadores Públicos a Honorarios",""
"ae1e7f5cd7c697ea33bcf388fe03fe0a","Betzabeth Marin",,,,"al002111","87c41ae9732716595623417ae4f123e1","Union Nacional de Trabajadoras y Trabajadores Publicos a Honorarios",""
"ae5fef186f605282b4d0d725d8e77a05","Verónica Quintal",,,,"al001171","315f5a3e364a95a94b5b8149632c130d","Coordinadora federación de Sindicatos París- Cencosud",""
"b6ce1907ec3b1d0423f385294df018b8","Pedro Cardenas",,,,"as0011051","765812208r","YAMANA CHILE SERVICIOS SpA","SERVICIOS"
"b7491f43e2d1b826a1e0b3b746da9b15","Alejandro JamesJimenez",,,,"af00111","fe5d7fbfb558d64460018156b6b35457","Mesa de Seguimiento a la Ley 20.500",""
"b76589c226501bee9f52667518786fe5","Mauro Magnani Frugone",,,,"ah011131","650195086r","Federación de Empresas de Turismo de Chile","Federación Gremial"
"b84281d866048c4c808d27a1b2290df8","Samuel Jerardino Etcheverri",,,,"au002521","761789686r","Pacific Solar S.A.","Desarrollo de proyectos de energía renovables"
"b84281d866048c4c808d27a1b2290df8","Samuel Jerardino Etcheverri",,,,"au002521","760169889r","KAS Mercado y Regulación S.A.","Estudios Eléctricos"
"bbc77499ac5c468e6a2829133af82293","Patricio Lorenzo Stuardo Wedam",,,,"an001661","966824301r","Motorola Solutions","Telecomunicaciones"
"be377a9e8a2b7b6ada48ee7289b3e508","Juan Carlos Inostroza Cárcamo",,,,"al002221","818674007r","Federación de Tripulantes de Chile","Sindical"
"be377a9e8a2b7b6ada48ee7289b3e508","Juan Carlos Inostroza Cárcamo",,,,"al001401","818674007r","Federación de Tripulantes de Chile","Sindical"
"be9b9d3231c668880c06294077d5251b","German Level",,,,"ad022911","111111111r","Prince Street Capital Management","-"
"bf28714dbb4422f576b2253d4c9b8153","flavia liberona cespedes",,,,"aw002961","733916001r","FUNDACIÓN PARA LA PROMOCIÓN DEL DESARROLLO SUSTENTABLE (TERRAM)","ESTUDIOS"
"c0adaa0002443c857b5dbb7a2a111ab0","Ricardo Berdicheski Sommerfeld",,,,"al00151","968679902r","IBEROAMERICANA RADIO CHILE S.A.","Radiodifusión"
"c0adaa0002443c857b5dbb7a2a111ab0","Ricardo Berdicheski Sommerfeld",,,,"af001481","968679902r","IBEROAMERICANA RADIO CHILE S.A.","Radiodifusión"
"c369192c5ac4e678286d3c5f32128e28","Angel Rebolledo Lemus",,,,"ah00191","97036000kr","BANCO SANTANDER","BANCARIO"
"c7d985846021c11379f3c7ef7774b128","Felix Brunatto Ravera",,,,"aw0021061","761592858r","Ceilom - Centro de Investigación y Desarrollo de Lombricultura","Asesoría y Capacitación."
"c818830713c49d484df1819ab78fc336","Esteban Alberto Tripodi",,,,"au002521","452769390p","Greenwood Energy","Generación de Energía Eléctrica"
"c914b18c29650f8612049650cdd92a3d","Francisco Aracena Deza",,,,"am00121","766870006r","Asociación Empresas Consultoras de Ingeniería de Chile (AIC)","Asociación de empresas"
"c92aadfcbee1e195f64c6ac7ad2abd86","Eduardo Baez Faundez",,,,"ah01141","854986007r","Novojet Chile Limitada","Operador Mayorista de Turismo"
"c9b6b4f5a9e846d96592ee795c6e74c9","Guillermo Tadeo Miranda Orchard",,,,"au002521","761789686r","Pacific Solar S.A.","Desarrollo de proyectos de energía renovables"
"c9d07308104373d7884ac8ed23a2a621","Francisco AlvarezColoma",,,,"al001171","315f5a3e364a95a94b5b8149632c130d","Coordinadora federación de Sindicatos París- Cencosud",""
"cacb667ef850abcdcde719faacabe4c6","ANDRES SANTACRUZ",,,,"ae001451","700026604r","Confederación de la Producción y del Comercio","Gremio Empresarial"
"cbc7cf4a259a80b849eccfc050e638ab","María Valeria González Schulz",,,,"an002881","789216908r","WOM S.A.","Telecomunicaciones"
"cc0c4eed49d565f853b498627d1dfd34","Jaime AcuñaDAvino",,,,"ao001531","98adef7d7874b2393671492af8f4b489","Colegio de Cirujano Dentistas de Chile A.G.",""
"cd85a9bd7fcc57a1aae2c6b8ba69a6a5","Takahiro Ueno",,,,"nr00822014991","699036005r","Embajada de Japón","embajada"
"cd85a9bd7fcc57a1aae2c6b8ba69a6a5","Takahiro Ueno",,,,"nr00822014991","96623220kr","Volterra S.A.","Comercialización y producción de astillas de madera"
"cf85782d827f0dc1fdb5ea7dac35dc6e","David Jimenez",,,,"ba001941","657083402r","Federacion Esgrima","Deportivo"
"cf9699c3892aa4b96ec2bc703b62dfff","José Cisternas",,,,"af00111","30b2b38061a872ac0163beedcfcd278a","Asociación chilena de voluntarios",""
"d138eb9e21a8ad90dad0905452f502ec","Galdino besomi sani",,,,"an002821","700598004r","Radio Club de Chile","RadioComunicaciones"
"d2fb620fc9902c1483e2d0c5334d3d67","Alvaro Soto",,,,"ba001941","657083402r","Federacion Esgrima","Deportivo"
"d5f05573f3859dc7b0eb1803817a99cc","Eduardo Hernandez",,,,"ab001591","914400007r","Forestal Mininco S.A.","Forestal"
"d839d73e3dea6ee678064769ca4b758e","Tatiana Muñoz",,,,"al002191","87b59cd434be824d62f5a3cff3955d35","Asociacion Nacional Receptores Judiciales",""
"d86ff6696e6d765ef029c70b34e86e76","RODRIGO GUERRA",,,,"ad008201","126889178r","ROLLER GROUP LIMITADA","COMERCIALIZADORA INDUSTRIAL"
"d8802125c66a8655f60eaa4bef9e52c7","Manuel Gajardo",,,,"an002841","857838009r","Complejo manufacturero de equipos telefonicos S.A.","Telecomunicaciones"
"d9623140105bbe910802916d2361eecc","SHIGEHARU ORIHARA",,,,"nr00822014991","699036005r","Embajada de Japón","embajada"
"d9623140105bbe910802916d2361eecc","SHIGEHARU ORIHARA",,,,"nr00822014991","96623220kr","Volterra S.A.","Comercialización y producción de astillas de madera"
"d9cc10d9189020523dcd4e681fccecd7","karoline lorena faundez zapata",,,,"nr0021301","726144001r","ASOCIACIÓN DE FUNCIONARIOS DE LA SALUD DE RECOLETA","OTRAS ASOCIACIONES"
"dc6bb53e651e614528492a6abe29b594","Marc Strahm",,,,"an0011161","2021002098p","Exportkreditnämnden","Financiero"
"dcf453de6862d8a3caa1fbaf17c36ecb","Olga Yolanda Alvarez Leiva",,,,"nr0021041","f27c0c941d54b140a91e0d47d1f94dbd","ASOCIACIÓN DE ABOGADOS MUNICIPALES DE CHILE",""
"dd323e6e0693328830fb839b7a8216bc","patricio cáceres viedma",,,,"an002851","878455002r","Telefonica Moviles Chile S.A.","OTROS SERV. TELEFONICOS"
"dd8192f6356b0c61edf4976a2a29a743","Hernan Federico Farace",,,,"au002521","452769390p","Greenwood Energy","Generación de Energía Eléctrica"
"ddc1e1c45febf5de76674344ea45f94c","Edison Cura Calvio",,,,"ap0011131","650628497r","Comité de vivienda Las Violetas","Comité de vivienda"
"de1542badd890d2ab7aac3714f9cd978","Jakob Kiefer",,,,"an0011161","699058009r","EMBAJADA DE SUECIA","DIPLOMATICO"
"dfe2777c6924d8d4ed50f238458a17e5","DANIEL HURTADOPAROT",,,,"ae001441","81458500kr","CÁMARA CHILENA DE LA CONSTRUCCIÓN A.G.","ASOCIACIÓN GREMIAL"
"e01622d8f2689c7041a1519b6aa79942","Cristian Arnarldo Rojas Pérez",,,,"an001661","774067205r","Regulación & Mercados - GC","Consultoría"
"e03d401a3011913483c0685add74df29","Rafael Novoa Mombiedro",,,,"ah01141","854986007r","Novojet Chile Limitada","Operador Mayorista de Turismo"
"e0f3174e86f8143725beada5bd1e0e11","Fernando Iñiguez",,,,"ao0011111","826217006r","COLEGIO MEDICO DE CHILE","ASOCIACION GREMIAL"
"e4e30d45dc6f4fe1d4d5047531787f03","Marcelo Dias Fernandes",,,,"an0011151","pasaportep","Deloitte Advisory SpA","SERVICIOS DE AUDITORÍA, CONSULTORÍA TRIBUTARIA, LEGAL Y EN RIESGO"
"e6da2868337551a0535625141cec56df","Gonzalo Gallardo Hurtado",,,,"an002841","857838009r","Complejo manufacturero de equipos telefonicos S.A.","Telecomunicaciones"
"e7f16f9c211d9c8a6b1bfe7bb5d5fc8c","Juan Carlos Valenzuela Herrera",,,,"an001631","902990003r","Telefónica del Sur","Telecomunicaciones"
"e86cbfdbb74ad225330b2c4aa1d34ed9","Mitchel Andrés Zúñiga Henríquez",,,,"an001661","966824301r","Motorola Solutions","Telecomunicaciones"
"e87d04ed9d06d5dd6bc29b1fe0c79f7c","Roberto Celedon Fernandez",,,,"nr00852014991","651387604r","Carmelitas Descalzas del Amor Misericordioso y de la Virgen del Carmen","Religiosas"
"ea25e7a8a5d68b2833ba7dd0f89d3e61","Juan Díaz",,,,"ad022911","111111111r","Prince Street Capital Management","-"
"ea8217abf5f0a893f666a7eeb0eb65fa","Lorena Ángela Arriagada Gálvez",,,,"ah011211","700232107r","Asociación Chilena de Empresas de Turismo A.G.","Asociación Grenial sin fines de lucro"
"eb37b4ff2830924009c47a7339b63928","Therese Rosén",,,,"an0011161","2021002098r","Exportkreditnämnden / EKN","Financiero"
"ed0db9ab16d93315c503e645e0960e83","Alfredo Mario Olguin Castro",,,,"al001471","743481003r","Asociación de Pensionados Montepiados por Accidente en acto de servicio de EFE","Corporación/Fundación"
"ee6a27dfcd56d3f3a0b57d8d4bb501ae","Francisco Donoso Dìaz",,,,"as0011071","125bd2ae8612738fce12ad51e37cfd7e","Iniciativa Agua y Medioambiente",""
"ee8f0fe8d92edb5bd53605168b49f10b","Patricio Donoso Tagle",,,,"ae001441","81458500kr","CÁMARA CHILENA DE LA CONSTRUCCIÓN A.G.","ASOCIACIÓN GREMIAL"
"eea7422145bb7117d9ce64e8d2d74477","Carlos Gallegos",,,,"al001171","315f5a3e364a95a94b5b8149632c130d","Coordinadora federación de Sindicatos París- Cencosud",""
"f44b22295b00333522e3a2bbb1603543","RICARDO SCHOMBURGK U",,,,"am001761","798009001r","Transportes Delfos SpA","Transporte de pasajeros"
"f44b22295b00333522e3a2bbb1603543","RICARDO SCHOMBURGK U",,,,"am001771","798009001r","Transportes Delfos SpA","Transporte de pasajeros"
"f6e90f1fcaf1c76b76dbc80b747019c0","Roberto Ossandón Irarrázabal",,,,"aw0021091","796101008r","Ingeniería de Combustión Bosca Chile S.A.","Fábrica de Productos Metálicos y Exportación"
"f70d85a19a8a62e5eb3712da3dc863ff","JUAN CARLOS  DÖRR ZEGERS",,,,"nr0021281","968635700r","Inmobiliaria Mall Viña del Mar S.A.","Inmobiliaria"
"f95ef85173bef2de4adc0499fd74ae4d","RAFAEL GUILISASTI GANA",,,,"ae001451","700026604r","Confederación de la Producción y del Comercio","Gremio Empresarial"
"faa745f88e99531f842444e5c776670c","Alberto Novoa Pacheco",,,,"al001181","760310719r","salcobrand SA","Farmacia"
"fac4fc2a2188f12c449e0cf6b6b6a842","Rodrigo Bejar Beltran",,,,"ap0011131","658876104r","Comité de Vivienda Villa El Estero","Comité de Vivienda"
"fb48d8409f3e13cea13defa42dd13a51","Luis Opazo Roco",,,,"ah001371","814589005r","Asociación de Bancos e Instituciones Financieras de Chile A.G.","S/I"
"fb905a700728e1c487db39035b7ea8f3","Pablo Redondo Schmitt",,,,"am001211821","658406701r","Junta de Vecinos A-14 ""Parque Mons. Escrivá de Balaguer""","Junta de Vecinos"
"fc312336c5c7d0a8b9e72b31e3f31717","Angela Natalie Guzmán Nuñez",,,,"am001781","65049329kr","Comité Vivienda ""Hogar Feliz""","sin informaión"
"fee79e41861632805482235ee48a954c","Luis Felipe Trenova Celedón",,,,"au002571","703462006r","Asociación Canalistas Canal Zañartu","Riego Agrícola"
"02f30c9e5355c1bb14d53d182660abf1","CRISTIAN CASTILLO ECHEÑIQUE",,,,"ap001231","484f326047b9f39169485f554e886eaa","COMITE DE ALLEGADOS FUTURO ESPERANZA LA REINA",""
"03687126db05148a029240368901d5ef","Apolonia Ratinoff Ratinoff",,,,"an002831","76709180kr","Consultora Apolonia Ratinoff EIRL","Consultores"
"079ab7694efb2c7feea96919730c83dd","Sofía Moreno",,,,"al001461","743255003r","Consejo Minero","Gremio empresarial"
"09739a5b2b334e7b297f22fa4f24c58c","José Salinas Toledo",,,,"al001171","8ac343342d3fee56d12e52911f6d26d4","Coordinadora Federación de sindicatos Cencosud - París",""
"1b75e701bbd25a87468396bc5724b37a","Alvaro Iriarte",,,,"an001641","f85799f49cabd8019e352772f3376e89","Alvaro Iriarte",""
"336ab686c4d32c7d70788f56aad893df","hector alvarez",,,,"ah002551","71269736r","Sindicato armadores III Región","Sindical"
"33823b5e298bea42facf5ae5225b5787","Hugo Hernán Becerra Medina",,,,"an001661","103799171r","motorola solutions s.a","telecomunicaciones"
"33823b5e298bea42facf5ae5225b5787","Hugo Hernán Becerra Medina",,,,"an001661","966824301r","Motorola Solutions","Telecomunicaciones"
"34d01e74d43ea45d8281ccd18cbba9fe","Joaquín Villarino",,,,"al001461","743255003r","Consejo Minero","Gremio empresarial"
"353d851b6329711d69f1dd27b72eb9b3","Daniel Oyarzún",,,,"af00111","4301b03ae0f7fcdcec0ff4ecbc43fb5b","Mesa de seguimiento a la ley 20.500",""
"3839eadeae591e6eb1e683b3cd6fb1e0","Sergio Avendaño",,,,"as0011031","768601402r","Herencia Resources S.A.","Exploracion Minera"
"389ed204a679bd2be78b56744552bbd5","SERGIO CAVAGNAROSANTAMARIA",,,,"ae001441","81458500kr","CÁMARA CHILENA DE LA CONSTRUCCIÓN A.G.","ASOCIACIÓN GREMIAL"
"4804a589a745ef5352bd4c3c6628fbd9","ÁngelRaúl CortesBarraza",,,,"ah002551","5761501kr","AG COQUIMBO","PESCA"
"4bd5b413459eb1e7e7532baf67dc1d91","JaimeEduardo JamettForbes",,,,"al001401","bb4abf7b64e83d4f51f7974a9f91453d","COORDINADORA DE TRABAJADORES FERROVIARIOS",""
"4bd5b413459eb1e7e7532baf67dc1d91","JaimeEduardo JamettForbes",,,,"al002221","818674007r","Federación de Tripulantes de Chile","Sindical"
"4bd5b413459eb1e7e7532baf67dc1d91","JaimeEduardo JamettForbes",,,,"al001401","818674007r","Federación de Tripulantes de Chile","Sindical"
"4fb091b941405e5a1943c74814a6ce2e","Jorge Castañeda",,,,"au002561","760494186r","ENERGEN CHILE SA","Servicios de ingeniería y eficiencia energética"
"7a4329cfd063e134d2c2aeb0c34095a0","Washington Pastén",,,,"al002111","2174a59694bad868b92756fad31b6c99","Unión Nacional de Trabajadoras y Trabajadores Públicos a Honorarios",""
"7a4329cfd063e134d2c2aeb0c34095a0","Washington Pastén",,,,"al002111","87c41ae9732716595623417ae4f123e1","Union Nacional de Trabajadoras y Trabajadores Publicos a Honorarios",""
"7cf81e79897c9440a7815c1928cbea4c","Sergio Oscar Ramirez Ceballos",,,,"nr0021321","783693402r","INGENIERIA Y CONSTRUCCIONES SERINCO LIMITADA","CONSTRUCCION"
"83a424653fcf78cc25a6eaecf619c1e2","Alex Pesso",,,,"af001491","966337605r","Microsoft Chile S.A.","Software"
"84196e313fda3942b8123869dc8ccae2","Carlos Urenda",,,,"al001461","743255003r","Consejo Minero","Gremio empresarial"
"8848245f20872bf3d02708f7377db8a2","Alfredo Martin Illanes",,,,"ak001601","823148003r","Asociación de Notarios, Conservadores y Archiveros Judicales de Chile"," Asociación de Auxilares de la administración de justicia"
"88b906d964b2f9f8b01f544a432975aa","JAVIER ALBERTO HURTADO CICARELLI",,,,"ae001441","81458500kr","CÁMARA CHILENA DE LA CONSTRUCCIÓN A.G.","ASOCIACIÓN GREMIAL"
"914fa56059d13e5c7df7dfc8f53a818d","ManuelJesús ZambraPessini",,,,"ah002551","145897483r","CERCOPESCA, IV Región","cooperativa"
"aec5b1bd85a32465a2915b8acd633882","Maureen Barra",,,,"an002841","857838009r","Complejo manufacturero de equipos telefonicos S.A.","Telecomunicaciones"
"08382472359185e43c3cfd3befec5cf9","Rodrigo Swett Brown",,,,"ad006741","968190202r","Agrícola El Cerrito S.A.","Agricola"
"0c6d1132271af4f3dacc32d7207c31a7","ALEXANDRE LUIS PIRES",,,,"ad022901","07689002000189p","EMBRAER DEFENSA & SEGURIDAD","IND E COM AVIONES Y SISTEMAS DE DEFENSA"
"0c6d1132271af4f3dacc32d7207c31a7","ALEXANDRE LUIS PIRES",,,,"ad008151","76890020002e012p","EMBRAER DEFENSA & SEGURIDAD","AVIONES Y SISTEMAS DE DEFENSA"
"0e43a71f7851854ff77cf7bcb0f916fd","Gustavo Cuevas Manríquez",,,,"nr002781","60678642r","EMBAJADA DE FRANCIA","S/I"
"11d033a99d4893a60c1c404b73cc5b22","Jose Tomas Letelier Vial",,,,"as0011011","760283452r","KINROSS MINERA CHILE LTDA.","MINERIA"
"271f3158d7cffa723ef1d1c4bae9cba8","John Porter",,,,"as0011031","768601402r","Herencia Resources S.A.","Exploracion Minera"
"271f3158d7cffa723ef1d1c4bae9cba8","John Porter",,,,"as0011031","966237503r","Sociedad Contractual Minera Copiapo","Compra y venta de productos mineros e inversiones"
"2ea980fa89f4277920b93bfa3eb4adc7","Mauricio Acevedo Sandoval",,,,"al001181","71695000kr","FEDERACION NACIONAL DE SINDICATOS DE TRABAJADORES DE LAS EMPRESAS FARMACEUTICAS DE CHILE","Organización sindical"
"2fbd05ee370256dd78133328716603a0","Claudio Melandri Honojosa",,,,"ah00191","97036000kr","BANCO SANTANDER","BANCARIO"
"311ad267b616c97cf09111e495b89db1","Javier Barría Vera",,,,"an002851","878455002r","Telefonica Moviles Chile S.A.","OTROS SERV. TELEFONICOS"
"311ad267b616c97cf09111e495b89db1","Javier Barría Vera",,,,"an002851","906350009r","Telefonica SA","Telecomunicaciones"
"32d009de9faf9c9edacdf2b8b4f177a0","Gustavo Castellano",,,,"aw00281","724562000r","ANAC (Asociacion Gremial Automotriz de Chile)","GREMIO"
"4d0db425bde598af05a4bfd951d91359","JuanDomingo SilvaReyes",,,,"al002111","2174a59694bad868b92756fad31b6c99","Unión Nacional de Trabajadoras y Trabajadores Públicos a Honorarios",""
"4d0db425bde598af05a4bfd951d91359","JuanDomingo SilvaReyes",,,,"al002111","2b11854f6c210e29fd01011ab3763e8f","Unión Nacional de Trabaj@dores públicos a honorarios",""
"4d0db425bde598af05a4bfd951d91359","JuanDomingo SilvaReyes",,,,"al002111","492ed8404ac090611d1d4054163402d6","Federación de Trabajadores Públicos a Honorarios",""
"4d0db425bde598af05a4bfd951d91359","JuanDomingo SilvaReyes",,,,"al002111","87c41ae9732716595623417ae4f123e1","Union Nacional de Trabajadoras y Trabajadores Publicos a Honorarios",""
"5013c8ac382883cbb83b5fecc65bac1e","Alvaro Cruz",,,,"ab001591","966378107r","BOSQUES CAUTIN S.A..","Forestación y Explotación de Bosques"
"59f058a52f5d65b6fa051fac366560c2","Héctor Sandoval Gallegos",,,,"ab093141","657261602r"," CONATACOCH C.G"," GREMIAL"
"5b8f6e6e0b14696e2db1cf3dc920a723","Luis Arturo Parada Acevedo",,,,"am001781","721091007r","COMITE APR BATUCO SANTA SARA","PRODUCCION Y DISTRIBUCION DE AGUA POTABLE"
"5caed07fd27fc0c5f7ebfd17cc4f8231","Juan Alfonso Cedeño Quijada",,,,"al001471","743481003r","Asociación de Pensionados Montepiados por Accidente en acto de servicio de EFE","Corporación/Fundación"
"603b1826425d61dd46019bdad082c540","Roberto Eduardo Broschek López",,,,"an0011161","699058009r","EMBAJADA DE SUECIA","DIPLOMATICO"
"68d2ba17e54cd9501f5fa8a8214fa266","Oscar Figueroa López",,,,"al001171","802f5859a0aed2ff2a30743d62058798","Coordinadora Federación de sindicatos Cencosud-París",""
"74902a4a8f99c8505ca49c1e609eb75a","Marcelo Seguradiaz",,,,"ah002551","112913858r","SIPES MAFESA Coronel","Organización Gremial"
"77c896ecdb4252f2e8168142f7373b7a","José Alberto Tijoux Ramírez",,,,"an002821","78439246r","Radio Club de Chile","Institución sin fines de lucro"
"994fdeab7e11a7b4af0e7c2e635feb2a","LUIS MIGUEL DE PABLO",,,,"am001811","968144308r","Abertis Autopistas Chile S.A.","Obras de Ingeniería"
"9dc215a297a2b7a1513fc5adaed857ad","Celedonio Von Wuthenau",,,,"an002891","909430003r","Alcatel-Lucent de Chile S.A.","Telecomunicaciones"
"ae307ad89cbc11f4279a0e4aee37d5dd","Daniel Andrés Rodríguez Claverol",,,,"nr00852014991","651387604r","Carmelitas Descalzas del Amor Misericordioso y de la Virgen del Carmen","Religiosas"
"af49729a21efd1f453f1294c687c8b52","Juan Esteban Laval Zaldívar",,,,"ah001371","814589005r","Asociación de Bancos e Instituciones Financieras de Chile A.G.","S/I"
"af79b2aab6f67ca6a376f5634184925f","EDUARDO LARRABE",,,,"am001811","81458500kr","CÁMARA CHILENA DE LA CONSTRUCCIÓN A.G.","ASOCIACIÓN GREMIAL"
"b1243e46feaa3333c822bbd17f05f2eb","Domingo Wilfredo Riquelme Sandoval",,,,"al001471","743481003r","Asociación de Pensionados Montepiados por Accidente en acto de servicio de EFE","Corporación/Fundación"
"e6fd728dfb6229cd69f3cde750e8b495","PABLO ANDRÉS TAPIA PINTO",,,,"ab002731","2174a59694bad868b92756fad31b6c99","Unión Nacional de Trabajadoras y Trabajadores Públicos a Honorarios",""
"e6fd728dfb6229cd69f3cde750e8b495","PABLO ANDRÉS TAPIA PINTO",,,,"al002111","282585f36ee79c98713aff0b32c91526","Unión NAcional de Trabajadoras y Trabajadores Públicos a Honorarios",""
"e6fd728dfb6229cd69f3cde750e8b495","PABLO ANDRÉS TAPIA PINTO",,,,"al002111","2b11854f6c210e29fd01011ab3763e8f","Unión Nacional de Trabaj@dores públicos a honorarios",""
"e6fd728dfb6229cd69f3cde750e8b495","PABLO ANDRÉS TAPIA PINTO",,,,"al002111","492ed8404ac090611d1d4054163402d6","Federación de Trabajadores Públicos a Honorarios",""
"e6fd728dfb6229cd69f3cde750e8b495","PABLO ANDRÉS TAPIA PINTO",,,,"al002111","87c41ae9732716595623417ae4f123e1","Union Nacional de Trabajadoras y Trabajadores Publicos a Honorarios",""
"38706441427ffd34e2296fe935835620","Naoto Nikai",,,,"nr00822014991",,,
"9ad16b36a662a9cc0eb1fcdfa66c338d","Luis Buffa",,,,"aw002971",,,
"a1b370af587153d49e4feb2de6b5f56e","José Pedro Ogaz Espinoza",,,,"nr002961",,,
"a26806dce7582b03501d36e35f6de3e9","SinInformacion SinInformacion",,,,"nr0051011",,,
"1764330c8d45d205fec3b8a4b24b98c0","Felipe Saavedra",,,,"aw002971",,,
"4e134490c8c84820522755c09f3cad8c","Pedro Ruano",,,,"an001641",,,
"7cd27bb6067b7a8161bb10b6cd6d1d5e","Mika Sato",,,,"aw00281",,,
"82b5a255a11f8990d66eefea21cc9084","Ximena Puente de la Mora",,,,"ct00161",,,
"8bd66b3e5341a1f8fde684cb77559f41","Marcio Takao",,,,"aw00281",,,
"b070b53dc06be76be4ed334fa44e6146","Christian Asinelli",,,,"am001791",,,
"b083736f43728d26264a2135497e660e","Luciano Ribeiro",,,,"aw00281",,,
"b7ff7093e36fc52a078b4675ad27cf2a","Taeko Kondo",,,,"aw00281",,,
"d3cff9b73c3a417a1c0ac94eaff94b8e","Tatsuichi Koide",,,,"aw00281",,,
"f8a72f7d69f1c1153d161b0a6b21c087","Victor Klejman",,,,"an002831",,,
"62eb744251433e911e008101588d40d3","Alejandro García Huidobro Sanfuentes",,,,"nr00842014991",,,
"4dc4407301835a0af885c4384f9b7c27","Paula Isabel Sánchez Cabello",,,,"nr00852014991",,,
"9f5655920efc04d4c66b04667b8fe908","Juan Fernando Opazo De la Fuente",,,,"nr0082201481",,,
"fc8f969e9b9960cc074426f0ecf17216","Eugenio Benítez",,,,"nr0021211",,,
